code,date,decision,ALDnBS
510880.SS,2010-01-04C,Empty,
510880.SS,2010-01-05A,Long,
510880.SS,2010-01-05C,Long,
510880.SS,2010-01-06A,Long,
510880.SS,2010-01-06C,Long,
510880.SS,2010-01-07A,Empty,
510880.SS,2010-01-07C,Empty,
510880.SS,2010-01-08A,Empty,
510880.SS,2010-01-08C,Empty,
510880.SS,2010-01-11A,Long,
510880.SS,2010-01-11C,Empty,
510880.SS,2010-01-12A,Empty,
510880.SS,2010-01-12C,Long,
510880.SS,2010-01-13A,Empty,
510880.SS,2010-01-13C,Empty,
510880.SS,2010-01-14A,Empty,
510880.SS,2010-01-14C,Empty,
510880.SS,2010-01-15A,Empty,
510880.SS,2010-01-15C,Empty,
510880.SS,2010-01-18A,Empty,
510880.SS,2010-01-18C,Long,
510880.SS,2010-01-19A,Long,
510880.SS,2010-01-19C,Long,
510880.SS,2010-01-20A,Long,
510880.SS,2010-01-20C,Empty,
510880.SS,2010-01-21A,Empty,
510880.SS,2010-01-21C,Empty,
510880.SS,2010-01-22A,Empty,
510880.SS,2010-01-22C,Empty,
510880.SS,2010-01-25A,Empty,
510880.SS,2010-01-25C,Empty,
510880.SS,2010-01-26A,Empty,
510880.SS,2010-01-26C,Empty,
510880.SS,2010-01-27A,Empty,
510880.SS,2010-01-27C,Empty,
510880.SS,2010-01-28A,Empty,
510880.SS,2010-01-28C,Empty,
510880.SS,2010-01-29A,Empty,
510880.SS,2010-01-29C,Empty,
510880.SS,2010-02-01A,Empty,
510880.SS,2010-02-01C,Empty,
510880.SS,2010-02-02A,Empty,
510880.SS,2010-02-02C,Empty,
510880.SS,2010-02-03A,Empty,
510880.SS,2010-02-03C,Long,
510880.SS,2010-02-04A,Empty,
510880.SS,2010-02-04C,Long,
510880.SS,2010-02-05A,Empty,
510880.SS,2010-02-05C,Empty,
510880.SS,2010-02-08A,Empty,
510880.SS,2010-02-08C,Empty,
510880.SS,2010-02-09A,Empty,
510880.SS,2010-02-09C,Empty,
510880.SS,2010-02-10A,Long,
510880.SS,2010-02-10C,Long,
510880.SS,2010-02-11A,Long,
510880.SS,2010-02-11C,Long,
510880.SS,2010-02-12A,Long,
510880.SS,2010-02-12C,Long,
510880.SS,2010-02-22A,Long,
510880.SS,2010-02-22C,Long,
510880.SS,2010-02-23A,Long,
510880.SS,2010-02-23C,Long,
510880.SS,2010-02-24A,Empty,
510880.SS,2010-02-24C,Long,
510880.SS,2010-02-25A,Long,
510880.SS,2010-02-25C,Long,
510880.SS,2010-02-26A,Long,
510880.SS,2010-02-26C,Long,
510880.SS,2010-03-01A,Long,
510880.SS,2010-03-01C,Long,
510880.SS,2010-03-02A,Long,
510880.SS,2010-03-02C,Long,
510880.SS,2010-03-03A,Long,
510880.SS,2010-03-03C,Long,
510880.SS,2010-03-04A,Long,
510880.SS,2010-03-04C,Empty,
510880.SS,2010-03-05A,Empty,
510880.SS,2010-03-05C,Empty,
510880.SS,2010-03-08A,Empty,
510880.SS,2010-03-08C,Long,
510880.SS,2010-03-09A,Long,
510880.SS,2010-03-09C,Long,
510880.SS,2010-03-10A,Long,
510880.SS,2010-03-10C,Long,
510880.SS,2010-03-11A,Long,
510880.SS,2010-03-11C,Long,
510880.SS,2010-03-12A,Long,
510880.SS,2010-03-12C,Empty,
510880.SS,2010-03-15A,Empty,
510880.SS,2010-03-15C,Empty,
510880.SS,2010-03-16A,Empty,
510880.SS,2010-03-16C,Empty,
510880.SS,2010-03-17A,Empty,
510880.SS,2010-03-17C,Long,
510880.SS,2010-03-18A,Long,
510880.SS,2010-03-18C,Long,
510880.SS,2010-03-19A,Long,
510880.SS,2010-03-19C,Long,
510880.SS,2010-03-22A,Long,
510880.SS,2010-03-22C,Long,
510880.SS,2010-03-23A,Long,
510880.SS,2010-03-23C,Empty,
510880.SS,2010-03-24A,Empty,
510880.SS,2010-03-24C,Empty,
510880.SS,2010-03-25A,Empty,
510880.SS,2010-03-25C,Empty,
510880.SS,2010-03-26A,Empty,
510880.SS,2010-03-26C,Long,
510880.SS,2010-03-29A,Long,
510880.SS,2010-03-29C,Long,
510880.SS,2010-03-30A,Long,
510880.SS,2010-03-30C,Long,
510880.SS,2010-03-31A,Long,
510880.SS,2010-03-31C,Long,
510880.SS,2010-04-01A,Long,
510880.SS,2010-04-01C,Long,
510880.SS,2010-04-02A,Long,
510880.SS,2010-04-02C,Long,
510880.SS,2010-04-06A,Long,
510880.SS,2010-04-06C,Long,
510880.SS,2010-04-07A,Long,
510880.SS,2010-04-07C,Long,
510880.SS,2010-04-08A,Long,
510880.SS,2010-04-08C,Empty,
510880.SS,2010-04-09A,Empty,
510880.SS,2010-04-09C,Long,
510880.SS,2010-04-12A,Long,
510880.SS,2010-04-12C,Empty,
510880.SS,2010-04-13A,Empty,
510880.SS,2010-04-13C,Long,
510880.SS,2010-04-14A,Long,
510880.SS,2010-04-14C,Long,
510880.SS,2010-04-15A,Long,
510880.SS,2010-04-15C,Long,
510880.SS,2010-04-16A,Long,
510880.SS,2010-04-16C,Empty,
510880.SS,2010-04-19A,Empty,
510880.SS,2010-04-19C,Empty,
510880.SS,2010-04-20A,Empty,
510880.SS,2010-04-20C,Empty,
510880.SS,2010-04-21A,Empty,
510880.SS,2010-04-21C,Empty,
510880.SS,2010-04-22A,Empty,
510880.SS,2010-04-22C,Empty,
510880.SS,2010-04-23A,Empty,
510880.SS,2010-04-23C,Empty,
510880.SS,2010-04-26A,Empty,
510880.SS,2010-04-26C,Empty,
510880.SS,2010-04-27A,Empty,
510880.SS,2010-04-27C,Empty,
510880.SS,2010-04-28A,Empty,
510880.SS,2010-04-28C,Empty,
510880.SS,2010-04-29A,Empty,
510880.SS,2010-04-29C,Empty,
510880.SS,2010-04-30A,Empty,
510880.SS,2010-04-30C,Empty,
510880.SS,2010-05-04A,Empty,
510880.SS,2010-05-04C,Empty,
510880.SS,2010-05-05A,Empty,
510880.SS,2010-05-05C,Empty,
510880.SS,2010-05-06A,Empty,
510880.SS,2010-05-06C,Empty,
510880.SS,2010-05-07A,Empty,
510880.SS,2010-05-07C,Empty,
510880.SS,2010-05-10A,Empty,
510880.SS,2010-05-10C,Empty,
510880.SS,2010-05-11A,Empty,
510880.SS,2010-05-11C,Empty,
510880.SS,2010-05-12A,Empty,
510880.SS,2010-05-12C,Empty,
510880.SS,2010-05-13A,Empty,
510880.SS,2010-05-13C,Long,
510880.SS,2010-05-14A,Long,
510880.SS,2010-05-14C,Long,
510880.SS,2010-05-17A,Empty,
510880.SS,2010-05-17C,Empty,
510880.SS,2010-05-18A,Empty,
510880.SS,2010-05-18C,Empty,
510880.SS,2010-05-19A,Empty,
510880.SS,2010-05-19C,Empty,
510880.SS,2010-05-20A,Empty,
510880.SS,2010-05-20C,Empty,
510880.SS,2010-05-21A,Empty,
510880.SS,2010-05-21C,Long,
510880.SS,2010-05-24A,Long,
510880.SS,2010-05-24C,Long,
510880.SS,2010-05-25A,Long,
510880.SS,2010-05-25C,Long,
510880.SS,2010-05-26A,Long,
510880.SS,2010-05-26C,Long,
510880.SS,2010-05-27A,Long,
510880.SS,2010-05-27C,Long,
510880.SS,2010-05-28A,Long,
510880.SS,2010-05-28C,Long,
510880.SS,2010-05-31A,Long,
510880.SS,2010-05-31C,Empty,
510880.SS,2010-06-01A,Empty,
510880.SS,2010-06-01C,Empty,
510880.SS,2010-06-02A,Empty,
510880.SS,2010-06-02C,Empty,
510880.SS,2010-06-03A,Empty,
510880.SS,2010-06-03C,Empty,
510880.SS,2010-06-04A,Empty,
510880.SS,2010-06-04C,Empty,
510880.SS,2010-06-07A,Empty,
510880.SS,2010-06-07C,Empty,
510880.SS,2010-06-08A,Empty,
510880.SS,2010-06-08C,Empty,
510880.SS,2010-06-09A,Empty,
510880.SS,2010-06-09C,Long,
510880.SS,2010-06-10A,Long,
510880.SS,2010-06-10C,Long,
510880.SS,2010-06-11A,Long,
510880.SS,2010-06-11C,Long,
510880.SS,2010-06-17A,Long,
510880.SS,2010-06-17C,Empty,
510880.SS,2010-06-18A,Empty,
510880.SS,2010-06-18C,Empty,
510880.SS,2010-06-21A,Empty,
510880.SS,2010-06-21C,Long,
510880.SS,2010-06-22A,Long,
510880.SS,2010-06-22C,Long,
510880.SS,2010-06-23A,Long,
510880.SS,2010-06-23C,Long,
510880.SS,2010-06-24A,Long,
510880.SS,2010-06-24C,Long,
510880.SS,2010-06-25A,Long,
510880.SS,2010-06-25C,Empty,
510880.SS,2010-06-28A,Empty,
510880.SS,2010-06-28C,Empty,
510880.SS,2010-06-29A,Empty,
510880.SS,2010-06-29C,Empty,
510880.SS,2010-06-30A,Empty,
510880.SS,2010-06-30C,Empty,
510880.SS,2010-07-01A,Empty,
510880.SS,2010-07-01C,Empty,
510880.SS,2010-07-02A,Empty,
510880.SS,2010-07-02C,Empty,
510880.SS,2010-07-05A,Empty,
510880.SS,2010-07-05C,Empty,
510880.SS,2010-07-06A,Empty,
510880.SS,2010-07-06C,Empty,
510880.SS,2010-07-07A,Empty,
510880.SS,2010-07-07C,Empty,
510880.SS,2010-07-08A,Empty,
510880.SS,2010-07-08C,Empty,
510880.SS,2010-07-09A,Long,
510880.SS,2010-07-09C,Long,
510880.SS,2010-07-12A,Long,
510880.SS,2010-07-12C,Long,
510880.SS,2010-07-13A,Long,
510880.SS,2010-07-13C,Long,
510880.SS,2010-07-14A,Long,
510880.SS,2010-07-14C,Long,
510880.SS,2010-07-15A,Long,
510880.SS,2010-07-15C,Empty,
510880.SS,2010-07-16A,Empty,
510880.SS,2010-07-16C,Empty,
510880.SS,2010-07-19A,Empty,
510880.SS,2010-07-19C,Long,
510880.SS,2010-07-20A,Long,
510880.SS,2010-07-20C,Long,
510880.SS,2010-07-21A,Long,
510880.SS,2010-07-21C,Long,
510880.SS,2010-07-22A,Long,
510880.SS,2010-07-22C,Long,
510880.SS,2010-07-23A,Long,
510880.SS,2010-07-23C,Long,
510880.SS,2010-07-26A,Long,
510880.SS,2010-07-26C,Long,
510880.SS,2010-07-27A,Long,
510880.SS,2010-07-27C,Long,
510880.SS,2010-07-28A,Long,
510880.SS,2010-07-28C,Long,
510880.SS,2010-07-29A,Long,
510880.SS,2010-07-29C,Long,
510880.SS,2010-07-30A,Long,
510880.SS,2010-07-30C,Long,
510880.SS,2010-08-02A,Long,
510880.SS,2010-08-02C,Long,
510880.SS,2010-08-03A,Long,
510880.SS,2010-08-03C,Long,
510880.SS,2010-08-04A,Long,
510880.SS,2010-08-04C,Long,
510880.SS,2010-08-05A,Long,
510880.SS,2010-08-05C,Empty,
510880.SS,2010-08-06A,Empty,
510880.SS,2010-08-06C,Long,
510880.SS,2010-08-09A,Long,
510880.SS,2010-08-09C,Long,
510880.SS,2010-08-10A,Long,
510880.SS,2010-08-10C,Empty,
510880.SS,2010-08-11A,Empty,
510880.SS,2010-08-11C,Empty,
510880.SS,2010-08-12A,Empty,
510880.SS,2010-08-12C,Empty,
510880.SS,2010-08-13A,Empty,
510880.SS,2010-08-13C,Empty,
510880.SS,2010-08-16A,Empty,
510880.SS,2010-08-16C,Long,
510880.SS,2010-08-17A,Long,
510880.SS,2010-08-17C,Long,
510880.SS,2010-08-18A,Long,
510880.SS,2010-08-18C,Long,
510880.SS,2010-08-19A,Long,
510880.SS,2010-08-19C,Long,
510880.SS,2010-08-20A,Long,
510880.SS,2010-08-20C,Empty,
510880.SS,2010-08-23A,Empty,
510880.SS,2010-08-23C,Empty,
510880.SS,2010-08-24A,Empty,
510880.SS,2010-08-24C,Empty,
510880.SS,2010-08-25A,Empty,
510880.SS,2010-08-25C,Empty,
510880.SS,2010-08-26A,Empty,
510880.SS,2010-08-26C,Empty,
510880.SS,2010-08-27A,Empty,
510880.SS,2010-08-27C,Empty,
510880.SS,2010-08-30A,Empty,
510880.SS,2010-08-30C,Long,
510880.SS,2010-08-31A,Empty,
510880.SS,2010-08-31C,Empty,
510880.SS,2010-09-01A,Empty,
510880.SS,2010-09-01C,Empty,
510880.SS,2010-09-02A,Long,
510880.SS,2010-09-02C,Long,
510880.SS,2010-09-03A,Long,
510880.SS,2010-09-03C,Empty,
510880.SS,2010-09-06A,Long,
510880.SS,2010-09-06C,Long,
510880.SS,2010-09-07A,Long,
510880.SS,2010-09-07C,Long,
510880.SS,2010-09-08A,Long,
510880.SS,2010-09-08C,Long,
510880.SS,2010-09-09A,Long,
510880.SS,2010-09-09C,Empty,
510880.SS,2010-09-10A,Empty,
510880.SS,2010-09-10C,Empty,
510880.SS,2010-09-13A,Empty,
510880.SS,2010-09-13C,Long,
510880.SS,2010-09-14A,Long,
510880.SS,2010-09-14C,Empty,
510880.SS,2010-09-15A,Empty,
510880.SS,2010-09-15C,Empty,
510880.SS,2010-09-16A,Empty,
510880.SS,2010-09-16C,Empty,
510880.SS,2010-09-17A,Empty,
510880.SS,2010-09-17C,Empty,
510880.SS,2010-09-20A,Empty,
510880.SS,2010-09-20C,Empty,
510880.SS,2010-09-21A,Empty,
510880.SS,2010-09-21C,Empty,
510880.SS,2010-09-27A,Empty,
510880.SS,2010-09-27C,Empty,
510880.SS,2010-09-28A,Empty,
510880.SS,2010-09-28C,Empty,
510880.SS,2010-09-29A,Empty,
510880.SS,2010-09-29C,Empty,
510880.SS,2010-09-30A,Empty,
510880.SS,2010-09-30C,Long,
510880.SS,2010-10-08A,Long,
510880.SS,2010-10-08C,Long,
510880.SS,2010-10-11A,Long,
510880.SS,2010-10-11C,Long,
510880.SS,2010-10-12A,Long,
510880.SS,2010-10-12C,Long,
510880.SS,2010-10-13A,Long,
510880.SS,2010-10-13C,Long,
510880.SS,2010-10-14A,Long,
510880.SS,2010-10-14C,Long,
510880.SS,2010-10-15A,Long,
510880.SS,2010-10-15C,Long,
510880.SS,2010-10-18A,Long,
510880.SS,2010-10-18C,Long,
510880.SS,2010-10-19A,Long,
510880.SS,2010-10-19C,Long,
510880.SS,2010-10-20A,Long,
510880.SS,2010-10-20C,Long,
510880.SS,2010-10-21A,Long,
510880.SS,2010-10-21C,Long,
510880.SS,2010-10-22A,Long,
510880.SS,2010-10-22C,Long,
510880.SS,2010-10-25A,Long,
510880.SS,2010-10-25C,Long,
510880.SS,2010-10-26A,Long,
510880.SS,2010-10-26C,Long,
510880.SS,2010-10-27A,Long,
510880.SS,2010-10-27C,Long,
510880.SS,2010-10-28A,Empty,
510880.SS,2010-10-28C,Long,
510880.SS,2010-10-29A,Empty,
510880.SS,2010-10-29C,Empty,
510880.SS,2010-11-01A,Empty,
510880.SS,2010-11-01C,Long,
510880.SS,2010-11-02A,Long,
510880.SS,2010-11-02C,Long,
510880.SS,2010-11-03A,Long,
510880.SS,2010-11-03C,Empty,
510880.SS,2010-11-04A,Empty,
510880.SS,2010-11-04C,Long,
510880.SS,2010-11-05A,Long,
510880.SS,2010-11-05C,Long,
510880.SS,2010-11-08A,Long,
510880.SS,2010-11-08C,Long,
510880.SS,2010-11-09A,Long,
510880.SS,2010-11-09C,Long,
510880.SS,2010-11-10A,Long,
510880.SS,2010-11-10C,Empty,
510880.SS,2010-11-11A,Empty,
510880.SS,2010-11-11C,Empty,
510880.SS,2010-11-12A,Empty,
510880.SS,2010-11-12C,Empty,
510880.SS,2010-11-15A,Empty,
510880.SS,2010-11-15C,Empty,
510880.SS,2010-11-16A,Empty,
510880.SS,2010-11-16C,Empty,
510880.SS,2010-11-17A,Empty,
510880.SS,2010-11-17C,Empty,
510880.SS,2010-11-18A,Empty,
510880.SS,2010-11-18C,Empty,
510880.SS,2010-11-19A,Empty,
510880.SS,2010-11-19C,Empty,
510880.SS,2010-11-22A,Empty,
510880.SS,2010-11-22C,Empty,
510880.SS,2010-11-23A,Empty,
510880.SS,2010-11-23C,Empty,
510880.SS,2010-11-24A,Empty,
510880.SS,2010-11-24C,Empty,
510880.SS,2010-11-25A,Empty,
510880.SS,2010-11-25C,Empty,
510880.SS,2010-11-26A,Empty,
510880.SS,2010-11-26C,Empty,
510880.SS,2010-11-29A,Empty,
510880.SS,2010-11-29C,Empty,
510880.SS,2010-11-30A,Empty,
510880.SS,2010-11-30C,Empty,
510880.SS,2010-12-01A,Empty,
510880.SS,2010-12-01C,Empty,
510880.SS,2010-12-02A,Empty,
510880.SS,2010-12-02C,Empty,
510880.SS,2010-12-03A,Empty,
510880.SS,2010-12-03C,Empty,
510880.SS,2010-12-06A,Empty,
510880.SS,2010-12-06C,Empty,
510880.SS,2010-12-07A,Empty,
510880.SS,2010-12-07C,Long,
510880.SS,2010-12-08A,Long,
510880.SS,2010-12-08C,Empty,
510880.SS,2010-12-09A,Empty,
510880.SS,2010-12-09C,Empty,
510880.SS,2010-12-10A,Empty,
510880.SS,2010-12-10C,Empty,
510880.SS,2010-12-13A,Empty,
510880.SS,2010-12-13C,Long,
510880.SS,2010-12-14A,Long,
510880.SS,2010-12-14C,Long,
510880.SS,2010-12-15A,Long,
510880.SS,2010-12-15C,Long,
510880.SS,2010-12-16A,Long,
510880.SS,2010-12-16C,Long,
510880.SS,2010-12-17A,Long,
510880.SS,2010-12-17C,Long,
510880.SS,2010-12-20A,Long,
510880.SS,2010-12-20C,Empty,
510880.SS,2010-12-21A,Empty,
510880.SS,2010-12-21C,Long,
510880.SS,2010-12-22A,Long,
510880.SS,2010-12-22C,Long,
510880.SS,2010-12-23A,Long,
510880.SS,2010-12-23C,Long,
510880.SS,2010-12-24A,Empty,
510880.SS,2010-12-24C,Empty,
510880.SS,2010-12-27A,Empty,
510880.SS,2010-12-27C,Empty,
510880.SS,2010-12-28A,Empty,
510880.SS,2010-12-28C,Empty,
510880.SS,2010-12-29A,Empty,
510880.SS,2010-12-29C,Empty,
510880.SS,2010-12-30A,Empty,
510880.SS,2010-12-30C,Empty,
510880.SS,2010-12-31A,Empty,
510880.SS,2010-12-31C,Empty,
510880.SS,2011-01-04A,Empty,
510880.SS,2011-01-04C,Long,
510880.SS,2011-01-05A,Long,
510880.SS,2011-01-05C,Long,
510880.SS,2011-01-06A,Long,
510880.SS,2011-01-06C,Long,
510880.SS,2011-01-07A,Long,
510880.SS,2011-01-07C,Long,
510880.SS,2011-01-10A,Long,
510880.SS,2011-01-10C,Empty,
510880.SS,2011-01-11A,Empty,
510880.SS,2011-01-11C,Long,
510880.SS,2011-01-12A,Long,
510880.SS,2011-01-12C,Long,
510880.SS,2011-01-13A,Long,
510880.SS,2011-01-13C,Long,
510880.SS,2011-01-14A,Long,
510880.SS,2011-01-14C,Empty,
510880.SS,2011-01-17A,Empty,
510880.SS,2011-01-17C,Empty,
510880.SS,2011-01-18A,Empty,
510880.SS,2011-01-18C,Empty,
510880.SS,2011-01-19A,Empty,
510880.SS,2011-01-19C,Empty,
510880.SS,2011-01-20A,Empty,
510880.SS,2011-01-20C,Empty,
510880.SS,2011-01-21A,Empty,
510880.SS,2011-01-21C,Empty,
510880.SS,2011-01-24A,Empty,
510880.SS,2011-01-24C,Empty,
510880.SS,2011-01-25A,Empty,
510880.SS,2011-01-25C,Empty,
510880.SS,2011-01-26A,Empty,
510880.SS,2011-01-26C,Empty,
510880.SS,2011-01-27A,Empty,
510880.SS,2011-01-27C,Long,
510880.SS,2011-01-28A,Long,
510880.SS,2011-01-28C,Long,
510880.SS,2011-01-31A,Long,
510880.SS,2011-01-31C,Long,
510880.SS,2011-02-01A,Long,
510880.SS,2011-02-01C,Long,
510880.SS,2011-02-09A,Long,
510880.SS,2011-02-09C,Long,
510880.SS,2011-02-10A,Long,
510880.SS,2011-02-10C,Long,
510880.SS,2011-02-11A,Long,
510880.SS,2011-02-11C,Long,
510880.SS,2011-02-14A,Long,
510880.SS,2011-02-14C,Long,
510880.SS,2011-02-15A,Long,
510880.SS,2011-02-15C,Long,
510880.SS,2011-02-16A,Long,
510880.SS,2011-02-16C,Long,
510880.SS,2011-02-17A,Long,
510880.SS,2011-02-17C,Long,
510880.SS,2011-02-18A,Long,
510880.SS,2011-02-18C,Long,
510880.SS,2011-02-21A,Long,
510880.SS,2011-02-21C,Long,
510880.SS,2011-02-22A,Long,
510880.SS,2011-02-22C,Empty,
510880.SS,2011-02-23A,Empty,
510880.SS,2011-02-23C,Empty,
510880.SS,2011-02-24A,Empty,
510880.SS,2011-02-24C,Empty,
510880.SS,2011-02-25A,Long,
510880.SS,2011-02-25C,Long,
510880.SS,2011-02-28A,Long,
510880.SS,2011-02-28C,Long,
510880.SS,2011-03-01A,Long,
510880.SS,2011-03-01C,Long,
510880.SS,2011-03-02A,Long,
510880.SS,2011-03-02C,Long,
510880.SS,2011-03-03A,Long,
510880.SS,2011-03-03C,Long,
510880.SS,2011-03-04A,Long,
510880.SS,2011-03-04C,Long,
510880.SS,2011-03-07A,Long,
510880.SS,2011-03-07C,Long,
510880.SS,2011-03-08A,Long,
510880.SS,2011-03-08C,Long,
510880.SS,2011-03-09A,Long,
510880.SS,2011-03-09C,Long,
510880.SS,2011-03-10A,Long,
510880.SS,2011-03-10C,Empty,
510880.SS,2011-03-11A,Empty,
510880.SS,2011-03-11C,Empty,
510880.SS,2011-03-14A,Empty,
510880.SS,2011-03-14C,Empty,
510880.SS,2011-03-15A,Empty,
510880.SS,2011-03-15C,Empty,
510880.SS,2011-03-16A,Empty,
510880.SS,2011-03-16C,Empty,
510880.SS,2011-03-17A,Empty,
510880.SS,2011-03-17C,Empty,
510880.SS,2011-03-18A,Empty,
510880.SS,2011-03-18C,Empty,
510880.SS,2011-03-21A,Empty,
510880.SS,2011-03-21C,Empty,
510880.SS,2011-03-22A,Empty,
510880.SS,2011-03-22C,Empty,
510880.SS,2011-03-23A,Empty,
510880.SS,2011-03-23C,Long,
510880.SS,2011-03-24A,Long,
510880.SS,2011-03-24C,Long,
510880.SS,2011-03-25A,Long,
510880.SS,2011-03-25C,Long,
510880.SS,2011-03-28A,Long,
510880.SS,2011-03-28C,Long,
510880.SS,2011-03-29A,Long,
510880.SS,2011-03-29C,Long,
510880.SS,2011-03-30A,Long,
510880.SS,2011-03-30C,Long,
510880.SS,2011-03-31A,Long,
510880.SS,2011-03-31C,Empty,
510880.SS,2011-04-01A,Empty,
510880.SS,2011-04-01C,Long,
510880.SS,2011-04-06A,Long,
510880.SS,2011-04-06C,Long,
510880.SS,2011-04-07A,Long,
510880.SS,2011-04-07C,Long,
510880.SS,2011-04-08A,Long,
510880.SS,2011-04-08C,Long,
510880.SS,2011-04-11A,Long,
510880.SS,2011-04-11C,Long,
510880.SS,2011-04-12A,Long,
510880.SS,2011-04-12C,Long,
510880.SS,2011-04-13A,Long,
510880.SS,2011-04-13C,Long,
510880.SS,2011-04-14A,Long,
510880.SS,2011-04-14C,Long,
510880.SS,2011-04-15A,Long,
510880.SS,2011-04-15C,Long,
510880.SS,2011-04-18A,Long,
510880.SS,2011-04-18C,Long,
510880.SS,2011-04-19A,Long,
510880.SS,2011-04-19C,Empty,
510880.SS,2011-04-20A,Empty,
510880.SS,2011-04-20C,Empty,
510880.SS,2011-04-21A,Empty,
510880.SS,2011-04-21C,Empty,
510880.SS,2011-04-22A,Empty,
510880.SS,2011-04-22C,Empty,
510880.SS,2011-04-25A,Empty,
510880.SS,2011-04-25C,Empty,
510880.SS,2011-04-26A,Empty,
510880.SS,2011-04-26C,Empty,
510880.SS,2011-04-27A,Empty,
510880.SS,2011-04-27C,Empty,
510880.SS,2011-04-28A,Empty,
510880.SS,2011-04-28C,Empty,
510880.SS,2011-04-29A,Empty,
510880.SS,2011-04-29C,Empty,
510880.SS,2011-05-03A,Empty,
510880.SS,2011-05-03C,Empty,
510880.SS,2011-05-04A,Empty,
510880.SS,2011-05-04C,Empty,
510880.SS,2011-05-05A,Empty,
510880.SS,2011-05-05C,Empty,
510880.SS,2011-05-06A,Empty,
510880.SS,2011-05-06C,Empty,
510880.SS,2011-05-09A,Empty,
510880.SS,2011-05-09C,Empty,
510880.SS,2011-05-10A,Empty,
510880.SS,2011-05-10C,Empty,
510880.SS,2011-05-11A,Empty,
510880.SS,2011-05-11C,Empty,
510880.SS,2011-05-12A,Empty,
510880.SS,2011-05-12C,Empty,
510880.SS,2011-05-13A,Empty,
510880.SS,2011-05-13C,Empty,
510880.SS,2011-05-16A,Empty,
510880.SS,2011-05-16C,Empty,
510880.SS,2011-05-17A,Empty,
510880.SS,2011-05-17C,Empty,
510880.SS,2011-05-18A,Empty,
510880.SS,2011-05-18C,Long,
510880.SS,2011-05-19A,Empty,
510880.SS,2011-05-19C,Empty,
510880.SS,2011-05-20A,Empty,
510880.SS,2011-05-20C,Empty,
510880.SS,2011-05-23A,Empty,
510880.SS,2011-05-23C,Empty,
510880.SS,2011-05-24A,Empty,
510880.SS,2011-05-24C,Empty,
510880.SS,2011-05-25A,Empty,
510880.SS,2011-05-25C,Empty,
510880.SS,2011-05-26A,Empty,
510880.SS,2011-05-26C,Empty,
510880.SS,2011-05-27A,Empty,
510880.SS,2011-05-27C,Empty,
510880.SS,2011-05-30A,Empty,
510880.SS,2011-05-30C,Empty,
510880.SS,2011-05-31A,Empty,
510880.SS,2011-05-31C,Long,
510880.SS,2011-06-01A,Long,
510880.SS,2011-06-01C,Empty,
510880.SS,2011-06-02A,Empty,
510880.SS,2011-06-02C,Empty,
510880.SS,2011-06-03A,Empty,
510880.SS,2011-06-03C,Empty,
510880.SS,2011-06-07A,Empty,
510880.SS,2011-06-07C,Long,
510880.SS,2011-06-08A,Long,
510880.SS,2011-06-08C,Long,
510880.SS,2011-06-09A,Empty,
510880.SS,2011-06-09C,Empty,
510880.SS,2011-06-10A,Empty,
510880.SS,2011-06-10C,Empty,
510880.SS,2011-06-13A,Empty,
510880.SS,2011-06-13C,Empty,
510880.SS,2011-06-14A,Empty,
510880.SS,2011-06-14C,Long,
510880.SS,2011-06-15A,Empty,
510880.SS,2011-06-15C,Long,
510880.SS,2011-06-16A,Empty,
510880.SS,2011-06-16C,Empty,
510880.SS,2011-06-17A,Empty,
510880.SS,2011-06-17C,Empty,
510880.SS,2011-06-20A,Empty,
510880.SS,2011-06-20C,Empty,
510880.SS,2011-06-21A,Empty,
510880.SS,2011-06-21C,Empty,
510880.SS,2011-06-22A,Empty,
510880.SS,2011-06-22C,Empty,
510880.SS,2011-06-23A,Empty,
510880.SS,2011-06-23C,Long,
510880.SS,2011-06-24A,Long,
510880.SS,2011-06-24C,Long,
510880.SS,2011-06-27A,Long,
510880.SS,2011-06-27C,Long,
510880.SS,2011-06-28A,Long,
510880.SS,2011-06-28C,Long,
510880.SS,2011-06-29A,Long,
510880.SS,2011-06-29C,Long,
510880.SS,2011-06-30A,Long,
510880.SS,2011-06-30C,Long,
510880.SS,2011-07-01A,Long,
510880.SS,2011-07-01C,Long,
510880.SS,2011-07-04A,Long,
510880.SS,2011-07-04C,Long,
510880.SS,2011-07-05A,Long,
510880.SS,2011-07-05C,Long,
510880.SS,2011-07-06A,Long,
510880.SS,2011-07-06C,Long,
510880.SS,2011-07-07A,Long,
510880.SS,2011-07-07C,Long,
510880.SS,2011-07-08A,Long,
510880.SS,2011-07-08C,Long,
510880.SS,2011-07-11A,Long,
510880.SS,2011-07-11C,Long,
510880.SS,2011-07-12A,Long,
510880.SS,2011-07-12C,Empty,
510880.SS,2011-07-13A,Empty,
510880.SS,2011-07-13C,Empty,
510880.SS,2011-07-14A,Empty,
510880.SS,2011-07-14C,Long,
510880.SS,2011-07-15A,Empty,
510880.SS,2011-07-15C,Long,
510880.SS,2011-07-18A,Long,
510880.SS,2011-07-18C,Long,
510880.SS,2011-07-19A,Empty,
510880.SS,2011-07-19C,Empty,
510880.SS,2011-07-20A,Empty,
510880.SS,2011-07-20C,Empty,
510880.SS,2011-07-21A,Empty,
510880.SS,2011-07-21C,Empty,
510880.SS,2011-07-22A,Empty,
510880.SS,2011-07-22C,Empty,
510880.SS,2011-07-25A,Empty,
510880.SS,2011-07-25C,Empty,
510880.SS,2011-07-26A,Empty,
510880.SS,2011-07-26C,Empty,
510880.SS,2011-07-27A,Empty,
510880.SS,2011-07-27C,Empty,
510880.SS,2011-07-28A,Empty,
510880.SS,2011-07-28C,Empty,
510880.SS,2011-07-29A,Empty,
510880.SS,2011-07-29C,Empty,
510880.SS,2011-08-01A,Empty,
510880.SS,2011-08-01C,Empty,
510880.SS,2011-08-02A,Empty,
510880.SS,2011-08-02C,Empty,
510880.SS,2011-08-03A,Empty,
510880.SS,2011-08-03C,Empty,
510880.SS,2011-08-04A,Empty,
510880.SS,2011-08-04C,Empty,
510880.SS,2011-08-05A,Empty,
510880.SS,2011-08-05C,Empty,
510880.SS,2011-08-08A,Empty,
510880.SS,2011-08-08C,Empty,
510880.SS,2011-08-09A,Empty,
510880.SS,2011-08-09C,Empty,
510880.SS,2011-08-10A,Empty,
510880.SS,2011-08-10C,Empty,
510880.SS,2011-08-11A,Empty,
510880.SS,2011-08-11C,Empty,
510880.SS,2011-08-12A,Empty,
510880.SS,2011-08-12C,Empty,
510880.SS,2011-08-15A,Empty,
510880.SS,2011-08-15C,Long,
510880.SS,2011-08-16A,Long,
510880.SS,2011-08-16C,Long,
510880.SS,2011-08-17A,Long,
510880.SS,2011-08-17C,Long,
510880.SS,2011-08-18A,Long,
510880.SS,2011-08-18C,Empty,
510880.SS,2011-08-19A,Empty,
510880.SS,2011-08-19C,Empty,
510880.SS,2011-08-22A,Empty,
510880.SS,2011-08-22C,Empty,
510880.SS,2011-08-23A,Empty,
510880.SS,2011-08-23C,Long,
510880.SS,2011-08-24A,Long,
510880.SS,2011-08-24C,Empty,
510880.SS,2011-08-25A,Empty,
510880.SS,2011-08-25C,Long,
510880.SS,2011-08-26A,Long,
510880.SS,2011-08-26C,Long,
510880.SS,2011-08-29A,Long,
510880.SS,2011-08-29C,Long,
510880.SS,2011-08-30A,Long,
510880.SS,2011-08-30C,Long,
510880.SS,2011-08-31A,Long,
510880.SS,2011-08-31C,Long,
510880.SS,2011-09-01A,Long,
510880.SS,2011-09-01C,Empty,
510880.SS,2011-09-02A,Long,
510880.SS,2011-09-02C,Empty,
510880.SS,2011-09-05A,Empty,
510880.SS,2011-09-05C,Empty,
510880.SS,2011-09-06A,Empty,
510880.SS,2011-09-06C,Empty,
510880.SS,2011-09-07A,Empty,
510880.SS,2011-09-07C,Empty,
510880.SS,2011-09-08A,Long,
510880.SS,2011-09-08C,Empty,
510880.SS,2011-09-09A,Empty,
510880.SS,2011-09-09C,Empty,
510880.SS,2011-09-13A,Empty,
510880.SS,2011-09-13C,Empty,
510880.SS,2011-09-14A,Empty,
510880.SS,2011-09-14C,Empty,
510880.SS,2011-09-15A,Long,
510880.SS,2011-09-15C,Empty,
510880.SS,2011-09-16A,Empty,
510880.SS,2011-09-16C,Empty,
510880.SS,2011-09-19A,Empty,
510880.SS,2011-09-19C,Empty,
510880.SS,2011-09-20A,Empty,
510880.SS,2011-09-20C,Empty,
510880.SS,2011-09-21A,Empty,
510880.SS,2011-09-21C,Long,
510880.SS,2011-09-22A,Long,
510880.SS,2011-09-22C,Empty,
510880.SS,2011-09-23A,Empty,
510880.SS,2011-09-23C,Empty,
510880.SS,2011-09-26A,Empty,
510880.SS,2011-09-26C,Empty,
510880.SS,2011-09-27A,Empty,
510880.SS,2011-09-27C,Empty,
510880.SS,2011-09-28A,Empty,
510880.SS,2011-09-28C,Empty,
510880.SS,2011-09-29A,Empty,
510880.SS,2011-09-29C,Empty,
510880.SS,2011-09-30A,Empty,
510880.SS,2011-09-30C,Empty,
510880.SS,2011-10-10A,Empty,
510880.SS,2011-10-10C,Empty,
510880.SS,2011-10-11A,Long,
510880.SS,2011-10-11C,Empty,
510880.SS,2011-10-12A,Empty,
510880.SS,2011-10-12C,Long,
510880.SS,2011-10-13A,Long,
510880.SS,2011-10-13C,Long,
510880.SS,2011-10-14A,Long,
510880.SS,2011-10-14C,Long,
510880.SS,2011-10-17A,Long,
510880.SS,2011-10-17C,Long,
510880.SS,2011-10-18A,Long,
510880.SS,2011-10-18C,Empty,
510880.SS,2011-10-19A,Empty,
510880.SS,2011-10-19C,Empty,
510880.SS,2011-10-20A,Empty,
510880.SS,2011-10-20C,Empty,
510880.SS,2011-10-21A,Empty,
510880.SS,2011-10-21C,Empty,
510880.SS,2011-10-24A,Empty,
510880.SS,2011-10-24C,Empty,
510880.SS,2011-10-25A,Empty,
510880.SS,2011-10-25C,Long,
510880.SS,2011-10-26A,Empty,
510880.SS,2011-10-26C,Long,
510880.SS,2011-10-27A,Long,
510880.SS,2011-10-27C,Long,
510880.SS,2011-10-28A,Long,
510880.SS,2011-10-28C,Long,
510880.SS,2011-10-31A,Long,
510880.SS,2011-10-31C,Long,
510880.SS,2011-11-01A,Long,
510880.SS,2011-11-01C,Long,
510880.SS,2011-11-02A,Long,
510880.SS,2011-11-02C,Long,
510880.SS,2011-11-03A,Long,
510880.SS,2011-11-03C,Long,
510880.SS,2011-11-04A,Long,
510880.SS,2011-11-04C,Long,
510880.SS,2011-11-07A,Long,
510880.SS,2011-11-07C,Long,
510880.SS,2011-11-08A,Long,
510880.SS,2011-11-08C,Long,
510880.SS,2011-11-09A,Long,
510880.SS,2011-11-09C,Long,
510880.SS,2011-11-10A,Long,
510880.SS,2011-11-10C,Empty,
510880.SS,2011-11-11A,Empty,
510880.SS,2011-11-11C,Empty,
510880.SS,2011-11-14A,Long,
510880.SS,2011-11-14C,Long,
510880.SS,2011-11-15A,Long,
510880.SS,2011-11-15C,Long,
510880.SS,2011-11-16A,Long,
510880.SS,2011-11-16C,Empty,
510880.SS,2011-11-17A,Empty,
510880.SS,2011-11-17C,Empty,
510880.SS,2011-11-18A,Empty,
510880.SS,2011-11-18C,Empty,
510880.SS,2011-11-21A,Empty,
510880.SS,2011-11-21C,Empty,
510880.SS,2011-11-22A,Empty,
510880.SS,2011-11-22C,Empty,
510880.SS,2011-11-23A,Empty,
510880.SS,2011-11-23C,Empty,
510880.SS,2011-11-24A,Empty,
510880.SS,2011-11-24C,Empty,
510880.SS,2011-11-25A,Empty,
510880.SS,2011-11-25C,Empty,
510880.SS,2011-11-28A,Empty,
510880.SS,2011-11-28C,Empty,
510880.SS,2011-11-29A,Empty,
510880.SS,2011-11-29C,Long,
510880.SS,2011-11-30A,Long,
510880.SS,2011-11-30C,Empty,
510880.SS,2011-12-01A,Empty,
510880.SS,2011-12-01C,Empty,
510880.SS,2011-12-02A,Empty,
510880.SS,2011-12-02C,Empty,
510880.SS,2011-12-05A,Empty,
510880.SS,2011-12-05C,Empty,
510880.SS,2011-12-06A,Empty,
510880.SS,2011-12-06C,Empty,
510880.SS,2011-12-07A,Empty,
510880.SS,2011-12-07C,Empty,
510880.SS,2011-12-08A,Empty,
510880.SS,2011-12-08C,Empty,
510880.SS,2011-12-09A,Empty,
510880.SS,2011-12-09C,Empty,
510880.SS,2011-12-12A,Empty,
510880.SS,2011-12-12C,Empty,
510880.SS,2011-12-13A,Empty,
510880.SS,2011-12-13C,Empty,
510880.SS,2011-12-14A,Empty,
510880.SS,2011-12-14C,Empty,
510880.SS,2011-12-15A,Empty,
510880.SS,2011-12-15C,Empty,
510880.SS,2011-12-16A,Empty,
510880.SS,2011-12-16C,Empty,
510880.SS,2011-12-19A,Empty,
510880.SS,2011-12-19C,Empty,
510880.SS,2011-12-20A,Empty,
510880.SS,2011-12-20C,Empty,
510880.SS,2011-12-21A,Empty,
510880.SS,2011-12-21C,Empty,
510880.SS,2011-12-22A,Empty,
510880.SS,2011-12-22C,Empty,
510880.SS,2011-12-23A,Empty,
510880.SS,2011-12-23C,Empty,
510880.SS,2011-12-26A,Empty,
510880.SS,2011-12-26C,Empty,
510880.SS,2011-12-27A,Empty,
510880.SS,2011-12-27C,Empty,
510880.SS,2011-12-28A,Empty,
510880.SS,2011-12-28C,Empty,
510880.SS,2011-12-29A,Empty,
510880.SS,2011-12-29C,Empty,
510880.SS,2011-12-30A,Empty,
510880.SS,2011-12-30C,Long,
510880.SS,2012-01-04A,Long,
510880.SS,2012-01-04C,Empty,
510880.SS,2012-01-05A,Empty,
510880.SS,2012-01-05C,Empty,
510880.SS,2012-01-06A,Empty,
510880.SS,2012-01-06C,Long,
510880.SS,2012-01-09A,Long,
510880.SS,2012-01-09C,Long,
510880.SS,2012-01-10A,Long,
510880.SS,2012-01-10C,Long,
510880.SS,2012-01-11A,Long,
510880.SS,2012-01-11C,Long,
510880.SS,2012-01-12A,Long,
510880.SS,2012-01-12C,Long,
510880.SS,2012-01-13A,Long,
510880.SS,2012-01-13C,Long,
510880.SS,2012-01-16A,Long,
510880.SS,2012-01-16C,Long,
510880.SS,2012-01-17A,Long,
510880.SS,2012-01-17C,Long,
510880.SS,2012-01-18A,Long,
510880.SS,2012-01-18C,Long,
510880.SS,2012-01-19A,Long,
510880.SS,2012-01-19C,Long,
510880.SS,2012-01-20A,Long,
510880.SS,2012-01-20C,Long,
510880.SS,2012-01-30A,Long,
510880.SS,2012-01-30C,Long,
510880.SS,2012-01-31A,Long,
510880.SS,2012-01-31C,Long,
510880.SS,2012-02-01A,Long,
510880.SS,2012-02-01C,Empty,
510880.SS,2012-02-02A,Empty,
510880.SS,2012-02-02C,Long,
510880.SS,2012-02-03A,Long,
510880.SS,2012-02-03C,Long,
510880.SS,2012-02-06A,Long,
510880.SS,2012-02-06C,Long,
510880.SS,2012-02-07A,Long,
510880.SS,2012-02-07C,Empty,
510880.SS,2012-02-08A,Empty,
510880.SS,2012-02-08C,Long,
510880.SS,2012-02-09A,Long,
510880.SS,2012-02-09C,Long,
510880.SS,2012-02-10A,Long,
510880.SS,2012-02-10C,Long,
510880.SS,2012-02-13A,Long,
510880.SS,2012-02-13C,Empty,
510880.SS,2012-02-14A,Empty,
510880.SS,2012-02-14C,Empty,
510880.SS,2012-02-15A,Empty,
510880.SS,2012-02-15C,Long,
510880.SS,2012-02-16A,Long,
510880.SS,2012-02-16C,Long,
510880.SS,2012-02-17A,Long,
510880.SS,2012-02-17C,Long,
510880.SS,2012-02-20A,Long,
510880.SS,2012-02-20C,Empty,
510880.SS,2012-02-21A,Empty,
510880.SS,2012-02-21C,Long,
510880.SS,2012-02-22A,Long,
510880.SS,2012-02-22C,Long,
510880.SS,2012-02-23A,Long,
510880.SS,2012-02-23C,Long,
510880.SS,2012-02-24A,Long,
510880.SS,2012-02-24C,Long,
510880.SS,2012-02-27A,Long,
510880.SS,2012-02-27C,Long,
510880.SS,2012-02-28A,Long,
510880.SS,2012-02-28C,Long,
510880.SS,2012-02-29A,Long,
510880.SS,2012-02-29C,Long,
510880.SS,2012-03-01A,Long,
510880.SS,2012-03-01C,Long,
510880.SS,2012-03-02A,Long,
510880.SS,2012-03-02C,Long,
510880.SS,2012-03-05A,Long,
510880.SS,2012-03-05C,Long,
510880.SS,2012-03-06A,Long,
510880.SS,2012-03-06C,Empty,
510880.SS,2012-03-07A,Empty,
510880.SS,2012-03-07C,Empty,
510880.SS,2012-03-08A,Empty,
510880.SS,2012-03-08C,Empty,
510880.SS,2012-03-09A,Empty,
510880.SS,2012-03-09C,Long,
510880.SS,2012-03-12A,Empty,
510880.SS,2012-03-12C,Empty,
510880.SS,2012-03-13A,Empty,
510880.SS,2012-03-13C,Long,
510880.SS,2012-03-14A,Long,
510880.SS,2012-03-14C,Empty,
510880.SS,2012-03-15A,Empty,
510880.SS,2012-03-15C,Empty,
510880.SS,2012-03-16A,Empty,
510880.SS,2012-03-16C,Empty,
510880.SS,2012-03-19A,Empty,
510880.SS,2012-03-19C,Empty,
510880.SS,2012-03-20A,Empty,
510880.SS,2012-03-20C,Empty,
510880.SS,2012-03-21A,Empty,
510880.SS,2012-03-21C,Empty,
510880.SS,2012-03-22A,Empty,
510880.SS,2012-03-22C,Empty,
510880.SS,2012-03-23A,Empty,
510880.SS,2012-03-23C,Empty,
510880.SS,2012-03-26A,Empty,
510880.SS,2012-03-26C,Empty,
510880.SS,2012-03-27A,Empty,
510880.SS,2012-03-27C,Empty,
510880.SS,2012-03-28A,Empty,
510880.SS,2012-03-28C,Empty,
510880.SS,2012-03-29A,Empty,
510880.SS,2012-03-29C,Empty,
510880.SS,2012-03-30A,Empty,
510880.SS,2012-03-30C,Empty,
510880.SS,2012-04-05A,Empty,
510880.SS,2012-04-05C,Long,
510880.SS,2012-04-06A,Empty,
510880.SS,2012-04-06C,Long,
510880.SS,2012-04-09A,Empty,
510880.SS,2012-04-09C,Empty,
510880.SS,2012-04-10A,Empty,
510880.SS,2012-04-10C,Long,
510880.SS,2012-04-11A,Long,
510880.SS,2012-04-11C,Long,
510880.SS,2012-04-12A,Long,
510880.SS,2012-04-12C,Long,
510880.SS,2012-04-13A,Long,
510880.SS,2012-04-13C,Long,
510880.SS,2012-04-16A,Long,
510880.SS,2012-04-16C,Long,
510880.SS,2012-04-17A,Long,
510880.SS,2012-04-17C,Long,
510880.SS,2012-04-18A,Long,
510880.SS,2012-04-18C,Long,
510880.SS,2012-04-19A,Long,
510880.SS,2012-04-19C,Long,
510880.SS,2012-04-20A,Long,
510880.SS,2012-04-20C,Long,
510880.SS,2012-04-23A,Long,
510880.SS,2012-04-23C,Long,
510880.SS,2012-04-24A,Long,
510880.SS,2012-04-24C,Long,
510880.SS,2012-04-25A,Long,
510880.SS,2012-04-25C,Long,
510880.SS,2012-04-26A,Long,
510880.SS,2012-04-26C,Long,
510880.SS,2012-04-27A,Long,
510880.SS,2012-04-27C,Long,
510880.SS,2012-05-02A,Long,
510880.SS,2012-05-02C,Long,
510880.SS,2012-05-03A,Long,
510880.SS,2012-05-03C,Long,
510880.SS,2012-05-04A,Long,
510880.SS,2012-05-04C,Long,
510880.SS,2012-05-07A,Long,
510880.SS,2012-05-07C,Long,
510880.SS,2012-05-08A,Long,
510880.SS,2012-05-08C,Long,
510880.SS,2012-05-09A,Long,
510880.SS,2012-05-09C,Empty,
510880.SS,2012-05-10A,Empty,
510880.SS,2012-05-10C,Empty,
510880.SS,2012-05-11A,Empty,
510880.SS,2012-05-11C,Empty,
510880.SS,2012-05-14A,Empty,
510880.SS,2012-05-14C,Empty,
510880.SS,2012-05-15A,Empty,
510880.SS,2012-05-15C,Empty,
510880.SS,2012-05-16A,Empty,
510880.SS,2012-05-16C,Empty,
510880.SS,2012-05-17A,Empty,
510880.SS,2012-05-17C,Empty,
510880.SS,2012-05-18A,Empty,
510880.SS,2012-05-18C,Empty,
510880.SS,2012-05-21A,Empty,
510880.SS,2012-05-21C,Empty,
510880.SS,2012-05-22A,Empty,
510880.SS,2012-05-22C,Long,
510880.SS,2012-05-23A,Empty,
510880.SS,2012-05-23C,Empty,
510880.SS,2012-05-24A,Empty,
510880.SS,2012-05-24C,Empty,
510880.SS,2012-05-25A,Empty,
510880.SS,2012-05-25C,Empty,
510880.SS,2012-05-28A,Empty,
510880.SS,2012-05-28C,Long,
510880.SS,2012-05-29A,Empty,
510880.SS,2012-05-29C,Long,
510880.SS,2012-05-30A,Long,
510880.SS,2012-05-30C,Long,
510880.SS,2012-05-31A,Long,
510880.SS,2012-05-31C,Long,
510880.SS,2012-06-01A,Long,
510880.SS,2012-06-01C,Long,
510880.SS,2012-06-04A,Empty,
510880.SS,2012-06-04C,Empty,
510880.SS,2012-06-05A,Empty,
510880.SS,2012-06-05C,Empty,
510880.SS,2012-06-06A,Empty,
510880.SS,2012-06-06C,Empty,
510880.SS,2012-06-07A,Empty,
510880.SS,2012-06-07C,Empty,
510880.SS,2012-06-08A,Empty,
510880.SS,2012-06-08C,Empty,
510880.SS,2012-06-11A,Empty,
510880.SS,2012-06-11C,Empty,
510880.SS,2012-06-12A,Empty,
510880.SS,2012-06-12C,Empty,
510880.SS,2012-06-13A,Empty,
510880.SS,2012-06-13C,Long,
510880.SS,2012-06-14A,Empty,
510880.SS,2012-06-14C,Empty,
510880.SS,2012-06-15A,Empty,
510880.SS,2012-06-15C,Long,
510880.SS,2012-06-18A,Long,
510880.SS,2012-06-18C,Long,
510880.SS,2012-06-19A,Long,
510880.SS,2012-06-19C,Long,
510880.SS,2012-06-20A,Long,
510880.SS,2012-06-20C,Long,
510880.SS,2012-06-21A,Long,
510880.SS,2012-06-21C,Empty,
510880.SS,2012-06-25A,Empty,
510880.SS,2012-06-25C,Empty,
510880.SS,2012-06-26A,Empty,
510880.SS,2012-06-26C,Empty,
510880.SS,2012-06-27A,Empty,
510880.SS,2012-06-27C,Empty,
510880.SS,2012-06-28A,Empty,
510880.SS,2012-06-28C,Empty,
510880.SS,2012-06-29A,Empty,
510880.SS,2012-06-29C,Empty,
510880.SS,2012-07-02A,Empty,
510880.SS,2012-07-02C,Empty,
510880.SS,2012-07-03A,Empty,
510880.SS,2012-07-03C,Empty,
510880.SS,2012-07-04A,Empty,
510880.SS,2012-07-04C,Empty,
510880.SS,2012-07-05A,Empty,
510880.SS,2012-07-05C,Empty,
510880.SS,2012-07-06A,Long,
510880.SS,2012-07-06C,Empty,
510880.SS,2012-07-09A,Empty,
510880.SS,2012-07-09C,Empty,
510880.SS,2012-07-10A,Empty,
510880.SS,2012-07-10C,Empty,
510880.SS,2012-07-11A,Empty,
510880.SS,2012-07-11C,Empty,
510880.SS,2012-07-12A,Empty,
510880.SS,2012-07-12C,Long,
510880.SS,2012-07-13A,Long,
510880.SS,2012-07-13C,Long,
510880.SS,2012-07-16A,Long,
510880.SS,2012-07-16C,Empty,
510880.SS,2012-07-17A,Empty,
510880.SS,2012-07-17C,Empty,
510880.SS,2012-07-18A,Long,
510880.SS,2012-07-18C,Long,
510880.SS,2012-07-19A,Long,
510880.SS,2012-07-19C,Long,
510880.SS,2012-07-20A,Long,
510880.SS,2012-07-20C,Empty,
510880.SS,2012-07-23A,Empty,
510880.SS,2012-07-23C,Empty,
510880.SS,2012-07-24A,Empty,
510880.SS,2012-07-24C,Empty,
510880.SS,2012-07-25A,Empty,
510880.SS,2012-07-25C,Empty,
510880.SS,2012-07-26A,Empty,
510880.SS,2012-07-26C,Empty,
510880.SS,2012-07-27A,Empty,
510880.SS,2012-07-27C,Empty,
510880.SS,2012-07-30A,Long,
510880.SS,2012-07-30C,Empty,
510880.SS,2012-07-31A,Empty,
510880.SS,2012-07-31C,Empty,
510880.SS,2012-08-01A,Empty,
510880.SS,2012-08-01C,Long,
510880.SS,2012-08-02A,Long,
510880.SS,2012-08-02C,Empty,
510880.SS,2012-08-03A,Long,
510880.SS,2012-08-03C,Long,
510880.SS,2012-08-06A,Long,
510880.SS,2012-08-06C,Long,
510880.SS,2012-08-07A,Long,
510880.SS,2012-08-07C,Long,
510880.SS,2012-08-08A,Long,
510880.SS,2012-08-08C,Long,
510880.SS,2012-08-09A,Long,
510880.SS,2012-08-09C,Long,
510880.SS,2012-08-10A,Long,
510880.SS,2012-08-10C,Long,
510880.SS,2012-08-13A,Long,
510880.SS,2012-08-13C,Empty,
510880.SS,2012-08-14A,Empty,
510880.SS,2012-08-14C,Empty,
510880.SS,2012-08-15A,Empty,
510880.SS,2012-08-15C,Empty,
510880.SS,2012-08-16A,Empty,
510880.SS,2012-08-16C,Empty,
510880.SS,2012-08-17A,Empty,
510880.SS,2012-08-17C,Empty,
510880.SS,2012-08-20A,Empty,
510880.SS,2012-08-20C,Empty,
510880.SS,2012-08-21A,Empty,
510880.SS,2012-08-21C,Empty,
510880.SS,2012-08-22A,Empty,
510880.SS,2012-08-22C,Empty,
510880.SS,2012-08-23A,Empty,
510880.SS,2012-08-23C,Empty,
510880.SS,2012-08-24A,Empty,
510880.SS,2012-08-24C,Empty,
510880.SS,2012-08-27A,Empty,
510880.SS,2012-08-27C,Empty,
510880.SS,2012-08-28A,Empty,
510880.SS,2012-08-28C,Empty,
510880.SS,2012-08-29A,Empty,
510880.SS,2012-08-29C,Empty,
510880.SS,2012-08-30A,Empty,
510880.SS,2012-08-30C,Empty,
510880.SS,2012-08-31A,Empty,
510880.SS,2012-08-31C,Empty,
510880.SS,2012-09-03A,Empty,
510880.SS,2012-09-03C,Long,
510880.SS,2012-09-04A,Long,
510880.SS,2012-09-04C,Empty,
510880.SS,2012-09-05A,Empty,
510880.SS,2012-09-05C,Empty,
510880.SS,2012-09-06A,Empty,
510880.SS,2012-09-06C,Empty,
510880.SS,2012-09-07A,Empty,
510880.SS,2012-09-07C,Long,
510880.SS,2012-09-10A,Long,
510880.SS,2012-09-10C,Long,
510880.SS,2012-09-11A,Long,
510880.SS,2012-09-11C,Long,
510880.SS,2012-09-12A,Long,
510880.SS,2012-09-12C,Long,
510880.SS,2012-09-13A,Long,
510880.SS,2012-09-13C,Long,
510880.SS,2012-09-14A,Long,
510880.SS,2012-09-14C,Long,
510880.SS,2012-09-17A,Long,
510880.SS,2012-09-17C,Empty,
510880.SS,2012-09-18A,Empty,
510880.SS,2012-09-18C,Empty,
510880.SS,2012-09-19A,Empty,
510880.SS,2012-09-19C,Empty,
510880.SS,2012-09-20A,Empty,
510880.SS,2012-09-20C,Empty,
510880.SS,2012-09-21A,Empty,
510880.SS,2012-09-21C,Empty,
510880.SS,2012-09-24A,Empty,
510880.SS,2012-09-24C,Empty,
510880.SS,2012-09-25A,Empty,
510880.SS,2012-09-25C,Empty,
510880.SS,2012-09-26A,Empty,
510880.SS,2012-09-26C,Empty,
510880.SS,2012-09-27A,Empty,
510880.SS,2012-09-27C,Long,
510880.SS,2012-09-28A,Long,
510880.SS,2012-09-28C,Long,
510880.SS,2012-10-08A,Long,
510880.SS,2012-10-08C,Long,
510880.SS,2012-10-09A,Long,
510880.SS,2012-10-09C,Long,
510880.SS,2012-10-10A,Long,
510880.SS,2012-10-10C,Long,
510880.SS,2012-10-11A,Long,
510880.SS,2012-10-11C,Long,
510880.SS,2012-10-12A,Long,
510880.SS,2012-10-12C,Long,
510880.SS,2012-10-15A,Long,
510880.SS,2012-10-15C,Long,
510880.SS,2012-10-16A,Long,
510880.SS,2012-10-16C,Long,
510880.SS,2012-10-17A,Long,
510880.SS,2012-10-17C,Long,
510880.SS,2012-10-18A,Long,
510880.SS,2012-10-18C,Long,
510880.SS,2012-10-19A,Long,
510880.SS,2012-10-19C,Long,
510880.SS,2012-10-22A,Long,
510880.SS,2012-10-22C,Long,
510880.SS,2012-10-23A,Long,
510880.SS,2012-10-23C,Empty,
510880.SS,2012-10-24A,Empty,
510880.SS,2012-10-24C,Empty,
510880.SS,2012-10-25A,Empty,
510880.SS,2012-10-25C,Empty,
510880.SS,2012-10-26A,Empty,
510880.SS,2012-10-26C,Empty,
510880.SS,2012-10-29A,Empty,
510880.SS,2012-10-29C,Empty,
510880.SS,2012-10-30A,Empty,
510880.SS,2012-10-30C,Empty,
510880.SS,2012-10-31A,Empty,
510880.SS,2012-10-31C,Empty,
510880.SS,2012-11-01A,Empty,
510880.SS,2012-11-01C,Long,
510880.SS,2012-11-02A,Long,
510880.SS,2012-11-02C,Long,
510880.SS,2012-11-05A,Long,
510880.SS,2012-11-05C,Long,
510880.SS,2012-11-06A,Long,
510880.SS,2012-11-06C,Long,
510880.SS,2012-11-07A,Long,
510880.SS,2012-11-07C,Long,
510880.SS,2012-11-08A,Empty,
510880.SS,2012-11-08C,Empty,
510880.SS,2012-11-09A,Empty,
510880.SS,2012-11-09C,Empty,
510880.SS,2012-11-12A,Empty,
510880.SS,2012-11-12C,Empty,
510880.SS,2012-11-13A,Empty,
510880.SS,2012-11-13C,Empty,
510880.SS,2012-11-14A,Empty,
510880.SS,2012-11-14C,Empty,
510880.SS,2012-11-15A,Empty,
510880.SS,2012-11-15C,Empty,
510880.SS,2012-11-16A,Empty,
510880.SS,2012-11-16C,Empty,
510880.SS,2012-11-19A,Empty,
510880.SS,2012-11-19C,Empty,
510880.SS,2012-11-20A,Empty,
510880.SS,2012-11-20C,Empty,
510880.SS,2012-11-21A,Empty,
510880.SS,2012-11-21C,Empty,
510880.SS,2012-11-22A,Empty,
510880.SS,2012-11-22C,Empty,
510880.SS,2012-11-23A,Empty,
510880.SS,2012-11-23C,Long,
510880.SS,2012-11-26A,Long,
510880.SS,2012-11-26C,Empty,
510880.SS,2012-11-27A,Empty,
510880.SS,2012-11-27C,Empty,
510880.SS,2012-11-28A,Empty,
510880.SS,2012-11-28C,Empty,
510880.SS,2012-11-29A,Empty,
510880.SS,2012-11-29C,Empty,
510880.SS,2012-11-30A,Empty,
510880.SS,2012-11-30C,Empty,
510880.SS,2012-12-03A,Empty,
510880.SS,2012-12-03C,Empty,
510880.SS,2012-12-04A,Empty,
510880.SS,2012-12-04C,Empty,
510880.SS,2012-12-05A,Empty,
510880.SS,2012-12-05C,Long,
510880.SS,2012-12-06A,Long,
510880.SS,2012-12-06C,Long,
510880.SS,2012-12-07A,Long,
510880.SS,2012-12-07C,Long,
510880.SS,2012-12-10A,Long,
510880.SS,2012-12-10C,Long,
510880.SS,2012-12-11A,Long,
510880.SS,2012-12-11C,Long,
510880.SS,2012-12-12A,Long,
510880.SS,2012-12-12C,Long,
510880.SS,2012-12-13A,Long,
510880.SS,2012-12-13C,Long,
510880.SS,2012-12-14A,Long,
510880.SS,2012-12-14C,Long,
510880.SS,2012-12-17A,Long,
510880.SS,2012-12-17C,Long,
510880.SS,2012-12-18A,Long,
510880.SS,2012-12-18C,Long,
510880.SS,2012-12-19A,Long,
510880.SS,2012-12-19C,Long,
510880.SS,2012-12-20A,Long,
510880.SS,2012-12-20C,Long,
510880.SS,2012-12-21A,Long,
510880.SS,2012-12-21C,Long,
510880.SS,2012-12-24A,Long,
510880.SS,2012-12-24C,Long,
510880.SS,2012-12-25A,Empty,
510880.SS,2012-12-25C,Long,
510880.SS,2012-12-26A,Long,
510880.SS,2012-12-26C,Long,
510880.SS,2012-12-27A,Long,
510880.SS,2012-12-27C,Long,
510880.SS,2012-12-28A,Long,
510880.SS,2012-12-28C,Long,
510880.SS,2012-12-31A,Long,
510880.SS,2012-12-31C,Long,
510880.SS,2013-01-04A,Long,
510880.SS,2013-01-04C,Long,
510880.SS,2013-01-07A,Long,
510880.SS,2013-01-07C,Long,
510880.SS,2013-01-08A,Long,
510880.SS,2013-01-08C,Long,
510880.SS,2013-01-09A,Long,
510880.SS,2013-01-09C,Long,
510880.SS,2013-01-10A,Long,
510880.SS,2013-01-10C,Long,
510880.SS,2013-01-11A,Long,
510880.SS,2013-01-11C,Empty,
510880.SS,2013-01-14A,Empty,
510880.SS,2013-01-14C,Long,
510880.SS,2013-01-15A,Long,
510880.SS,2013-01-15C,Long,
510880.SS,2013-01-16A,Long,
510880.SS,2013-01-16C,Long,
510880.SS,2013-01-17A,Long,
510880.SS,2013-01-17C,Empty,
510880.SS,2013-01-18A,Empty,
510880.SS,2013-01-18C,Long,
510880.SS,2013-01-21A,Long,
510880.SS,2013-01-21C,Long,
510880.SS,2013-01-22A,Long,
510880.SS,2013-01-22C,Long,
510880.SS,2013-01-23A,Long,
510880.SS,2013-01-23C,Long,
510880.SS,2013-01-24A,Long,
510880.SS,2013-01-24C,Long,
510880.SS,2013-01-25A,Long,
510880.SS,2013-01-25C,Long,
510880.SS,2013-01-28A,Empty,
510880.SS,2013-01-28C,Long,
510880.SS,2013-01-29A,Long,
510880.SS,2013-01-29C,Long,
510880.SS,2013-01-30A,Long,
510880.SS,2013-01-30C,Long,
510880.SS,2013-01-31A,Long,
510880.SS,2013-01-31C,Long,
510880.SS,2013-02-01A,Long,
510880.SS,2013-02-01C,Long,
510880.SS,2013-02-04A,Long,
510880.SS,2013-02-04C,Long,
510880.SS,2013-02-05A,Long,
510880.SS,2013-02-05C,Long,
510880.SS,2013-02-06A,Long,
510880.SS,2013-02-06C,Long,
510880.SS,2013-02-07A,Long,
510880.SS,2013-02-07C,Long,
510880.SS,2013-02-08A,Long,
510880.SS,2013-02-08C,Empty,
510880.SS,2013-02-18A,Empty,
510880.SS,2013-02-18C,Empty,
510880.SS,2013-02-19A,Empty,
510880.SS,2013-02-19C,Empty,
510880.SS,2013-02-20A,Empty,
510880.SS,2013-02-20C,Empty,
510880.SS,2013-02-21A,Empty,
510880.SS,2013-02-21C,Empty,
510880.SS,2013-02-22A,Empty,
510880.SS,2013-02-22C,Empty,
510880.SS,2013-02-25A,Empty,
510880.SS,2013-02-25C,Empty,
510880.SS,2013-02-26A,Empty,
510880.SS,2013-02-26C,Empty,
510880.SS,2013-02-27A,Empty,
510880.SS,2013-02-27C,Empty,
510880.SS,2013-02-28A,Empty,
510880.SS,2013-02-28C,Long,
510880.SS,2013-03-01A,Long,
510880.SS,2013-03-01C,Long,
510880.SS,2013-03-04A,Empty,
510880.SS,2013-03-04C,Empty,
510880.SS,2013-03-05A,Empty,
510880.SS,2013-03-05C,Long,
510880.SS,2013-03-06A,Long,
510880.SS,2013-03-06C,Long,
510880.SS,2013-03-07A,Long,
510880.SS,2013-03-07C,Long,
510880.SS,2013-03-08A,Long,
510880.SS,2013-03-08C,Long,
510880.SS,2013-03-11A,Long,
510880.SS,2013-03-11C,Empty,
510880.SS,2013-03-12A,Empty,
510880.SS,2013-03-12C,Empty,
510880.SS,2013-03-13A,Empty,
510880.SS,2013-03-13C,Empty,
510880.SS,2013-03-14A,Empty,
510880.SS,2013-03-14C,Empty,
510880.SS,2013-03-15A,Empty,
510880.SS,2013-03-15C,Empty,
510880.SS,2013-03-18A,Empty,
510880.SS,2013-03-18C,Empty,
510880.SS,2013-03-19A,Empty,
510880.SS,2013-03-19C,Empty,
510880.SS,2013-03-20A,Empty,
510880.SS,2013-03-20C,Long,
510880.SS,2013-03-21A,Long,
510880.SS,2013-03-21C,Long,
510880.SS,2013-03-22A,Long,
510880.SS,2013-03-22C,Long,
510880.SS,2013-03-25A,Long,
510880.SS,2013-03-25C,Long,
510880.SS,2013-03-26A,Long,
510880.SS,2013-03-26C,Empty,
510880.SS,2013-03-27A,Empty,
510880.SS,2013-03-27C,Empty,
510880.SS,2013-03-28A,Empty,
510880.SS,2013-03-28C,Empty,
510880.SS,2013-03-29A,Empty,
510880.SS,2013-03-29C,Empty,
510880.SS,2013-04-01A,Empty,
510880.SS,2013-04-01C,Empty,
510880.SS,2013-04-02A,Empty,
510880.SS,2013-04-02C,Empty,
510880.SS,2013-04-03A,Empty,
510880.SS,2013-04-03C,Empty,
510880.SS,2013-04-08A,Empty,
510880.SS,2013-04-08C,Empty,
510880.SS,2013-04-09A,Empty,
510880.SS,2013-04-09C,Empty,
510880.SS,2013-04-10A,Empty,
510880.SS,2013-04-10C,Empty,
510880.SS,2013-04-11A,Empty,
510880.SS,2013-04-11C,Empty,
510880.SS,2013-04-12A,Empty,
510880.SS,2013-04-12C,Empty,
510880.SS,2013-04-15A,Empty,
510880.SS,2013-04-15C,Empty,
510880.SS,2013-04-16A,Empty,
510880.SS,2013-04-16C,Empty,
510880.SS,2013-04-17A,Empty,
510880.SS,2013-04-17C,Empty,
510880.SS,2013-04-18A,Empty,
510880.SS,2013-04-18C,Empty,
510880.SS,2013-04-19A,Empty,
510880.SS,2013-04-19C,Long,
510880.SS,2013-04-22A,Long,
510880.SS,2013-04-22C,Long,
510880.SS,2013-04-23A,Long,
510880.SS,2013-04-23C,Empty,
510880.SS,2013-04-24A,Empty,
510880.SS,2013-04-24C,Long,
510880.SS,2013-04-25A,Long,
510880.SS,2013-04-25C,Long,
510880.SS,2013-04-26A,Long,
510880.SS,2013-04-26C,Empty,
510880.SS,2013-05-02A,Empty,
510880.SS,2013-05-02C,Long,
510880.SS,2013-05-03A,Long,
510880.SS,2013-05-03C,Long,
510880.SS,2013-05-06A,Long,
510880.SS,2013-05-06C,Long,
510880.SS,2013-05-07A,Long,
510880.SS,2013-05-07C,Long,
510880.SS,2013-05-08A,Long,
510880.SS,2013-05-08C,Long,
510880.SS,2013-05-09A,Long,
510880.SS,2013-05-09C,Long,
510880.SS,2013-05-10A,Long,
510880.SS,2013-05-10C,Long,
510880.SS,2013-05-13A,Long,
510880.SS,2013-05-13C,Long,
510880.SS,2013-05-14A,Long,
510880.SS,2013-05-14C,Empty,
510880.SS,2013-05-15A,Empty,
510880.SS,2013-05-15C,Long,
510880.SS,2013-05-16A,Long,
510880.SS,2013-05-16C,Long,
510880.SS,2013-05-17A,Long,
510880.SS,2013-05-17C,Long,
510880.SS,2013-05-20A,Long,
510880.SS,2013-05-20C,Long,
510880.SS,2013-05-21A,Long,
510880.SS,2013-05-21C,Long,
510880.SS,2013-05-22A,Long,
510880.SS,2013-05-22C,Long,
510880.SS,2013-05-23A,Long,
510880.SS,2013-05-23C,Empty,
510880.SS,2013-05-24A,Empty,
510880.SS,2013-05-24C,Empty,
510880.SS,2013-05-27A,Empty,
510880.SS,2013-05-27C,Empty,
510880.SS,2013-05-28A,Empty,
510880.SS,2013-05-28C,Long,
510880.SS,2013-05-29A,Long,
510880.SS,2013-05-29C,Long,
510880.SS,2013-05-30A,Long,
510880.SS,2013-05-30C,Long,
510880.SS,2013-05-31A,Long,
510880.SS,2013-05-31C,Empty,
510880.SS,2013-06-03A,Empty,
510880.SS,2013-06-03C,Empty,
510880.SS,2013-06-04A,Empty,
510880.SS,2013-06-04C,Empty,
510880.SS,2013-06-05A,Empty,
510880.SS,2013-06-05C,Empty,
510880.SS,2013-06-06A,Empty,
510880.SS,2013-06-06C,Empty,
510880.SS,2013-06-07A,Empty,
510880.SS,2013-06-07C,Empty,
510880.SS,2013-06-13A,Empty,
510880.SS,2013-06-13C,Empty,
510880.SS,2013-06-14A,Empty,
510880.SS,2013-06-14C,Empty,
510880.SS,2013-06-17A,Empty,
510880.SS,2013-06-17C,Empty,
510880.SS,2013-06-18A,Empty,
510880.SS,2013-06-18C,Empty,
510880.SS,2013-06-19A,Empty,
510880.SS,2013-06-19C,Empty,
510880.SS,2013-06-20A,Empty,
510880.SS,2013-06-20C,Empty,
510880.SS,2013-06-21A,Empty,
510880.SS,2013-06-21C,Empty,
510880.SS,2013-06-24A,Empty,
510880.SS,2013-06-24C,Empty,
510880.SS,2013-06-25A,Empty,
510880.SS,2013-06-25C,Empty,
510880.SS,2013-06-26A,Empty,
510880.SS,2013-06-26C,Empty,
510880.SS,2013-06-27A,Empty,
510880.SS,2013-06-27C,Empty,
510880.SS,2013-06-28A,Empty,
510880.SS,2013-06-28C,Empty,
510880.SS,2013-07-01A,Empty,
510880.SS,2013-07-01C,Empty,
510880.SS,2013-07-02A,Empty,
510880.SS,2013-07-02C,Empty,
510880.SS,2013-07-03A,Empty,
510880.SS,2013-07-03C,Empty,
510880.SS,2013-07-04A,Empty,
510880.SS,2013-07-04C,Long,
510880.SS,2013-07-05A,Long,
510880.SS,2013-07-05C,Long,
510880.SS,2013-07-08A,Empty,
510880.SS,2013-07-08C,Empty,
510880.SS,2013-07-09A,Empty,
510880.SS,2013-07-09C,Long,
510880.SS,2013-07-10A,Long,
510880.SS,2013-07-10C,Long,
510880.SS,2013-07-11A,Long,
510880.SS,2013-07-11C,Long,
510880.SS,2013-07-12A,Long,
510880.SS,2013-07-12C,Long,
510880.SS,2013-07-15A,Long,
510880.SS,2013-07-15C,Long,
510880.SS,2013-07-16A,Long,
510880.SS,2013-07-16C,Long,
510880.SS,2013-07-17A,Long,
510880.SS,2013-07-17C,Long,
510880.SS,2013-07-18A,Long,
510880.SS,2013-07-18C,Empty,
510880.SS,2013-07-19A,Empty,
510880.SS,2013-07-19C,Empty,
510880.SS,2013-07-22A,Empty,
510880.SS,2013-07-22C,Empty,
510880.SS,2013-07-23A,Empty,
510880.SS,2013-07-23C,Long,
510880.SS,2013-07-24A,Long,
510880.SS,2013-07-24C,Empty,
510880.SS,2013-07-25A,Empty,
510880.SS,2013-07-25C,Empty,
510880.SS,2013-07-26A,Empty,
510880.SS,2013-07-26C,Empty,
510880.SS,2013-07-29A,Empty,
510880.SS,2013-07-29C,Empty,
510880.SS,2013-07-30A,Empty,
510880.SS,2013-07-30C,Empty,
510880.SS,2013-07-31A,Empty,
510880.SS,2013-07-31C,Empty,
510880.SS,2013-08-01A,Empty,
510880.SS,2013-08-01C,Long,
510880.SS,2013-08-02A,Long,
510880.SS,2013-08-02C,Long,
510880.SS,2013-08-05A,Long,
510880.SS,2013-08-05C,Long,
510880.SS,2013-08-06A,Long,
510880.SS,2013-08-06C,Long,
510880.SS,2013-08-07A,Long,
510880.SS,2013-08-07C,Long,
510880.SS,2013-08-08A,Long,
510880.SS,2013-08-08C,Long,
510880.SS,2013-08-09A,Long,
510880.SS,2013-08-09C,Long,
510880.SS,2013-08-12A,Long,
510880.SS,2013-08-12C,Long,
510880.SS,2013-08-13A,Long,
510880.SS,2013-08-13C,Long,
510880.SS,2013-08-14A,Long,
510880.SS,2013-08-14C,Long,
510880.SS,2013-08-15A,Long,
510880.SS,2013-08-15C,Long,
510880.SS,2013-08-16A,Long,
510880.SS,2013-08-16C,Long,
510880.SS,2013-08-19A,Long,
510880.SS,2013-08-19C,Long,
510880.SS,2013-08-20A,Long,
510880.SS,2013-08-20C,Long,
510880.SS,2013-08-21A,Long,
510880.SS,2013-08-21C,Long,
510880.SS,2013-08-22A,Long,
510880.SS,2013-08-22C,Long,
510880.SS,2013-08-23A,Long,
510880.SS,2013-08-23C,Empty,
510880.SS,2013-08-26A,Empty,
510880.SS,2013-08-26C,Long,
510880.SS,2013-08-27A,Long,
510880.SS,2013-08-27C,Long,
510880.SS,2013-08-28A,Long,
510880.SS,2013-08-28C,Long,
510880.SS,2013-08-29A,Long,
510880.SS,2013-08-29C,Empty,
510880.SS,2013-08-30A,Empty,
510880.SS,2013-08-30C,Empty,
510880.SS,2013-09-02A,Long,
510880.SS,2013-09-02C,Long,
510880.SS,2013-09-03A,Long,
510880.SS,2013-09-03C,Long,
510880.SS,2013-09-04A,Long,
510880.SS,2013-09-04C,Long,
510880.SS,2013-09-05A,Long,
510880.SS,2013-09-05C,Long,
510880.SS,2013-09-06A,Long,
510880.SS,2013-09-06C,Long,
510880.SS,2013-09-09A,Long,
510880.SS,2013-09-09C,Long,
510880.SS,2013-09-10A,Long,
510880.SS,2013-09-10C,Long,
510880.SS,2013-09-11A,Long,
510880.SS,2013-09-11C,Long,
510880.SS,2013-09-12A,Long,
510880.SS,2013-09-12C,Long,
510880.SS,2013-09-13A,Long,
510880.SS,2013-09-13C,Long,
510880.SS,2013-09-16A,Long,
510880.SS,2013-09-16C,Long,
510880.SS,2013-09-17A,Long,
510880.SS,2013-09-17C,Empty,
510880.SS,2013-09-18A,Empty,
510880.SS,2013-09-18C,Empty,
510880.SS,2013-09-23A,Empty,
510880.SS,2013-09-23C,Empty,
510880.SS,2013-09-24A,Empty,
510880.SS,2013-09-24C,Empty,
510880.SS,2013-09-25A,Empty,
510880.SS,2013-09-25C,Empty,
510880.SS,2013-09-26A,Empty,
510880.SS,2013-09-26C,Empty,
510880.SS,2013-09-27A,Empty,
510880.SS,2013-09-27C,Empty,
510880.SS,2013-09-30A,Empty,
510880.SS,2013-09-30C,Empty,
510880.SS,2013-10-08A,Empty,
510880.SS,2013-10-08C,Empty,
510880.SS,2013-10-09A,Empty,
510880.SS,2013-10-09C,Empty,
510880.SS,2013-10-10A,Empty,
510880.SS,2013-10-10C,Empty,
510880.SS,2013-10-11A,Empty,
510880.SS,2013-10-11C,Empty,
510880.SS,2013-10-14A,Empty,
510880.SS,2013-10-14C,Empty,
510880.SS,2013-10-15A,Empty,
510880.SS,2013-10-15C,Empty,
510880.SS,2013-10-16A,Empty,
510880.SS,2013-10-16C,Empty,
510880.SS,2013-10-17A,Empty,
510880.SS,2013-10-17C,Empty,
510880.SS,2013-10-18A,Empty,
510880.SS,2013-10-18C,Empty,
510880.SS,2013-10-21A,Empty,
510880.SS,2013-10-21C,Long,
510880.SS,2013-10-22A,Long,
510880.SS,2013-10-22C,Empty,
510880.SS,2013-10-23A,Empty,
510880.SS,2013-10-23C,Empty,
510880.SS,2013-10-24A,Empty,
510880.SS,2013-10-24C,Empty,
510880.SS,2013-10-25A,Empty,
510880.SS,2013-10-25C,Empty,
510880.SS,2013-10-28A,Empty,
510880.SS,2013-10-28C,Empty,
510880.SS,2013-10-29A,Empty,
510880.SS,2013-10-29C,Empty,
510880.SS,2013-10-30A,Long,
510880.SS,2013-10-30C,Long,
510880.SS,2013-10-31A,Long,
510880.SS,2013-10-31C,Long,
510880.SS,2013-11-01A,Long,
510880.SS,2013-11-01C,Long,
510880.SS,2013-11-04A,Long,
510880.SS,2013-11-04C,Long,
510880.SS,2013-11-05A,Long,
510880.SS,2013-11-05C,Long,
510880.SS,2013-11-06A,Long,
510880.SS,2013-11-06C,Empty,
510880.SS,2013-11-07A,Empty,
510880.SS,2013-11-07C,Empty,
510880.SS,2013-11-08A,Empty,
510880.SS,2013-11-08C,Empty,
510880.SS,2013-11-11A,Empty,
510880.SS,2013-11-11C,Empty,
510880.SS,2013-11-12A,Empty,
510880.SS,2013-11-12C,Empty,
510880.SS,2013-11-13A,Empty,
510880.SS,2013-11-13C,Empty,
510880.SS,2013-11-14A,Empty,
510880.SS,2013-11-14C,Empty,
510880.SS,2013-11-15A,Empty,
510880.SS,2013-11-15C,Empty,
510880.SS,2013-11-18A,Long,
510880.SS,2013-11-18C,Long,
510880.SS,2013-11-19A,Long,
510880.SS,2013-11-19C,Long,
510880.SS,2013-11-20A,Long,
510880.SS,2013-11-20C,Long,
510880.SS,2013-11-21A,Long,
510880.SS,2013-11-21C,Long,
510880.SS,2013-11-22A,Long,
510880.SS,2013-11-22C,Long,
510880.SS,2013-11-25A,Long,
510880.SS,2013-11-25C,Long,
510880.SS,2013-11-26A,Long,
510880.SS,2013-11-26C,Empty,
510880.SS,2013-11-27A,Empty,
510880.SS,2013-11-27C,Long,
510880.SS,2013-11-28A,Long,
510880.SS,2013-11-28C,Long,
510880.SS,2013-11-29A,Long,
510880.SS,2013-11-29C,Long,
510880.SS,2013-12-02A,Long,
510880.SS,2013-12-02C,Long,
510880.SS,2013-12-03A,Long,
510880.SS,2013-12-03C,Long,
510880.SS,2013-12-04A,Long,
510880.SS,2013-12-04C,Long,
510880.SS,2013-12-05A,Long,
510880.SS,2013-12-05C,Long,
510880.SS,2013-12-06A,Long,
510880.SS,2013-12-06C,Long,
510880.SS,2013-12-09A,Long,
510880.SS,2013-12-09C,Long,
510880.SS,2013-12-10A,Long,
510880.SS,2013-12-10C,Long,
510880.SS,2013-12-11A,Long,
510880.SS,2013-12-11C,Empty,
510880.SS,2013-12-12A,Empty,
510880.SS,2013-12-12C,Empty,
510880.SS,2013-12-13A,Empty,
510880.SS,2013-12-13C,Empty,
510880.SS,2013-12-16A,Empty,
510880.SS,2013-12-16C,Empty,
510880.SS,2013-12-17A,Empty,
510880.SS,2013-12-17C,Empty,
510880.SS,2013-12-18A,Empty,
510880.SS,2013-12-18C,Empty,
510880.SS,2013-12-19A,Empty,
510880.SS,2013-12-19C,Empty,
510880.SS,2013-12-20A,Empty,
510880.SS,2013-12-20C,Empty,
510880.SS,2013-12-23A,Empty,
510880.SS,2013-12-23C,Empty,
510880.SS,2013-12-24A,Empty,
510880.SS,2013-12-24C,Empty,
510880.SS,2013-12-25A,Empty,
510880.SS,2013-12-25C,Empty,
510880.SS,2013-12-26A,Empty,
510880.SS,2013-12-26C,Empty,
510880.SS,2013-12-27A,Empty,
510880.SS,2013-12-27C,Empty,
510880.SS,2013-12-30A,Empty,
510880.SS,2013-12-30C,Empty,
510880.SS,2013-12-31A,Empty,
510880.SS,2013-12-31C,Long,
510880.SS,2014-01-02A,Long,
510880.SS,2014-01-02C,Empty,
510880.SS,2014-01-03A,Empty,
510880.SS,2014-01-03C,Empty,
510880.SS,2014-01-06A,Empty,
510880.SS,2014-01-06C,Empty,
510880.SS,2014-01-07A,Empty,
510880.SS,2014-01-07C,Empty,
510880.SS,2014-01-08A,Empty,
510880.SS,2014-01-08C,Empty,
510880.SS,2014-01-09A,Empty,
510880.SS,2014-01-09C,Empty,
510880.SS,2014-01-10A,Empty,
510880.SS,2014-01-10C,Empty,
510880.SS,2014-01-13A,Empty,
510880.SS,2014-01-13C,Empty,
510880.SS,2014-01-14A,Empty,
510880.SS,2014-01-14C,Empty,
510880.SS,2014-01-15A,Empty,
510880.SS,2014-01-15C,Empty,
510880.SS,2014-01-16A,Empty,
510880.SS,2014-01-16C,Empty,
510880.SS,2014-01-17A,Long,
510880.SS,2014-01-17C,Empty,
510880.SS,2014-01-20A,Empty,
510880.SS,2014-01-20C,Empty,
510880.SS,2014-01-21A,Long,
510880.SS,2014-01-21C,Empty,
510880.SS,2014-01-22A,Empty,
510880.SS,2014-01-22C,Long,
510880.SS,2014-01-23A,Long,
510880.SS,2014-01-23C,Long,
510880.SS,2014-01-24A,Long,
510880.SS,2014-01-24C,Long,
510880.SS,2014-01-27A,Long,
510880.SS,2014-01-27C,Long,
510880.SS,2014-01-28A,Long,
510880.SS,2014-01-28C,Long,
510880.SS,2014-01-29A,Long,
510880.SS,2014-01-29C,Long,
510880.SS,2014-01-30A,Long,
510880.SS,2014-01-30C,Long,
510880.SS,2014-02-07A,Long,
510880.SS,2014-02-07C,Long,
510880.SS,2014-02-10A,Long,
510880.SS,2014-02-10C,Long,
510880.SS,2014-02-11A,Long,
510880.SS,2014-02-11C,Long,
510880.SS,2014-02-12A,Long,
510880.SS,2014-02-12C,Long,
510880.SS,2014-02-13A,Long,
510880.SS,2014-02-13C,Long,
510880.SS,2014-02-14A,Long,
510880.SS,2014-02-14C,Long,
510880.SS,2014-02-17A,Long,
510880.SS,2014-02-17C,Long,
510880.SS,2014-02-18A,Long,
510880.SS,2014-02-18C,Long,
510880.SS,2014-02-19A,Long,
510880.SS,2014-02-19C,Long,
510880.SS,2014-02-20A,Long,
510880.SS,2014-02-20C,Long,
510880.SS,2014-02-21A,Long,
510880.SS,2014-02-21C,Long,
510880.SS,2014-02-24A,Empty,
510880.SS,2014-02-24C,Empty,
510880.SS,2014-02-25A,Empty,
510880.SS,2014-02-25C,Empty,
510880.SS,2014-02-26A,Empty,
510880.SS,2014-02-26C,Empty,
510880.SS,2014-02-27A,Empty,
510880.SS,2014-02-27C,Empty,
510880.SS,2014-02-28A,Empty,
510880.SS,2014-02-28C,Empty,
510880.SS,2014-03-03A,Empty,
510880.SS,2014-03-03C,Empty,
510880.SS,2014-03-04A,Empty,
510880.SS,2014-03-04C,Empty,
510880.SS,2014-03-05A,Empty,
510880.SS,2014-03-05C,Empty,
510880.SS,2014-03-06A,Empty,
510880.SS,2014-03-06C,Empty,
510880.SS,2014-03-07A,Empty,
510880.SS,2014-03-07C,Empty,
510880.SS,2014-03-10A,Empty,
510880.SS,2014-03-10C,Empty,
510880.SS,2014-03-11A,Empty,
510880.SS,2014-03-11C,Empty,
510880.SS,2014-03-12A,Empty,
510880.SS,2014-03-12C,Empty,
510880.SS,2014-03-13A,Empty,
510880.SS,2014-03-13C,Empty,
510880.SS,2014-03-14A,Empty,
510880.SS,2014-03-14C,Empty,
510880.SS,2014-03-17A,Empty,
510880.SS,2014-03-17C,Long,
510880.SS,2014-03-18A,Long,
510880.SS,2014-03-18C,Long,
510880.SS,2014-03-19A,Long,
510880.SS,2014-03-19C,Empty,
510880.SS,2014-03-20A,Empty,
510880.SS,2014-03-20C,Empty,
510880.SS,2014-03-21A,Empty,
510880.SS,2014-03-21C,Long,
510880.SS,2014-03-24A,Long,
510880.SS,2014-03-24C,Long,
510880.SS,2014-03-25A,Long,
510880.SS,2014-03-25C,Long,
510880.SS,2014-03-26A,Long,
510880.SS,2014-03-26C,Long,
510880.SS,2014-03-27A,Long,
510880.SS,2014-03-27C,Long,
510880.SS,2014-03-28A,Long,
510880.SS,2014-03-28C,Long,
510880.SS,2014-03-31A,Long,
510880.SS,2014-03-31C,Empty,
510880.SS,2014-04-01A,Empty,
510880.SS,2014-04-01C,Long,
510880.SS,2014-04-02A,Long,
510880.SS,2014-04-02C,Long,
510880.SS,2014-04-03A,Long,
510880.SS,2014-04-03C,Empty,
510880.SS,2014-04-04A,Empty,
510880.SS,2014-04-04C,Long,
510880.SS,2014-04-08A,Long,
510880.SS,2014-04-08C,Long,
510880.SS,2014-04-09A,Long,
510880.SS,2014-04-09C,Long,
510880.SS,2014-04-10A,Long,
510880.SS,2014-04-10C,Long,
510880.SS,2014-04-11A,Long,
510880.SS,2014-04-11C,Long,
510880.SS,2014-04-14A,Long,
510880.SS,2014-04-14C,Long,
510880.SS,2014-04-15A,Long,
510880.SS,2014-04-15C,Long,
510880.SS,2014-04-16A,Empty,
510880.SS,2014-04-16C,Empty,
510880.SS,2014-04-17A,Empty,
510880.SS,2014-04-17C,Empty,
510880.SS,2014-04-18A,Empty,
510880.SS,2014-04-18C,Empty,
510880.SS,2014-04-21A,Empty,
510880.SS,2014-04-21C,Empty,
510880.SS,2014-04-22A,Empty,
510880.SS,2014-04-22C,Empty,
510880.SS,2014-04-23A,Empty,
510880.SS,2014-04-23C,Empty,
510880.SS,2014-04-24A,Empty,
510880.SS,2014-04-24C,Empty,
510880.SS,2014-04-25A,Empty,
510880.SS,2014-04-25C,Empty,
510880.SS,2014-04-28A,Empty,
510880.SS,2014-04-28C,Empty,
510880.SS,2014-04-29A,Empty,
510880.SS,2014-04-29C,Empty,
510880.SS,2014-04-30A,Empty,
510880.SS,2014-04-30C,Empty,
510880.SS,2014-05-05A,Empty,
510880.SS,2014-05-05C,Empty,
510880.SS,2014-05-06A,Empty,
510880.SS,2014-05-06C,Empty,
510880.SS,2014-05-07A,Empty,
510880.SS,2014-05-07C,Empty,
510880.SS,2014-05-08A,Empty,
510880.SS,2014-05-08C,Empty,
510880.SS,2014-05-09A,Empty,
510880.SS,2014-05-09C,Empty,
510880.SS,2014-05-12A,Empty,
510880.SS,2014-05-12C,Long,
510880.SS,2014-05-13A,Long,
510880.SS,2014-05-13C,Long,
510880.SS,2014-05-14A,Long,
510880.SS,2014-05-14C,Long,
510880.SS,2014-05-15A,Long,
510880.SS,2014-05-15C,Empty,
510880.SS,2014-05-16A,Empty,
510880.SS,2014-05-16C,Empty,
510880.SS,2014-05-19A,Empty,
510880.SS,2014-05-19C,Empty,
510880.SS,2014-05-20A,Empty,
510880.SS,2014-05-20C,Empty,
510880.SS,2014-05-21A,Empty,
510880.SS,2014-05-21C,Long,
510880.SS,2014-05-22A,Long,
510880.SS,2014-05-22C,Empty,
510880.SS,2014-05-23A,Empty,
510880.SS,2014-05-23C,Long,
510880.SS,2014-05-26A,Long,
510880.SS,2014-05-26C,Long,
510880.SS,2014-05-27A,Long,
510880.SS,2014-05-27C,Long,
510880.SS,2014-05-28A,Long,
510880.SS,2014-05-28C,Long,
510880.SS,2014-05-29A,Long,
510880.SS,2014-05-29C,Long,
510880.SS,2014-05-30A,Long,
510880.SS,2014-05-30C,Long,
510880.SS,2014-06-03A,Long,
510880.SS,2014-06-03C,Empty,
510880.SS,2014-06-04A,Empty,
510880.SS,2014-06-04C,Empty,
510880.SS,2014-06-05A,Empty,
510880.SS,2014-06-05C,Long,
510880.SS,2014-06-06A,Empty,
510880.SS,2014-06-06C,Empty,
510880.SS,2014-06-09A,Empty,
510880.SS,2014-06-09C,Empty,
510880.SS,2014-06-10A,Empty,
510880.SS,2014-06-10C,Long,
510880.SS,2014-06-11A,Long,
510880.SS,2014-06-11C,Long,
510880.SS,2014-06-12A,Long,
510880.SS,2014-06-12C,Long,
510880.SS,2014-06-13A,Long,
510880.SS,2014-06-13C,Long,
510880.SS,2014-06-16A,Long,
510880.SS,2014-06-16C,Long,
510880.SS,2014-06-17A,Long,
510880.SS,2014-06-17C,Long,
510880.SS,2014-06-18A,Long,
510880.SS,2014-06-18C,Long,
510880.SS,2014-06-19A,Long,
510880.SS,2014-06-19C,Empty,
510880.SS,2014-06-20A,Empty,
510880.SS,2014-06-20C,Empty,
510880.SS,2014-06-23A,Empty,
510880.SS,2014-06-23C,Empty,
510880.SS,2014-06-24A,Empty,
510880.SS,2014-06-24C,Empty,
510880.SS,2014-06-25A,Empty,
510880.SS,2014-06-25C,Empty,
510880.SS,2014-06-26A,Empty,
510880.SS,2014-06-26C,Long,
510880.SS,2014-06-27A,Empty,
510880.SS,2014-06-27C,Long,
510880.SS,2014-06-30A,Long,
510880.SS,2014-06-30C,Long,
510880.SS,2014-07-01A,Long,
510880.SS,2014-07-01C,Long,
510880.SS,2014-07-02A,Long,
510880.SS,2014-07-02C,Long,
510880.SS,2014-07-03A,Long,
510880.SS,2014-07-03C,Long,
510880.SS,2014-07-04A,Long,
510880.SS,2014-07-04C,Long,
510880.SS,2014-07-07A,Long,
510880.SS,2014-07-07C,Long,
510880.SS,2014-07-08A,Long,
510880.SS,2014-07-08C,Long,
510880.SS,2014-07-09A,Long,
510880.SS,2014-07-09C,Empty,
510880.SS,2014-07-10A,Empty,
510880.SS,2014-07-10C,Empty,
510880.SS,2014-07-11A,Empty,
510880.SS,2014-07-11C,Long,
510880.SS,2014-07-14A,Long,
510880.SS,2014-07-14C,Long,
510880.SS,2014-07-15A,Long,
510880.SS,2014-07-15C,Long,
510880.SS,2014-07-16A,Long,
510880.SS,2014-07-16C,Long,
510880.SS,2014-07-17A,Long,
510880.SS,2014-07-17C,Long,
510880.SS,2014-07-18A,Long,
510880.SS,2014-07-18C,Long,
510880.SS,2014-07-21A,Long,
510880.SS,2014-07-21C,Long,
510880.SS,2014-07-22A,Long,
510880.SS,2014-07-22C,Long,
510880.SS,2014-07-23A,Long,
510880.SS,2014-07-23C,Long,
510880.SS,2014-07-24A,Long,
510880.SS,2014-07-24C,Long,
510880.SS,2014-07-25A,Long,
510880.SS,2014-07-25C,Long,
510880.SS,2014-07-28A,Long,
510880.SS,2014-07-28C,Long,
510880.SS,2014-07-29A,Long,
510880.SS,2014-07-29C,Long,
510880.SS,2014-07-30A,Long,
510880.SS,2014-07-30C,Long,
510880.SS,2014-07-31A,Long,
510880.SS,2014-07-31C,Long,
510880.SS,2014-08-01A,Long,
510880.SS,2014-08-01C,Long,
510880.SS,2014-08-04A,Long,
510880.SS,2014-08-04C,Long,
510880.SS,2014-08-05A,Long,
510880.SS,2014-08-05C,Long,
510880.SS,2014-08-06A,Long,
510880.SS,2014-08-06C,Long,
510880.SS,2014-08-07A,Long,
510880.SS,2014-08-07C,Long,
510880.SS,2014-08-08A,Empty,
510880.SS,2014-08-08C,Long,
510880.SS,2014-08-11A,Empty,
510880.SS,2014-08-11C,Long,
510880.SS,2014-08-12A,Long,
510880.SS,2014-08-12C,Long,
510880.SS,2014-08-13A,Long,
510880.SS,2014-08-13C,Long,
510880.SS,2014-08-14A,Long,
510880.SS,2014-08-14C,Empty,
510880.SS,2014-08-15A,Empty,
510880.SS,2014-08-15C,Long,
510880.SS,2014-08-18A,Long,
510880.SS,2014-08-18C,Long,
510880.SS,2014-08-19A,Long,
510880.SS,2014-08-19C,Long,
510880.SS,2014-08-20A,Long,
510880.SS,2014-08-20C,Empty,
510880.SS,2014-08-21A,Empty,
510880.SS,2014-08-21C,Empty,
510880.SS,2014-08-22A,Empty,
510880.SS,2014-08-22C,Empty,
510880.SS,2014-08-25A,Empty,
510880.SS,2014-08-25C,Empty,
510880.SS,2014-08-26A,Empty,
510880.SS,2014-08-26C,Empty,
510880.SS,2014-08-27A,Empty,
510880.SS,2014-08-27C,Empty,
510880.SS,2014-08-28A,Empty,
510880.SS,2014-08-28C,Empty,
510880.SS,2014-08-29A,Empty,
510880.SS,2014-08-29C,Empty,
510880.SS,2014-09-01A,Empty,
510880.SS,2014-09-01C,Empty,
510880.SS,2014-09-02A,Empty,
510880.SS,2014-09-02C,Long,
510880.SS,2014-09-03A,Long,
510880.SS,2014-09-03C,Long,
510880.SS,2014-09-04A,Long,
510880.SS,2014-09-04C,Long,
510880.SS,2014-09-05A,Long,
510880.SS,2014-09-05C,Long,
510880.SS,2014-09-09A,Long,
510880.SS,2014-09-09C,Long,
510880.SS,2014-09-10A,Long,
510880.SS,2014-09-10C,Long,
510880.SS,2014-09-11A,Long,
510880.SS,2014-09-11C,Long,
510880.SS,2014-09-12A,Long,
510880.SS,2014-09-12C,Long,
510880.SS,2014-09-15A,Long,
510880.SS,2014-09-15C,Long,
510880.SS,2014-09-16A,Long,
510880.SS,2014-09-16C,Empty,
510880.SS,2014-09-17A,Empty,
510880.SS,2014-09-17C,Empty,
510880.SS,2014-09-18A,Empty,
510880.SS,2014-09-18C,Empty,
510880.SS,2014-09-19A,Empty,
510880.SS,2014-09-19C,Long,
510880.SS,2014-09-22A,Long,
510880.SS,2014-09-22C,Empty,
510880.SS,2014-09-23A,Empty,
510880.SS,2014-09-23C,Empty,
510880.SS,2014-09-24A,Empty,
510880.SS,2014-09-24C,Long,
510880.SS,2014-09-25A,Long,
510880.SS,2014-09-25C,Long,
510880.SS,2014-09-26A,Long,
510880.SS,2014-09-26C,Long,
510880.SS,2014-09-29A,Long,
510880.SS,2014-09-29C,Long,
510880.SS,2014-09-30A,Long,
510880.SS,2014-09-30C,Long,
510880.SS,2014-10-08A,Long,
510880.SS,2014-10-08C,Long,
510880.SS,2014-10-09A,Long,
510880.SS,2014-10-09C,Long,
510880.SS,2014-10-10A,Long,
510880.SS,2014-10-10C,Long,
510880.SS,2014-10-13A,Empty,
510880.SS,2014-10-13C,Empty,
510880.SS,2014-10-14A,Empty,
510880.SS,2014-10-14C,Empty,
510880.SS,2014-10-15A,Empty,
510880.SS,2014-10-15C,Empty,
510880.SS,2014-10-16A,Empty,
510880.SS,2014-10-16C,Empty,
510880.SS,2014-10-17A,Empty,
510880.SS,2014-10-17C,Empty,
510880.SS,2014-10-20A,Empty,
510880.SS,2014-10-20C,Long,
510880.SS,2014-10-21A,Long,
510880.SS,2014-10-21C,Empty,
510880.SS,2014-10-22A,Empty,
510880.SS,2014-10-22C,Empty,
510880.SS,2014-10-23A,Empty,
510880.SS,2014-10-23C,Empty,
510880.SS,2014-10-24A,Empty,
510880.SS,2014-10-24C,Empty,
510880.SS,2014-10-27A,Empty,
510880.SS,2014-10-27C,Empty,
510880.SS,2014-10-28A,Empty,
510880.SS,2014-10-28C,Empty,
510880.SS,2014-10-29A,Empty,
510880.SS,2014-10-29C,Long,
510880.SS,2014-10-30A,Long,
510880.SS,2014-10-30C,Long,
510880.SS,2014-10-31A,Long,
510880.SS,2014-10-31C,Long,
510880.SS,2014-11-03A,Long,
510880.SS,2014-11-03C,Long,
510880.SS,2014-11-04A,Long,
510880.SS,2014-11-04C,Long,
510880.SS,2014-11-05A,Long,
510880.SS,2014-11-05C,Long,
510880.SS,2014-11-06A,Long,
510880.SS,2014-11-06C,Long,
510880.SS,2014-11-07A,Long,
510880.SS,2014-11-07C,Long,
510880.SS,2014-11-10A,Long,
510880.SS,2014-11-10C,Long,
510880.SS,2014-11-11A,Long,
510880.SS,2014-11-11C,Long,
510880.SS,2014-11-12A,Long,
510880.SS,2014-11-12C,Long,
510880.SS,2014-11-13A,Long,
510880.SS,2014-11-13C,Long,
510880.SS,2014-11-14A,Long,
510880.SS,2014-11-14C,Long,
510880.SS,2014-11-17A,Long,
510880.SS,2014-11-17C,Long,
510880.SS,2014-11-18A,Long,
510880.SS,2014-11-18C,Empty,
510880.SS,2014-11-19A,Empty,
510880.SS,2014-11-19C,Empty,
510880.SS,2014-11-20A,Empty,
510880.SS,2014-11-20C,Empty,
510880.SS,2014-11-21A,Empty,
510880.SS,2014-11-21C,Long,
510880.SS,2014-11-24A,Long,
510880.SS,2014-11-24C,Long,
510880.SS,2014-11-25A,Long,
510880.SS,2014-11-25C,Long,
510880.SS,2014-11-26A,Long,
510880.SS,2014-11-26C,Long,
510880.SS,2014-11-27A,Long,
510880.SS,2014-11-27C,Long,
510880.SS,2014-11-28A,Long,
510880.SS,2014-11-28C,Long,
510880.SS,2014-12-01A,Long,
510880.SS,2014-12-01C,Long,
510880.SS,2014-12-02A,Long,
510880.SS,2014-12-02C,Long,
510880.SS,2014-12-03A,Long,
510880.SS,2014-12-03C,Long,
510880.SS,2014-12-04A,Long,
510880.SS,2014-12-04C,Long,
510880.SS,2014-12-05A,Long,
510880.SS,2014-12-05C,Long,
510880.SS,2014-12-08A,Long,
510880.SS,2014-12-08C,Long,
510880.SS,2014-12-09A,Long,
510880.SS,2014-12-09C,Long,
510880.SS,2014-12-10A,Long,
510880.SS,2014-12-10C,Long,
510880.SS,2014-12-11A,Long,
510880.SS,2014-12-11C,Long,
510880.SS,2014-12-12A,Long,
510880.SS,2014-12-12C,Long,
510880.SS,2014-12-15A,Long,
510880.SS,2014-12-15C,Long,
510880.SS,2014-12-16A,Long,
510880.SS,2014-12-16C,Long,
510880.SS,2014-12-17A,Long,
510880.SS,2014-12-17C,Long,
510880.SS,2014-12-18A,Long,
510880.SS,2014-12-18C,Long,
510880.SS,2014-12-19A,Long,
510880.SS,2014-12-19C,Long,
510880.SS,2014-12-22A,Long,
510880.SS,2014-12-22C,Long,
510880.SS,2014-12-23A,Long,
510880.SS,2014-12-23C,Long,
510880.SS,2014-12-24A,Empty,
510880.SS,2014-12-24C,Empty,
510880.SS,2014-12-25A,Empty,
510880.SS,2014-12-25C,Long,
510880.SS,2014-12-26A,Long,
510880.SS,2014-12-26C,Long,
510880.SS,2014-12-29A,Long,
510880.SS,2014-12-29C,Long,
510880.SS,2014-12-30A,Long,
510880.SS,2014-12-30C,Long,
510880.SS,2014-12-31A,Long,
510880.SS,2014-12-31C,Long,
510880.SS,2015-01-05A,Long,
510880.SS,2015-01-05C,Long,
510880.SS,2015-01-06A,Long,
510880.SS,2015-01-06C,Long,
510880.SS,2015-01-07A,Long,
510880.SS,2015-01-07C,Long,
510880.SS,2015-01-08A,Long,
510880.SS,2015-01-08C,Empty,
510880.SS,2015-01-09A,Empty,
510880.SS,2015-01-09C,Empty,
510880.SS,2015-01-12A,Empty,
510880.SS,2015-01-12C,Empty,
510880.SS,2015-01-13A,Empty,
510880.SS,2015-01-13C,Empty,
510880.SS,2015-01-14A,Empty,
510880.SS,2015-01-14C,Empty,
510880.SS,2015-01-15A,Empty,
510880.SS,2015-01-15C,Long,
510880.SS,2015-01-16A,Long,
510880.SS,2015-01-16C,Long,
510880.SS,2015-01-19A,Empty,
510880.SS,2015-01-19C,Empty,
510880.SS,2015-01-20A,Empty,
510880.SS,2015-01-20C,Empty,
510880.SS,2015-01-21A,Empty,
510880.SS,2015-01-21C,Long,
510880.SS,2015-01-22A,Long,
510880.SS,2015-01-22C,Long,
510880.SS,2015-01-23A,Long,
510880.SS,2015-01-23C,Empty,
510880.SS,2015-01-26A,Long,
510880.SS,2015-01-26C,Long,
510880.SS,2015-01-27A,Long,
510880.SS,2015-01-27C,Long,
510880.SS,2015-01-28A,Empty,
510880.SS,2015-01-28C,Empty,
510880.SS,2015-01-29A,Empty,
510880.SS,2015-01-29C,Empty,
510880.SS,2015-01-30A,Empty,
510880.SS,2015-01-30C,Empty,
510880.SS,2015-02-02A,Empty,
510880.SS,2015-02-02C,Empty,
510880.SS,2015-02-03A,Empty,
510880.SS,2015-02-03C,Empty,
510880.SS,2015-02-04A,Empty,
510880.SS,2015-02-04C,Empty,
510880.SS,2015-02-05A,Empty,
510880.SS,2015-02-05C,Empty,
510880.SS,2015-02-06A,Empty,
510880.SS,2015-02-06C,Empty,
510880.SS,2015-02-09A,Empty,
510880.SS,2015-02-09C,Empty,
510880.SS,2015-02-10A,Empty,
510880.SS,2015-02-10C,Empty,
510880.SS,2015-02-11A,Empty,
510880.SS,2015-02-11C,Empty,
510880.SS,2015-02-12A,Empty,
510880.SS,2015-02-12C,Empty,
510880.SS,2015-02-13A,Empty,
510880.SS,2015-02-13C,Long,
510880.SS,2015-02-16A,Long,
510880.SS,2015-02-16C,Long,
510880.SS,2015-02-17A,Long,
510880.SS,2015-02-17C,Long,
510880.SS,2015-02-25A,Long,
510880.SS,2015-02-25C,Long,
510880.SS,2015-02-26A,Long,
510880.SS,2015-02-26C,Long,
510880.SS,2015-02-27A,Long,
510880.SS,2015-02-27C,Long,
510880.SS,2015-03-02A,Long,
510880.SS,2015-03-02C,Long,
510880.SS,2015-03-03A,Long,
510880.SS,2015-03-03C,Long,
510880.SS,2015-03-04A,Long,
510880.SS,2015-03-04C,Long,
510880.SS,2015-03-05A,Long,
510880.SS,2015-03-05C,Long,
510880.SS,2015-03-06A,Long,
510880.SS,2015-03-06C,Empty,
510880.SS,2015-03-09A,Empty,
510880.SS,2015-03-09C,Long,
510880.SS,2015-03-10A,Long,
510880.SS,2015-03-10C,Long,
510880.SS,2015-03-11A,Long,
510880.SS,2015-03-11C,Long,
510880.SS,2015-03-12A,Long,
510880.SS,2015-03-12C,Long,
510880.SS,2015-03-13A,Long,
510880.SS,2015-03-13C,Long,
510880.SS,2015-03-16A,Long,
510880.SS,2015-03-16C,Long,
510880.SS,2015-03-17A,Long,
510880.SS,2015-03-17C,Long,
510880.SS,2015-03-18A,Long,
510880.SS,2015-03-18C,Long,
510880.SS,2015-03-19A,Long,
510880.SS,2015-03-19C,Long,
510880.SS,2015-03-20A,Long,
510880.SS,2015-03-20C,Long,
510880.SS,2015-03-23A,Long,
510880.SS,2015-03-23C,Long,
510880.SS,2015-03-24A,Long,
510880.SS,2015-03-24C,Long,
510880.SS,2015-03-25A,Long,
510880.SS,2015-03-25C,Long,
510880.SS,2015-03-26A,Long,
510880.SS,2015-03-26C,Long,
510880.SS,2015-03-27A,Long,
510880.SS,2015-03-27C,Long,
510880.SS,2015-03-30A,Long,
510880.SS,2015-03-30C,Long,
510880.SS,2015-03-31A,Long,
510880.SS,2015-03-31C,Long,
510880.SS,2015-04-01A,Long,
510880.SS,2015-04-01C,Long,
510880.SS,2015-04-02A,Long,
510880.SS,2015-04-02C,Long,
510880.SS,2015-04-03A,Long,
510880.SS,2015-04-03C,Long,
510880.SS,2015-04-07A,Long,
510880.SS,2015-04-07C,Long,
510880.SS,2015-04-08A,Long,
510880.SS,2015-04-08C,Long,
510880.SS,2015-04-09A,Long,
510880.SS,2015-04-09C,Long,
510880.SS,2015-04-10A,Long,
510880.SS,2015-04-10C,Long,
510880.SS,2015-04-13A,Long,
510880.SS,2015-04-13C,Long,
510880.SS,2015-04-14A,Long,
510880.SS,2015-04-14C,Long,
510880.SS,2015-04-15A,Long,
510880.SS,2015-04-15C,Long,
510880.SS,2015-04-16A,Long,
510880.SS,2015-04-16C,Long,
510880.SS,2015-04-17A,Long,
510880.SS,2015-04-17C,Long,
510880.SS,2015-04-20A,Long,
510880.SS,2015-04-20C,Long,
510880.SS,2015-04-21A,Long,
510880.SS,2015-04-21C,Long,
510880.SS,2015-04-22A,Long,
510880.SS,2015-04-22C,Long,
510880.SS,2015-04-23A,Long,
510880.SS,2015-04-23C,Long,
510880.SS,2015-04-24A,Long,
510880.SS,2015-04-24C,Long,
510880.SS,2015-04-27A,Long,
510880.SS,2015-04-27C,Long,
510880.SS,2015-04-28A,Long,
510880.SS,2015-04-28C,Empty,
510880.SS,2015-04-29A,Empty,
510880.SS,2015-04-29C,Empty,
510880.SS,2015-04-30A,Empty,
510880.SS,2015-04-30C,Empty,
510880.SS,2015-05-04A,Empty,
510880.SS,2015-05-04C,Long,
510880.SS,2015-05-05A,Long,
510880.SS,2015-05-05C,Empty,
510880.SS,2015-05-06A,Empty,
510880.SS,2015-05-06C,Empty,
510880.SS,2015-05-07A,Empty,
510880.SS,2015-05-07C,Empty,
510880.SS,2015-05-08A,Empty,
510880.SS,2015-05-08C,Empty,
510880.SS,2015-05-11A,Empty,
510880.SS,2015-05-11C,Empty,
510880.SS,2015-05-12A,Empty,
510880.SS,2015-05-12C,Long,
510880.SS,2015-05-13A,Long,
510880.SS,2015-05-13C,Empty,
510880.SS,2015-05-14A,Empty,
510880.SS,2015-05-14C,Long,
510880.SS,2015-05-15A,Empty,
510880.SS,2015-05-15C,Empty,
510880.SS,2015-05-18A,Empty,
510880.SS,2015-05-18C,Empty,
510880.SS,2015-05-19A,Empty,
510880.SS,2015-05-19C,Long,
510880.SS,2015-05-20A,Long,
510880.SS,2015-05-20C,Long,
510880.SS,2015-05-21A,Long,
510880.SS,2015-05-21C,Long,
510880.SS,2015-05-22A,Long,
510880.SS,2015-05-22C,Long,
510880.SS,2015-05-25A,Long,
510880.SS,2015-05-25C,Long,
510880.SS,2015-05-26A,Long,
510880.SS,2015-05-26C,Long,
510880.SS,2015-05-27A,Long,
510880.SS,2015-05-27C,Long,
510880.SS,2015-05-28A,Long,
510880.SS,2015-05-28C,Empty,
510880.SS,2015-05-29A,Empty,
510880.SS,2015-05-29C,Empty,
510880.SS,2015-06-01A,Empty,
510880.SS,2015-06-01C,Long,
510880.SS,2015-06-02A,Long,
510880.SS,2015-06-02C,Long,
510880.SS,2015-06-03A,Long,
510880.SS,2015-06-03C,Long,
510880.SS,2015-06-04A,Long,
510880.SS,2015-06-04C,Long,
510880.SS,2015-06-05A,Long,
510880.SS,2015-06-05C,Long,
510880.SS,2015-06-08A,Long,
510880.SS,2015-06-08C,Long,
510880.SS,2015-06-09A,Long,
510880.SS,2015-06-09C,Long,
510880.SS,2015-06-10A,Long,
510880.SS,2015-06-10C,Long,
510880.SS,2015-06-11A,Long,
510880.SS,2015-06-11C,Long,
510880.SS,2015-06-12A,Long,
510880.SS,2015-06-12C,Long,
510880.SS,2015-06-15A,Long,
510880.SS,2015-06-15C,Long,
510880.SS,2015-06-16A,Long,
510880.SS,2015-06-16C,Empty,
510880.SS,2015-06-17A,Empty,
510880.SS,2015-06-17C,Long,
510880.SS,2015-06-18A,Long,
510880.SS,2015-06-18C,Empty,
510880.SS,2015-06-19A,Empty,
510880.SS,2015-06-19C,Empty,
510880.SS,2015-06-23A,Empty,
510880.SS,2015-06-23C,Empty,
510880.SS,2015-06-24A,Empty,
510880.SS,2015-06-24C,Empty,
510880.SS,2015-06-25A,Empty,
510880.SS,2015-06-25C,Empty,
510880.SS,2015-06-26A,Empty,
510880.SS,2015-06-26C,Empty,
510880.SS,2015-06-29A,Empty,
510880.SS,2015-06-29C,Empty,
510880.SS,2015-06-30A,Empty,
510880.SS,2015-06-30C,Empty,
510880.SS,2015-07-01A,Empty,
510880.SS,2015-07-01C,Empty,
510880.SS,2015-07-02A,Empty,
510880.SS,2015-07-02C,Empty,
510880.SS,2015-07-03A,Empty,
510880.SS,2015-07-03C,Empty,
510880.SS,2015-07-06A,Empty,
510880.SS,2015-07-06C,Empty,
510880.SS,2015-07-07A,Empty,
510880.SS,2015-07-07C,Empty,
510880.SS,2015-07-08A,Empty,
510880.SS,2015-07-08C,Empty,
510880.SS,2015-07-09A,Empty,
510880.SS,2015-07-09C,Empty,
510880.SS,2015-07-10A,Empty,
510880.SS,2015-07-10C,Long,
510880.SS,2015-07-13A,Long,
510880.SS,2015-07-13C,Long,
510880.SS,2015-07-14A,Long,
510880.SS,2015-07-14C,Long,
510880.SS,2015-07-15A,Long,
510880.SS,2015-07-15C,Empty,
510880.SS,2015-07-16A,Empty,
510880.SS,2015-07-16C,Long,
510880.SS,2015-07-17A,Long,
510880.SS,2015-07-17C,Long,
510880.SS,2015-07-20A,Long,
510880.SS,2015-07-20C,Long,
510880.SS,2015-07-21A,Long,
510880.SS,2015-07-21C,Long,
510880.SS,2015-07-22A,Long,
510880.SS,2015-07-22C,Long,
510880.SS,2015-07-23A,Long,
510880.SS,2015-07-23C,Long,
510880.SS,2015-07-24A,Long,
510880.SS,2015-07-24C,Long,
510880.SS,2015-07-27A,Long,
510880.SS,2015-07-27C,Empty,
510880.SS,2015-07-28A,Empty,
510880.SS,2015-07-28C,Empty,
510880.SS,2015-07-29A,Empty,
510880.SS,2015-07-29C,Long,
510880.SS,2015-07-30A,Long,
510880.SS,2015-07-30C,Empty,
510880.SS,2015-07-31A,Empty,
510880.SS,2015-07-31C,Empty,
510880.SS,2015-08-03A,Empty,
510880.SS,2015-08-03C,Long,
510880.SS,2015-08-04A,Long,
510880.SS,2015-08-04C,Long,
510880.SS,2015-08-05A,Long,
510880.SS,2015-08-05C,Long,
510880.SS,2015-08-06A,Empty,
510880.SS,2015-08-06C,Empty,
510880.SS,2015-08-07A,Empty,
510880.SS,2015-08-07C,Long,
510880.SS,2015-08-10A,Long,
510880.SS,2015-08-10C,Long,
510880.SS,2015-08-11A,Long,
510880.SS,2015-08-11C,Long,
510880.SS,2015-08-12A,Long,
510880.SS,2015-08-12C,Long,
510880.SS,2015-08-13A,Long,
510880.SS,2015-08-13C,Long,
510880.SS,2015-08-14A,Long,
510880.SS,2015-08-14C,Long,
510880.SS,2015-08-17A,Long,
510880.SS,2015-08-17C,Long,
510880.SS,2015-08-18A,Long,
510880.SS,2015-08-18C,Empty,
510880.SS,2015-08-19A,Empty,
510880.SS,2015-08-19C,Empty,
510880.SS,2015-08-20A,Empty,
510880.SS,2015-08-20C,Empty,
510880.SS,2015-08-21A,Empty,
510880.SS,2015-08-21C,Empty,
510880.SS,2015-08-24A,Empty,
510880.SS,2015-08-24C,Empty,
510880.SS,2015-08-25A,Empty,
510880.SS,2015-08-25C,Empty,
510880.SS,2015-08-26A,Empty,
510880.SS,2015-08-26C,Empty,
510880.SS,2015-08-27A,Empty,
510880.SS,2015-08-27C,Empty,
510880.SS,2015-08-28A,Empty,
510880.SS,2015-08-28C,Empty,
510880.SS,2015-08-31A,Empty,
510880.SS,2015-08-31C,Empty,
510880.SS,2015-09-01A,Empty,
510880.SS,2015-09-01C,Empty,
510880.SS,2015-09-02A,Empty,
510880.SS,2015-09-02C,Long,
510880.SS,2015-09-07A,Empty,
510880.SS,2015-09-07C,Empty,
510880.SS,2015-09-08A,Empty,
510880.SS,2015-09-08C,Long,
510880.SS,2015-09-09A,Long,
510880.SS,2015-09-09C,Long,
510880.SS,2015-09-10A,Long,
510880.SS,2015-09-10C,Long,
510880.SS,2015-09-11A,Long,
510880.SS,2015-09-11C,Long,
510880.SS,2015-09-14A,Long,
510880.SS,2015-09-14C,Empty,
510880.SS,2015-09-15A,Empty,
510880.SS,2015-09-15C,Empty,
510880.SS,2015-09-16A,Empty,
510880.SS,2015-09-16C,Long,
510880.SS,2015-09-17A,Empty,
510880.SS,2015-09-17C,Empty,
510880.SS,2015-09-18A,Long,
510880.SS,2015-09-18C,Empty,
510880.SS,2015-09-21A,Empty,
510880.SS,2015-09-21C,Long,
510880.SS,2015-09-22A,Long,
510880.SS,2015-09-22C,Long,
510880.SS,2015-09-23A,Long,
510880.SS,2015-09-23C,Long,
510880.SS,2015-09-24A,Long,
510880.SS,2015-09-24C,Long,
510880.SS,2015-09-25A,Long,
510880.SS,2015-09-25C,Empty,
510880.SS,2015-09-28A,Empty,
510880.SS,2015-09-28C,Empty,
510880.SS,2015-09-29A,Empty,
510880.SS,2015-09-29C,Empty,
510880.SS,2015-09-30A,Empty,
510880.SS,2015-09-30C,Empty,
510880.SS,2015-10-08A,Long,
510880.SS,2015-10-08C,Long,
510880.SS,2015-10-09A,Long,
510880.SS,2015-10-09C,Long,
510880.SS,2015-10-12A,Long,
510880.SS,2015-10-12C,Long,
510880.SS,2015-10-13A,Long,
510880.SS,2015-10-13C,Long,
510880.SS,2015-10-14A,Long,
510880.SS,2015-10-14C,Long,
510880.SS,2015-10-15A,Long,
510880.SS,2015-10-15C,Long,
510880.SS,2015-10-16A,Long,
510880.SS,2015-10-16C,Long,
510880.SS,2015-10-19A,Long,
510880.SS,2015-10-19C,Long,
510880.SS,2015-10-20A,Long,
510880.SS,2015-10-20C,Long,
510880.SS,2015-10-21A,Long,
510880.SS,2015-10-21C,Long,
510880.SS,2015-10-22A,Long,
510880.SS,2015-10-22C,Long,
510880.SS,2015-10-23A,Long,
510880.SS,2015-10-23C,Long,
510880.SS,2015-10-26A,Long,
510880.SS,2015-10-26C,Long,
510880.SS,2015-10-27A,Long,
510880.SS,2015-10-27C,Long,
510880.SS,2015-10-28A,Long,
510880.SS,2015-10-28C,Long,
510880.SS,2015-10-29A,Long,
510880.SS,2015-10-29C,Long,
510880.SS,2015-10-30A,Long,
510880.SS,2015-10-30C,Empty,
510880.SS,2015-11-02A,Empty,
510880.SS,2015-11-02C,Empty,
510880.SS,2015-11-03A,Empty,
510880.SS,2015-11-03C,Empty,
510880.SS,2015-11-04A,Empty,
510880.SS,2015-11-04C,Long,
510880.SS,2015-11-05A,Long,
510880.SS,2015-11-05C,Long,
510880.SS,2015-11-06A,Long,
510880.SS,2015-11-06C,Long,
510880.SS,2015-11-09A,Long,
510880.SS,2015-11-09C,Long,
510880.SS,2015-11-10A,Long,
510880.SS,2015-11-10C,Long,
510880.SS,2015-11-11A,Long,
510880.SS,2015-11-11C,Long,
510880.SS,2015-11-12A,Long,
510880.SS,2015-11-12C,Long,
510880.SS,2015-11-13A,Long,
510880.SS,2015-11-13C,Empty,
510880.SS,2015-11-16A,Empty,
510880.SS,2015-11-16C,Long,
510880.SS,2015-11-17A,Long,
510880.SS,2015-11-17C,Long,
510880.SS,2015-11-18A,Long,
510880.SS,2015-11-18C,Empty,
510880.SS,2015-11-19A,Empty,
510880.SS,2015-11-19C,Long,
510880.SS,2015-11-20A,Long,
510880.SS,2015-11-20C,Empty,
510880.SS,2015-11-23A,Empty,
510880.SS,2015-11-23C,Empty,
510880.SS,2015-11-24A,Empty,
510880.SS,2015-11-24C,Empty,
510880.SS,2015-11-25A,Empty,
510880.SS,2015-11-25C,Long,
510880.SS,2015-11-26A,Long,
510880.SS,2015-11-26C,Long,
510880.SS,2015-11-27A,Empty,
510880.SS,2015-11-27C,Empty,
510880.SS,2015-11-30A,Empty,
510880.SS,2015-11-30C,Empty,
510880.SS,2015-12-01A,Empty,
510880.SS,2015-12-01C,Empty,
510880.SS,2015-12-02A,Empty,
510880.SS,2015-12-02C,Empty,
510880.SS,2015-12-03A,Empty,
510880.SS,2015-12-03C,Long,
510880.SS,2015-12-04A,Empty,
510880.SS,2015-12-04C,Empty,
510880.SS,2015-12-07A,Empty,
510880.SS,2015-12-07C,Empty,
510880.SS,2015-12-08A,Empty,
510880.SS,2015-12-08C,Empty,
510880.SS,2015-12-09A,Empty,
510880.SS,2015-12-09C,Empty,
510880.SS,2015-12-10A,Empty,
510880.SS,2015-12-10C,Empty,
510880.SS,2015-12-11A,Empty,
510880.SS,2015-12-11C,Empty,
510880.SS,2015-12-14A,Empty,
510880.SS,2015-12-14C,Long,
510880.SS,2015-12-15A,Long,
510880.SS,2015-12-15C,Empty,
510880.SS,2015-12-16A,Empty,
510880.SS,2015-12-16C,Empty,
510880.SS,2015-12-17A,Long,
510880.SS,2015-12-17C,Long,
510880.SS,2015-12-18A,Long,
510880.SS,2015-12-18C,Long,
510880.SS,2015-12-21A,Long,
510880.SS,2015-12-21C,Long,
510880.SS,2015-12-22A,Long,
510880.SS,2015-12-22C,Long,
510880.SS,2015-12-23A,Long,
510880.SS,2015-12-23C,Long,
510880.SS,2015-12-24A,Long,
510880.SS,2015-12-24C,Long,
510880.SS,2015-12-25A,Long,
510880.SS,2015-12-25C,Long,
510880.SS,2015-12-28A,Long,
510880.SS,2015-12-28C,Empty,
510880.SS,2015-12-29A,Empty,
510880.SS,2015-12-29C,Empty,
510880.SS,2015-12-30A,Empty,
510880.SS,2015-12-30C,Empty,
510880.SS,2015-12-31A,Long,
510880.SS,2015-12-31C,Empty,
510880.SS,2016-01-04A,Empty,
510880.SS,2016-01-04C,Empty,
510880.SS,2016-01-05A,Empty,
510880.SS,2016-01-05C,Empty,
510880.SS,2016-01-06A,Empty,
510880.SS,2016-01-06C,Empty,
510880.SS,2016-01-07A,Empty,
510880.SS,2016-01-07C,Empty,
510880.SS,2016-01-08A,Empty,
510880.SS,2016-01-08C,Empty,
510880.SS,2016-01-11A,Empty,
510880.SS,2016-01-11C,Empty,
510880.SS,2016-01-12A,Empty,
510880.SS,2016-01-12C,Empty,
510880.SS,2016-01-13A,Empty,
510880.SS,2016-01-13C,Empty,
510880.SS,2016-01-14A,Empty,
510880.SS,2016-01-14C,Empty,
510880.SS,2016-01-15A,Empty,
510880.SS,2016-01-15C,Empty,
510880.SS,2016-01-18A,Empty,
510880.SS,2016-01-18C,Empty,
510880.SS,2016-01-19A,Empty,
510880.SS,2016-01-19C,Empty,
510880.SS,2016-01-20A,Empty,
510880.SS,2016-01-20C,Empty,
510880.SS,2016-01-21A,Empty,
510880.SS,2016-01-21C,Empty,
510880.SS,2016-01-22A,Empty,
510880.SS,2016-01-22C,Empty,
510880.SS,2016-01-25A,Empty,
510880.SS,2016-01-25C,Empty,
510880.SS,2016-01-26A,Empty,
510880.SS,2016-01-26C,Empty,
510880.SS,2016-01-27A,Empty,
510880.SS,2016-01-27C,Empty,
510880.SS,2016-01-28A,Empty,
510880.SS,2016-01-28C,Empty,
510880.SS,2016-01-29A,Empty,
510880.SS,2016-01-29C,Empty,
510880.SS,2016-02-01A,Empty,
510880.SS,2016-02-01C,Empty,
510880.SS,2016-02-02A,Empty,
510880.SS,2016-02-02C,Empty,
510880.SS,2016-02-03A,Empty,
510880.SS,2016-02-03C,Empty,
510880.SS,2016-02-04A,Empty,
510880.SS,2016-02-04C,Long,
510880.SS,2016-02-05A,Long,
510880.SS,2016-02-05C,Long,
510880.SS,2016-02-15A,Empty,
510880.SS,2016-02-15C,Long,
510880.SS,2016-02-16A,Long,
510880.SS,2016-02-16C,Long,
510880.SS,2016-02-17A,Long,
510880.SS,2016-02-17C,Long,
510880.SS,2016-02-18A,Long,
510880.SS,2016-02-18C,Long,
510880.SS,2016-02-19A,Long,
510880.SS,2016-02-19C,Long,
510880.SS,2016-02-22A,Long,
510880.SS,2016-02-22C,Long,
510880.SS,2016-02-23A,Long,
510880.SS,2016-02-23C,Long,
510880.SS,2016-02-24A,Long,
510880.SS,2016-02-24C,Long,
510880.SS,2016-02-25A,Long,
510880.SS,2016-02-25C,Empty,
510880.SS,2016-02-26A,Empty,
510880.SS,2016-02-26C,Empty,
510880.SS,2016-02-29A,Empty,
510880.SS,2016-02-29C,Empty,
510880.SS,2016-03-01A,Empty,
510880.SS,2016-03-01C,Empty,
510880.SS,2016-03-02A,Empty,
510880.SS,2016-03-02C,Long,
510880.SS,2016-03-03A,Long,
510880.SS,2016-03-03C,Long,
510880.SS,2016-03-04A,Long,
510880.SS,2016-03-04C,Long,
510880.SS,2016-03-07A,Long,
510880.SS,2016-03-07C,Long,
510880.SS,2016-03-08A,Long,
510880.SS,2016-03-08C,Long,
510880.SS,2016-03-09A,Long,
510880.SS,2016-03-09C,Long,
510880.SS,2016-03-10A,Long,
510880.SS,2016-03-10C,Empty,
510880.SS,2016-03-11A,Empty,
510880.SS,2016-03-11C,Empty,
510880.SS,2016-03-14A,Long,
510880.SS,2016-03-14C,Long,
510880.SS,2016-03-15A,Long,
510880.SS,2016-03-15C,Long,
510880.SS,2016-03-16A,Long,
510880.SS,2016-03-16C,Long,
510880.SS,2016-03-17A,Long,
510880.SS,2016-03-17C,Long,
510880.SS,2016-03-18A,Long,
510880.SS,2016-03-18C,Long,
510880.SS,2016-03-21A,Long,
510880.SS,2016-03-21C,Long,
510880.SS,2016-03-22A,Long,
510880.SS,2016-03-22C,Long,
510880.SS,2016-03-23A,Long,
510880.SS,2016-03-23C,Long,
510880.SS,2016-03-24A,Long,
510880.SS,2016-03-24C,Empty,
510880.SS,2016-03-25A,Empty,
510880.SS,2016-03-25C,Empty,
510880.SS,2016-03-28A,Empty,
510880.SS,2016-03-28C,Empty,
510880.SS,2016-03-29A,Empty,
510880.SS,2016-03-29C,Empty,
510880.SS,2016-03-30A,Empty,
510880.SS,2016-03-30C,Long,
510880.SS,2016-03-31A,Long,
510880.SS,2016-03-31C,Long,
510880.SS,2016-04-01A,Long,
510880.SS,2016-04-01C,Long,
510880.SS,2016-04-05A,Long,
510880.SS,2016-04-05C,Long,
510880.SS,2016-04-06A,Long,
510880.SS,2016-04-06C,Long,
510880.SS,2016-04-07A,Long,
510880.SS,2016-04-07C,Long,
510880.SS,2016-04-08A,Empty,
510880.SS,2016-04-08C,Empty,
510880.SS,2016-04-11A,Empty,
510880.SS,2016-04-11C,Long,
510880.SS,2016-04-12A,Long,
510880.SS,2016-04-12C,Long,
510880.SS,2016-04-13A,Long,
510880.SS,2016-04-13C,Long,
510880.SS,2016-04-14A,Long,
510880.SS,2016-04-14C,Long,
510880.SS,2016-04-15A,Long,
510880.SS,2016-04-15C,Long,
510880.SS,2016-04-18A,Long,
510880.SS,2016-04-18C,Long,
510880.SS,2016-04-19A,Long,
510880.SS,2016-04-19C,Empty,
510880.SS,2016-04-20A,Empty,
510880.SS,2016-04-20C,Empty,
510880.SS,2016-04-21A,Empty,
510880.SS,2016-04-21C,Empty,
510880.SS,2016-04-22A,Empty,
510880.SS,2016-04-22C,Empty,
510880.SS,2016-04-25A,Empty,
510880.SS,2016-04-25C,Empty,
510880.SS,2016-04-26A,Empty,
510880.SS,2016-04-26C,Empty,
510880.SS,2016-04-27A,Empty,
510880.SS,2016-04-27C,Empty,
510880.SS,2016-04-28A,Empty,
510880.SS,2016-04-28C,Empty,
510880.SS,2016-04-29A,Empty,
510880.SS,2016-04-29C,Empty,
510880.SS,2016-05-03A,Empty,
510880.SS,2016-05-03C,Long,
510880.SS,2016-05-04A,Long,
510880.SS,2016-05-04C,Empty,
510880.SS,2016-05-05A,Empty,
510880.SS,2016-05-05C,Empty,
510880.SS,2016-05-06A,Empty,
510880.SS,2016-05-06C,Empty,
510880.SS,2016-05-09A,Empty,
510880.SS,2016-05-09C,Empty,
510880.SS,2016-05-10A,Empty,
510880.SS,2016-05-10C,Empty,
510880.SS,2016-05-11A,Empty,
510880.SS,2016-05-11C,Empty,
510880.SS,2016-05-12A,Empty,
510880.SS,2016-05-12C,Empty,
510880.SS,2016-05-13A,Empty,
510880.SS,2016-05-13C,Empty,
510880.SS,2016-05-16A,Empty,
510880.SS,2016-05-16C,Empty,
510880.SS,2016-05-17A,Empty,
510880.SS,2016-05-17C,Empty,
510880.SS,2016-05-18A,Empty,
510880.SS,2016-05-18C,Empty,
510880.SS,2016-05-19A,Empty,
510880.SS,2016-05-19C,Empty,
510880.SS,2016-05-20A,Empty,
510880.SS,2016-05-20C,Empty,
510880.SS,2016-05-23A,Empty,
510880.SS,2016-05-23C,Empty,
510880.SS,2016-05-24A,Long,
510880.SS,2016-05-24C,Empty,
510880.SS,2016-05-25A,Long,
510880.SS,2016-05-25C,Empty,
510880.SS,2016-05-26A,Long,
510880.SS,2016-05-26C,Empty,
510880.SS,2016-05-27A,Empty,
510880.SS,2016-05-27C,Long,
510880.SS,2016-05-30A,Empty,
510880.SS,2016-05-30C,Long,
510880.SS,2016-05-31A,Long,
510880.SS,2016-05-31C,Long,
510880.SS,2016-06-01A,Long,
510880.SS,2016-06-01C,Long,
510880.SS,2016-06-02A,Long,
510880.SS,2016-06-02C,Long,
510880.SS,2016-06-03A,Long,
510880.SS,2016-06-03C,Long,
510880.SS,2016-06-06A,Long,
510880.SS,2016-06-06C,Long,
510880.SS,2016-06-07A,Long,
510880.SS,2016-06-07C,Long,
510880.SS,2016-06-08A,Long,
510880.SS,2016-06-08C,Long,
510880.SS,2016-06-13A,Long,
510880.SS,2016-06-13C,Empty,
510880.SS,2016-06-14A,Empty,
510880.SS,2016-06-14C,Empty,
510880.SS,2016-06-15A,Empty,
510880.SS,2016-06-15C,Empty,
510880.SS,2016-06-16A,Empty,
510880.SS,2016-06-16C,Empty,
510880.SS,2016-06-17A,Empty,
510880.SS,2016-06-17C,Empty,
510880.SS,2016-06-20A,Long,
510880.SS,2016-06-20C,Long,
510880.SS,2016-06-21A,Long,
510880.SS,2016-06-21C,Long,
510880.SS,2016-06-22A,Long,
510880.SS,2016-06-22C,Long,
510880.SS,2016-06-23A,Long,
510880.SS,2016-06-23C,Long,
510880.SS,2016-06-24A,Long,
510880.SS,2016-06-24C,Empty,
510880.SS,2016-06-27A,Empty,
510880.SS,2016-06-27C,Long,
510880.SS,2016-06-28A,Long,
510880.SS,2016-06-28C,Long,
510880.SS,2016-06-29A,Long,
510880.SS,2016-06-29C,Long,
510880.SS,2016-06-30A,Long,
510880.SS,2016-06-30C,Long,
510880.SS,2016-07-01A,Long,
510880.SS,2016-07-01C,Long,
510880.SS,2016-07-04A,Long,
510880.SS,2016-07-04C,Long,
510880.SS,2016-07-05A,Long,
510880.SS,2016-07-05C,Long,
510880.SS,2016-07-06A,Long,
510880.SS,2016-07-06C,Long,
510880.SS,2016-07-07A,Long,
510880.SS,2016-07-07C,Long,
510880.SS,2016-07-08A,Long,
510880.SS,2016-07-08C,Long,
510880.SS,2016-07-11A,Long,
510880.SS,2016-07-11C,Long,
510880.SS,2016-07-12A,Long,
510880.SS,2016-07-12C,Long,
510880.SS,2016-07-13A,Long,
510880.SS,2016-07-13C,Long,
510880.SS,2016-07-14A,Long,
510880.SS,2016-07-14C,Long,
510880.SS,2016-07-15A,Long,
510880.SS,2016-07-15C,Long,
510880.SS,2016-07-18A,Long,
510880.SS,2016-07-18C,Long,
510880.SS,2016-07-19A,Long,
510880.SS,2016-07-19C,Long,
510880.SS,2016-07-20A,Long,
510880.SS,2016-07-20C,Long,
510880.SS,2016-07-21A,Long,
510880.SS,2016-07-21C,Long,
510880.SS,2016-07-22A,Long,
510880.SS,2016-07-22C,Long,
510880.SS,2016-07-25A,Long,
510880.SS,2016-07-25C,Long,
510880.SS,2016-07-26A,Long,
510880.SS,2016-07-26C,Long,
510880.SS,2016-07-27A,Long,
510880.SS,2016-07-27C,Empty,
510880.SS,2016-07-28A,Empty,
510880.SS,2016-07-28C,Long,
510880.SS,2016-07-29A,Long,
510880.SS,2016-07-29C,Long,
510880.SS,2016-08-01A,Long,
510880.SS,2016-08-01C,Empty,
510880.SS,2016-08-02A,Long,
510880.SS,2016-08-02C,Empty,
510880.SS,2016-08-03A,Empty,
510880.SS,2016-08-03C,Empty,
510880.SS,2016-08-04A,Empty,
510880.SS,2016-08-04C,Empty,
510880.SS,2016-08-05A,Empty,
510880.SS,2016-08-05C,Long,
510880.SS,2016-08-08A,Long,
510880.SS,2016-08-08C,Long,
510880.SS,2016-08-09A,Long,
510880.SS,2016-08-09C,Long,
510880.SS,2016-08-10A,Long,
510880.SS,2016-08-10C,Long,
510880.SS,2016-08-11A,Long,
510880.SS,2016-08-11C,Long,
510880.SS,2016-08-12A,Long,
510880.SS,2016-08-12C,Long,
510880.SS,2016-08-15A,Long,
510880.SS,2016-08-15C,Long,
510880.SS,2016-08-16A,Long,
510880.SS,2016-08-16C,Long,
510880.SS,2016-08-17A,Long,
510880.SS,2016-08-17C,Long,
510880.SS,2016-08-18A,Long,
510880.SS,2016-08-18C,Long,
510880.SS,2016-08-19A,Long,
510880.SS,2016-08-19C,Long,
510880.SS,2016-08-22A,Long,
510880.SS,2016-08-22C,Long,
510880.SS,2016-08-23A,Long,
510880.SS,2016-08-23C,Long,
510880.SS,2016-08-24A,Long,
510880.SS,2016-08-24C,Empty,
510880.SS,2016-08-25A,Empty,
510880.SS,2016-08-25C,Empty,
510880.SS,2016-08-26A,Empty,
510880.SS,2016-08-26C,Empty,
510880.SS,2016-08-29A,Empty,
510880.SS,2016-08-29C,Empty,
510880.SS,2016-08-30A,Empty,
510880.SS,2016-08-30C,Empty,
510880.SS,2016-08-31A,Empty,
510880.SS,2016-08-31C,Empty,
510880.SS,2016-09-01A,Long,
510880.SS,2016-09-01C,Empty,
510880.SS,2016-09-02A,Empty,
510880.SS,2016-09-02C,Empty,
510880.SS,2016-09-05A,Empty,
510880.SS,2016-09-05C,Long,
510880.SS,2016-09-06A,Long,
510880.SS,2016-09-06C,Long,
510880.SS,2016-09-07A,Long,
510880.SS,2016-09-07C,Long,
510880.SS,2016-09-08A,Long,
510880.SS,2016-09-08C,Long,
510880.SS,2016-09-09A,Long,
510880.SS,2016-09-09C,Long,
510880.SS,2016-09-12A,Empty,
510880.SS,2016-09-12C,Empty,
510880.SS,2016-09-13A,Empty,
510880.SS,2016-09-13C,Empty,
510880.SS,2016-09-14A,Empty,
510880.SS,2016-09-14C,Empty,
510880.SS,2016-09-19A,Empty,
510880.SS,2016-09-19C,Empty,
510880.SS,2016-09-20A,Empty,
510880.SS,2016-09-20C,Empty,
510880.SS,2016-09-21A,Empty,
510880.SS,2016-09-21C,Empty,
510880.SS,2016-09-22A,Empty,
510880.SS,2016-09-22C,Long,
510880.SS,2016-09-23A,Long,
510880.SS,2016-09-23C,Long,
510880.SS,2016-09-26A,Empty,
510880.SS,2016-09-26C,Empty,
510880.SS,2016-09-27A,Empty,
510880.SS,2016-09-27C,Empty,
510880.SS,2016-09-28A,Empty,
510880.SS,2016-09-28C,Empty,
510880.SS,2016-09-29A,Empty,
510880.SS,2016-09-29C,Empty,
510880.SS,2016-09-30A,Empty,
510880.SS,2016-09-30C,Long,
510880.SS,2016-10-10A,Long,
510880.SS,2016-10-10C,Long,
510880.SS,2016-10-11A,Long,
510880.SS,2016-10-11C,Long,
510880.SS,2016-10-12A,Long,
510880.SS,2016-10-12C,Long,
510880.SS,2016-10-13A,Long,
510880.SS,2016-10-13C,Long,
510880.SS,2016-10-14A,Long,
510880.SS,2016-10-14C,Long,
510880.SS,2016-10-17A,Long,
510880.SS,2016-10-17C,Long,
510880.SS,2016-10-18A,Long,
510880.SS,2016-10-18C,Long,
510880.SS,2016-10-19A,Long,
510880.SS,2016-10-19C,Long,
510880.SS,2016-10-20A,Long,
510880.SS,2016-10-20C,Long,
510880.SS,2016-10-21A,Long,
510880.SS,2016-10-21C,Long,
510880.SS,2016-10-24A,Long,
510880.SS,2016-10-24C,Long,
510880.SS,2016-10-25A,Long,
510880.SS,2016-10-25C,Long,
510880.SS,2016-10-26A,Long,
510880.SS,2016-10-26C,Long,
510880.SS,2016-10-27A,Long,
510880.SS,2016-10-27C,Long,
510880.SS,2016-10-28A,Long,
510880.SS,2016-10-28C,Long,
510880.SS,2016-10-31A,Long,
510880.SS,2016-10-31C,Empty,
510880.SS,2016-11-01A,Empty,
510880.SS,2016-11-01C,Long,
510880.SS,2016-11-02A,Long,
510880.SS,2016-11-02C,Empty,
510880.SS,2016-11-03A,Empty,
510880.SS,2016-11-03C,Long,
510880.SS,2016-11-04A,Long,
510880.SS,2016-11-04C,Long,
510880.SS,2016-11-07A,Empty,
510880.SS,2016-11-07C,Long,
510880.SS,2016-11-08A,Long,
510880.SS,2016-11-08C,Long,
510880.SS,2016-11-09A,Long,
510880.SS,2016-11-09C,Empty,
510880.SS,2016-11-10A,Empty,
510880.SS,2016-11-10C,Long,
510880.SS,2016-11-11A,Long,
510880.SS,2016-11-11C,Long,
510880.SS,2016-11-14A,Long,
510880.SS,2016-11-14C,Long,
510880.SS,2016-11-15A,Long,
510880.SS,2016-11-15C,Long,
510880.SS,2016-11-16A,Long,
510880.SS,2016-11-16C,Long,
510880.SS,2016-11-17A,Long,
510880.SS,2016-11-17C,Long,
510880.SS,2016-11-18A,Long,
510880.SS,2016-11-18C,Long,
510880.SS,2016-11-21A,Long,
510880.SS,2016-11-21C,Long,
510880.SS,2016-11-22A,Long,
510880.SS,2016-11-22C,Long,
510880.SS,2016-11-23A,Long,
510880.SS,2016-11-23C,Long,
510880.SS,2016-11-24A,Long,
510880.SS,2016-11-24C,Long,
510880.SS,2016-11-25A,Long,
510880.SS,2016-11-25C,Long,
510880.SS,2016-11-28A,Long,
510880.SS,2016-11-28C,Long,
510880.SS,2016-11-29A,Long,
510880.SS,2016-11-29C,Long,
510880.SS,2016-11-30A,Long,
510880.SS,2016-11-30C,Long,
510880.SS,2016-12-01A,Long,
510880.SS,2016-12-01C,Long,
510880.SS,2016-12-02A,Long,
510880.SS,2016-12-02C,Long,
510880.SS,2016-12-05A,Long,
510880.SS,2016-12-05C,Empty,
510880.SS,2016-12-06A,Empty,
510880.SS,2016-12-06C,Empty,
510880.SS,2016-12-07A,Empty,
510880.SS,2016-12-07C,Empty,
510880.SS,2016-12-08A,Empty,
510880.SS,2016-12-08C,Empty,
510880.SS,2016-12-09A,Empty,
510880.SS,2016-12-09C,Long,
510880.SS,2016-12-12A,Long,
510880.SS,2016-12-12C,Empty,
510880.SS,2016-12-13A,Empty,
510880.SS,2016-12-13C,Empty,
510880.SS,2016-12-14A,Empty,
510880.SS,2016-12-14C,Empty,
510880.SS,2016-12-15A,Empty,
510880.SS,2016-12-15C,Empty,
510880.SS,2016-12-16A,Empty,
510880.SS,2016-12-16C,Empty,
510880.SS,2016-12-19A,Empty,
510880.SS,2016-12-19C,Empty,
510880.SS,2016-12-20A,Empty,
510880.SS,2016-12-20C,Empty,
510880.SS,2016-12-21A,Empty,
510880.SS,2016-12-21C,Empty,
510880.SS,2016-12-22A,Empty,
510880.SS,2016-12-22C,Empty,
510880.SS,2016-12-23A,Empty,
510880.SS,2016-12-23C,Empty,
510880.SS,2016-12-26A,Empty,
510880.SS,2016-12-26C,Empty,
510880.SS,2016-12-27A,Empty,
510880.SS,2016-12-27C,Empty,
510880.SS,2016-12-28A,Empty,
510880.SS,2016-12-28C,Empty,
510880.SS,2016-12-29A,Empty,
510880.SS,2016-12-29C,Empty,
510880.SS,2016-12-30A,Empty,
510880.SS,2016-12-30C,Empty,
510880.SS,2017-01-03A,Empty,
510880.SS,2017-01-03C,Long,
510880.SS,2017-01-04A,Long,
510880.SS,2017-01-04C,Long,
510880.SS,2017-01-05A,Long,
510880.SS,2017-01-05C,Long,
510880.SS,2017-01-06A,Long,
510880.SS,2017-01-06C,Long,
510880.SS,2017-01-09A,Long,
510880.SS,2017-01-09C,Long,
510880.SS,2017-01-10A,Long,
510880.SS,2017-01-10C,Long,
510880.SS,2017-01-11A,Long,
510880.SS,2017-01-11C,Empty,
510880.SS,2017-01-12A,Long,
510880.SS,2017-01-12C,Empty,
510880.SS,2017-01-13A,Empty,
510880.SS,2017-01-13C,Long,
510880.SS,2017-01-16A,Long,
510880.SS,2017-01-16C,Long,
510880.SS,2017-01-17A,Long,
510880.SS,2017-01-17C,Long,
510880.SS,2017-01-18A,Long,
510880.SS,2017-01-18C,Long,
510880.SS,2017-01-19A,Long,
510880.SS,2017-01-19C,Long,
510880.SS,2017-01-20A,Long,
510880.SS,2017-01-20C,Long,
510880.SS,2017-01-23A,Long,
510880.SS,2017-01-23C,Long,
510880.SS,2017-01-24A,Long,
510880.SS,2017-01-24C,Long,
510880.SS,2017-01-25A,Long,
510880.SS,2017-01-25C,Long,
510880.SS,2017-01-26A,Long,
510880.SS,2017-01-26C,Long,
510880.SS,2017-02-03A,Long,
510880.SS,2017-02-03C,Long,
510880.SS,2017-02-06A,Empty,
510880.SS,2017-02-06C,Long,
510880.SS,2017-02-07A,Long,
510880.SS,2017-02-07C,Long,
510880.SS,2017-02-08A,Long,
510880.SS,2017-02-08C,Long,
510880.SS,2017-02-09A,Long,
510880.SS,2017-02-09C,Long,
510880.SS,2017-02-10A,Long,
510880.SS,2017-02-10C,Long,
510880.SS,2017-02-13A,Long,
510880.SS,2017-02-13C,Long,
510880.SS,2017-02-14A,Long,
510880.SS,2017-02-14C,Long,
510880.SS,2017-02-15A,Long,
510880.SS,2017-02-15C,Long,
510880.SS,2017-02-16A,Long,
510880.SS,2017-02-16C,Long,
510880.SS,2017-02-17A,Long,
510880.SS,2017-02-17C,Long,
510880.SS,2017-02-20A,Long,
510880.SS,2017-02-20C,Long,
510880.SS,2017-02-21A,Long,
510880.SS,2017-02-21C,Long,
510880.SS,2017-02-22A,Long,
510880.SS,2017-02-22C,Long,
510880.SS,2017-02-23A,Long,
510880.SS,2017-02-23C,Long,
510880.SS,2017-02-24A,Long,
510880.SS,2017-02-24C,Long,
510880.SS,2017-02-27A,Long,
510880.SS,2017-02-27C,Empty,
510880.SS,2017-02-28A,Empty,
510880.SS,2017-02-28C,Long,
510880.SS,2017-03-01A,Long,
510880.SS,2017-03-01C,Empty,
510880.SS,2017-03-02A,Empty,
510880.SS,2017-03-02C,Empty,
510880.SS,2017-03-03A,Empty,
510880.SS,2017-03-03C,Empty,
510880.SS,2017-03-06A,Empty,
510880.SS,2017-03-06C,Empty,
510880.SS,2017-03-07A,Empty,
510880.SS,2017-03-07C,Empty,
510880.SS,2017-03-08A,Empty,
510880.SS,2017-03-08C,Empty,
510880.SS,2017-03-09A,Empty,
510880.SS,2017-03-09C,Empty,
510880.SS,2017-03-10A,Empty,
510880.SS,2017-03-10C,Empty,
510880.SS,2017-03-13A,Empty,
510880.SS,2017-03-13C,Long,
510880.SS,2017-03-14A,Long,
510880.SS,2017-03-14C,Long,
510880.SS,2017-03-15A,Long,
510880.SS,2017-03-15C,Long,
510880.SS,2017-03-16A,Long,
510880.SS,2017-03-16C,Long,
510880.SS,2017-03-17A,Long,
510880.SS,2017-03-17C,Empty,
510880.SS,2017-03-20A,Empty,
510880.SS,2017-03-20C,Long,
510880.SS,2017-03-21A,Long,
510880.SS,2017-03-21C,Long,
510880.SS,2017-03-22A,Long,
510880.SS,2017-03-22C,Empty,
510880.SS,2017-03-23A,Empty,
510880.SS,2017-03-23C,Empty,
510880.SS,2017-03-24A,Empty,
510880.SS,2017-03-24C,Long,
510880.SS,2017-03-27A,Long,
510880.SS,2017-03-27C,Long,
510880.SS,2017-03-28A,Long,
510880.SS,2017-03-28C,Long,
510880.SS,2017-03-29A,Long,
510880.SS,2017-03-29C,Long,
510880.SS,2017-03-30A,Empty,
510880.SS,2017-03-30C,Empty,
510880.SS,2017-03-31A,Long,
510880.SS,2017-03-31C,Long,
510880.SS,2017-04-05A,Long,
510880.SS,2017-04-05C,Long,
510880.SS,2017-04-06A,Long,
510880.SS,2017-04-06C,Long,
510880.SS,2017-04-07A,Long,
510880.SS,2017-04-07C,Long,
510880.SS,2017-04-10A,Long,
510880.SS,2017-04-10C,Long,
510880.SS,2017-04-11A,Long,
510880.SS,2017-04-11C,Long,
510880.SS,2017-04-12A,Long,
510880.SS,2017-04-12C,Long,
510880.SS,2017-04-13A,Long,
510880.SS,2017-04-13C,Long,
510880.SS,2017-04-14A,Long,
510880.SS,2017-04-14C,Empty,
510880.SS,2017-04-17A,Empty,
510880.SS,2017-04-17C,Empty,
510880.SS,2017-04-18A,Empty,
510880.SS,2017-04-18C,Empty,
510880.SS,2017-04-19A,Empty,
510880.SS,2017-04-19C,Empty,
510880.SS,2017-04-20A,Empty,
510880.SS,2017-04-20C,Empty,
510880.SS,2017-04-21A,Empty,
510880.SS,2017-04-21C,Empty,
510880.SS,2017-04-24A,Empty,
510880.SS,2017-04-24C,Empty,
510880.SS,2017-04-25A,Empty,
510880.SS,2017-04-25C,Empty,
510880.SS,2017-04-26A,Empty,
510880.SS,2017-04-26C,Empty,
510880.SS,2017-04-27A,Empty,
510880.SS,2017-04-27C,Empty,
510880.SS,2017-04-28A,Empty,
510880.SS,2017-04-28C,Empty,
510880.SS,2017-05-02A,Empty,
510880.SS,2017-05-02C,Empty,
510880.SS,2017-05-03A,Empty,
510880.SS,2017-05-03C,Empty,
510880.SS,2017-05-04A,Empty,
510880.SS,2017-05-04C,Empty,
510880.SS,2017-05-05A,Empty,
510880.SS,2017-05-05C,Empty,
510880.SS,2017-05-08A,Empty,
510880.SS,2017-05-08C,Empty,
510880.SS,2017-05-09A,Empty,
510880.SS,2017-05-09C,Empty,
510880.SS,2017-05-10A,Empty,
510880.SS,2017-05-10C,Empty,
510880.SS,2017-05-11A,Empty,
510880.SS,2017-05-11C,Empty,
510880.SS,2017-05-12A,Empty,
510880.SS,2017-05-12C,Long,
510880.SS,2017-05-15A,Long,
510880.SS,2017-05-15C,Long,
510880.SS,2017-05-16A,Long,
510880.SS,2017-05-16C,Long,
510880.SS,2017-05-17A,Long,
510880.SS,2017-05-17C,Long,
510880.SS,2017-05-18A,Long,
510880.SS,2017-05-18C,Long,
510880.SS,2017-05-19A,Long,
510880.SS,2017-05-19C,Long,
510880.SS,2017-05-22A,Long,
510880.SS,2017-05-22C,Long,
510880.SS,2017-05-23A,Empty,
510880.SS,2017-05-23C,Long,
510880.SS,2017-05-24A,Long,
510880.SS,2017-05-24C,Long,
510880.SS,2017-05-25A,Long,
510880.SS,2017-05-25C,Long,
510880.SS,2017-05-26A,Long,
510880.SS,2017-05-26C,Long,
510880.SS,2017-05-31A,Long,
510880.SS,2017-05-31C,Long,
510880.SS,2017-06-01A,Long,
510880.SS,2017-06-01C,Long,
510880.SS,2017-06-02A,Long,
510880.SS,2017-06-02C,Long,
510880.SS,2017-06-05A,Long,
510880.SS,2017-06-05C,Long,
510880.SS,2017-06-06A,Long,
510880.SS,2017-06-06C,Long,
510880.SS,2017-06-07A,Long,
510880.SS,2017-06-07C,Long,
510880.SS,2017-06-08A,Long,
510880.SS,2017-06-08C,Long,
510880.SS,2017-06-09A,Long,
510880.SS,2017-06-09C,Long,
510880.SS,2017-06-12A,Long,
510880.SS,2017-06-12C,Long,
510880.SS,2017-06-13A,Long,
510880.SS,2017-06-13C,Long,
510880.SS,2017-06-14A,Long,
510880.SS,2017-06-14C,Empty,
510880.SS,2017-06-15A,Empty,
510880.SS,2017-06-15C,Empty,
510880.SS,2017-06-16A,Empty,
510880.SS,2017-06-16C,Empty,
510880.SS,2017-06-19A,Empty,
510880.SS,2017-06-19C,Empty,
510880.SS,2017-06-20A,Empty,
510880.SS,2017-06-20C,Empty,
510880.SS,2017-06-21A,Empty,
510880.SS,2017-06-21C,Long,
510880.SS,2017-06-22A,Long,
510880.SS,2017-06-22C,Long,
510880.SS,2017-06-23A,Long,
510880.SS,2017-06-23C,Long,
510880.SS,2017-06-26A,Long,
510880.SS,2017-06-26C,Long,
510880.SS,2017-06-27A,Long,
510880.SS,2017-06-27C,Long,
510880.SS,2017-06-28A,Long,
510880.SS,2017-06-28C,Long,
510880.SS,2017-06-29A,Long,
510880.SS,2017-06-29C,Long,
510880.SS,2017-06-30A,Long,
510880.SS,2017-06-30C,Long,
510880.SS,2017-07-03A,Long,
510880.SS,2017-07-03C,Long,
510880.SS,2017-07-04A,Long,
510880.SS,2017-07-04C,Long,
510880.SS,2017-07-05A,Long,
510880.SS,2017-07-05C,Long,
510880.SS,2017-07-06A,Long,
510880.SS,2017-07-06C,Long,
510880.SS,2017-07-07A,Long,
510880.SS,2017-07-07C,Long,
510880.SS,2017-07-10A,Long,
510880.SS,2017-07-10C,Long,
510880.SS,2017-07-11A,Long,
510880.SS,2017-07-11C,Long,
510880.SS,2017-07-12A,Long,
510880.SS,2017-07-12C,Long,
510880.SS,2017-07-13A,Long,
510880.SS,2017-07-13C,Long,
510880.SS,2017-07-14A,Long,
510880.SS,2017-07-14C,Long,
510880.SS,2017-07-17A,Long,
510880.SS,2017-07-17C,Long,
510880.SS,2017-07-18A,Long,
510880.SS,2017-07-18C,Long,
510880.SS,2017-07-19A,Long,
510880.SS,2017-07-19C,Long,
510880.SS,2017-07-20A,Long,
510880.SS,2017-07-20C,Long,
510880.SS,2017-07-21A,Long,
510880.SS,2017-07-21C,Long,
510880.SS,2017-07-24A,Long,
510880.SS,2017-07-24C,Long,
510880.SS,2017-07-25A,Long,
510880.SS,2017-07-25C,Long,
510880.SS,2017-07-26A,Long,
510880.SS,2017-07-26C,Empty,
510880.SS,2017-07-27A,Empty,
510880.SS,2017-07-27C,Empty,
510880.SS,2017-07-28A,Empty,
510880.SS,2017-07-28C,Empty,
510880.SS,2017-07-31A,Empty,
510880.SS,2017-07-31C,Empty,
510880.SS,2017-08-01A,Empty,
510880.SS,2017-08-01C,Long,
510880.SS,2017-08-02A,Long,
510880.SS,2017-08-02C,Long,
510880.SS,2017-08-03A,Long,
510880.SS,2017-08-03C,Empty,
510880.SS,2017-08-04A,Empty,
510880.SS,2017-08-04C,Empty,
510880.SS,2017-08-07A,Empty,
510880.SS,2017-08-07C,Empty,
510880.SS,2017-08-08A,Empty,
510880.SS,2017-08-08C,Empty,
510880.SS,2017-08-09A,Empty,
510880.SS,2017-08-09C,Empty,
510880.SS,2017-08-10A,Empty,
510880.SS,2017-08-10C,Empty,
510880.SS,2017-08-11A,Empty,
510880.SS,2017-08-11C,Empty,
510880.SS,2017-08-14A,Empty,
510880.SS,2017-08-14C,Empty,
510880.SS,2017-08-15A,Empty,
510880.SS,2017-08-15C,Empty,
510880.SS,2017-08-16A,Empty,
510880.SS,2017-08-16C,Empty,
510880.SS,2017-08-17A,Empty,
510880.SS,2017-08-17C,Empty,
510880.SS,2017-08-18A,Empty,
510880.SS,2017-08-18C,Long,
510880.SS,2017-08-21A,Long,
510880.SS,2017-08-21C,Long,
510880.SS,2017-08-22A,Long,
510880.SS,2017-08-22C,Long,
510880.SS,2017-08-23A,Long,
510880.SS,2017-08-23C,Long,
510880.SS,2017-08-24A,Long,
510880.SS,2017-08-24C,Long,
510880.SS,2017-08-25A,Long,
510880.SS,2017-08-25C,Long,
510880.SS,2017-08-28A,Long,
510880.SS,2017-08-28C,Long,
510880.SS,2017-08-29A,Long,
510880.SS,2017-08-29C,Long,
510880.SS,2017-08-30A,Long,
510880.SS,2017-08-30C,Long,
510880.SS,2017-08-31A,Long,
510880.SS,2017-08-31C,Long,
510880.SS,2017-09-01A,Long,
510880.SS,2017-09-01C,Long,
510880.SS,2017-09-04A,Long,
510880.SS,2017-09-04C,Long,
510880.SS,2017-09-05A,Long,
510880.SS,2017-09-05C,Long,
510880.SS,2017-09-06A,Long,
510880.SS,2017-09-06C,Long,
510880.SS,2017-09-07A,Long,
510880.SS,2017-09-07C,Empty,
510880.SS,2017-09-08A,Empty,
510880.SS,2017-09-08C,Empty,
510880.SS,2017-09-11A,Empty,
510880.SS,2017-09-11C,Long,
510880.SS,2017-09-12A,Long,
510880.SS,2017-09-12C,Long,
510880.SS,2017-09-13A,Long,
510880.SS,2017-09-13C,Long,
510880.SS,2017-09-14A,Long,
510880.SS,2017-09-14C,Empty,
510880.SS,2017-09-15A,Empty,
510880.SS,2017-09-15C,Empty,
510880.SS,2017-09-18A,Empty,
510880.SS,2017-09-18C,Empty,
510880.SS,2017-09-19A,Empty,
510880.SS,2017-09-19C,Empty,
510880.SS,2017-09-20A,Empty,
510880.SS,2017-09-20C,Long,
510880.SS,2017-09-21A,Long,
510880.SS,2017-09-21C,Long,
510880.SS,2017-09-22A,Long,
510880.SS,2017-09-22C,Long,
510880.SS,2017-09-25A,Long,
510880.SS,2017-09-25C,Long,
510880.SS,2017-09-26A,Long,
510880.SS,2017-09-26C,Long,
510880.SS,2017-09-27A,Long,
510880.SS,2017-09-27C,Long,
510880.SS,2017-09-28A,Long,
510880.SS,2017-09-28C,Long,
510880.SS,2017-09-29A,Long,
510880.SS,2017-09-29C,Long,
510880.SS,2017-10-09A,Long,
510880.SS,2017-10-09C,Long,
510880.SS,2017-10-10A,Long,
510880.SS,2017-10-10C,Long,
510880.SS,2017-10-11A,Long,
510880.SS,2017-10-11C,Long,
510880.SS,2017-10-12A,Long,
510880.SS,2017-10-12C,Long,
510880.SS,2017-10-13A,Long,
510880.SS,2017-10-13C,Long,
510880.SS,2017-10-16A,Long,
510880.SS,2017-10-16C,Long,
510880.SS,2017-10-17A,Long,
510880.SS,2017-10-17C,Long,
510880.SS,2017-10-18A,Long,
510880.SS,2017-10-18C,Long,
510880.SS,2017-10-19A,Long,
510880.SS,2017-10-19C,Long,
510880.SS,2017-10-20A,Long,
510880.SS,2017-10-20C,Long,
510880.SS,2017-10-23A,Long,
510880.SS,2017-10-23C,Long,
510880.SS,2017-10-24A,Long,
510880.SS,2017-10-24C,Long,
510880.SS,2017-10-25A,Long,
510880.SS,2017-10-25C,Long,
510880.SS,2017-10-26A,Long,
510880.SS,2017-10-26C,Long,
510880.SS,2017-10-27A,Long,
510880.SS,2017-10-27C,Long,
510880.SS,2017-10-30A,Long,
510880.SS,2017-10-30C,Long,
510880.SS,2017-10-31A,Long,
510880.SS,2017-10-31C,Empty,
510880.SS,2017-11-01A,Empty,
510880.SS,2017-11-01C,Empty,
510880.SS,2017-11-02A,Empty,
510880.SS,2017-11-02C,Empty,
510880.SS,2017-11-03A,Empty,
510880.SS,2017-11-03C,Empty,
510880.SS,2017-11-06A,Empty,
510880.SS,2017-11-06C,Empty,
510880.SS,2017-11-07A,Empty,
510880.SS,2017-11-07C,Long,
510880.SS,2017-11-08A,Long,
510880.SS,2017-11-08C,Long,
510880.SS,2017-11-09A,Long,
510880.SS,2017-11-09C,Long,
510880.SS,2017-11-10A,Long,
510880.SS,2017-11-10C,Long,
510880.SS,2017-11-13A,Long,
510880.SS,2017-11-13C,Long,
510880.SS,2017-11-14A,Long,
510880.SS,2017-11-14C,Long,
510880.SS,2017-11-15A,Long,
510880.SS,2017-11-15C,Long,
510880.SS,2017-11-16A,Long,
510880.SS,2017-11-16C,Empty,
510880.SS,2017-11-17A,Empty,
510880.SS,2017-11-17C,Long,
510880.SS,2017-11-20A,Long,
510880.SS,2017-11-20C,Long,
510880.SS,2017-11-21A,Long,
510880.SS,2017-11-21C,Long,
510880.SS,2017-11-22A,Long,
510880.SS,2017-11-22C,Long,
510880.SS,2017-11-23A,Long,
510880.SS,2017-11-23C,Empty,
510880.SS,2017-11-24A,Empty,
510880.SS,2017-11-24C,Empty,
510880.SS,2017-11-27A,Empty,
510880.SS,2017-11-27C,Empty,
510880.SS,2017-11-28A,Empty,
510880.SS,2017-11-28C,Empty,
510880.SS,2017-11-29A,Empty,
510880.SS,2017-11-29C,Empty,
510880.SS,2017-11-30A,Empty,
510880.SS,2017-11-30C,Empty,
510880.SS,2017-12-01A,Empty,
510880.SS,2017-12-01C,Empty,
510880.SS,2017-12-04A,Empty,
510880.SS,2017-12-04C,Empty,
510880.SS,2017-12-05A,Empty,
510880.SS,2017-12-05C,Long,
510880.SS,2017-12-06A,Long,
510880.SS,2017-12-06C,Empty,
510880.SS,2017-12-07A,Empty,
510880.SS,2017-12-07C,Empty,
510880.SS,2017-12-08A,Empty,
510880.SS,2017-12-08C,Empty,
510880.SS,2017-12-11A,Empty,
510880.SS,2017-12-11C,Empty,
510880.SS,2017-12-12A,Empty,
510880.SS,2017-12-12C,Empty,
510880.SS,2017-12-13A,Empty,
510880.SS,2017-12-13C,Empty,
510880.SS,2017-12-14A,Empty,
510880.SS,2017-12-14C,Empty,
510880.SS,2017-12-15A,Empty,
510880.SS,2017-12-15C,Empty,
510880.SS,2017-12-18A,Empty,
510880.SS,2017-12-18C,Empty,
510880.SS,2017-12-19A,Empty,
510880.SS,2017-12-19C,Long,
510880.SS,2017-12-20A,Long,
510880.SS,2017-12-20C,Long,
510880.SS,2017-12-21A,Long,
510880.SS,2017-12-21C,Long,
510880.SS,2017-12-22A,Long,
510880.SS,2017-12-22C,Long,
510880.SS,2017-12-25A,Long,
510880.SS,2017-12-25C,Long,
510880.SS,2017-12-26A,Long,
510880.SS,2017-12-26C,Long,
510880.SS,2017-12-27A,Long,
510880.SS,2017-12-27C,Long,
510880.SS,2017-12-28A,Long,
510880.SS,2017-12-28C,Long,
510880.SS,2017-12-29A,Long,
510880.SS,2017-12-29C,Long,
510880.SS,2018-01-02A,Long,
510880.SS,2018-01-02C,Long,
510880.SS,2018-01-03A,Long,
510880.SS,2018-01-03C,Long,
510880.SS,2018-01-04A,Long,
510880.SS,2018-01-04C,Long,
510880.SS,2018-01-05A,Long,
510880.SS,2018-01-05C,Long,
510880.SS,2018-01-08A,Long,
510880.SS,2018-01-08C,Long,
510880.SS,2018-01-09A,Long,
510880.SS,2018-01-09C,Long,
510880.SS,2018-01-10A,Long,
510880.SS,2018-01-10C,Long,
510880.SS,2018-01-11A,Long,
510880.SS,2018-01-11C,Long,
510880.SS,2018-01-12A,Long,
510880.SS,2018-01-12C,Long,
510880.SS,2018-01-15A,Long,
510880.SS,2018-01-15C,Long,
510880.SS,2018-01-16A,Long,
510880.SS,2018-01-16C,Long,
510880.SS,2018-01-17A,Long,
510880.SS,2018-01-17C,Long,
510880.SS,2018-01-18A,Long,
510880.SS,2018-01-18C,Long,
510880.SS,2018-01-19A,Long,
510880.SS,2018-01-19C,Long,
510880.SS,2018-01-22A,Long,
510880.SS,2018-01-22C,Long,
510880.SS,2018-01-23A,Long,
510880.SS,2018-01-23C,Long,
510880.SS,2018-01-24A,Long,
510880.SS,2018-01-24C,Long,
510880.SS,2018-01-25A,Long,
510880.SS,2018-01-25C,Long,
510880.SS,2018-01-26A,Long,
510880.SS,2018-01-26C,Long,
510880.SS,2018-01-29A,Long,
510880.SS,2018-01-29C,Long,
510880.SS,2018-01-30A,Long,
510880.SS,2018-01-30C,Empty,
510880.SS,2018-01-31A,Empty,
510880.SS,2018-01-31C,Empty,
510880.SS,2018-02-01A,Empty,
510880.SS,2018-02-01C,Empty,
510880.SS,2018-02-02A,Empty,
510880.SS,2018-02-02C,Long,
510880.SS,2018-02-05A,Empty,
510880.SS,2018-02-05C,Long,
510880.SS,2018-02-06A,Long,
510880.SS,2018-02-06C,Empty,
510880.SS,2018-02-07A,Empty,
510880.SS,2018-02-07C,Empty,
510880.SS,2018-02-08A,Empty,
510880.SS,2018-02-08C,Empty,
510880.SS,2018-02-09A,Empty,
510880.SS,2018-02-09C,Empty,
510880.SS,2018-02-12A,Empty,
510880.SS,2018-02-12C,Empty,
510880.SS,2018-02-13A,Empty,
510880.SS,2018-02-13C,Empty,
510880.SS,2018-02-14A,Empty,
510880.SS,2018-02-14C,Empty,
510880.SS,2018-02-22A,Empty,
510880.SS,2018-02-22C,Empty,
510880.SS,2018-02-23A,Empty,
510880.SS,2018-02-23C,Long,
510880.SS,2018-02-26A,Long,
510880.SS,2018-02-26C,Long,
510880.SS,2018-02-27A,Long,
510880.SS,2018-02-27C,Empty,
510880.SS,2018-02-28A,Empty,
510880.SS,2018-02-28C,Empty,
510880.SS,2018-03-01A,Empty,
510880.SS,2018-03-01C,Empty,
510880.SS,2018-03-02A,Empty,
510880.SS,2018-03-02C,Empty,
510880.SS,2018-03-05A,Empty,
510880.SS,2018-03-05C,Empty,
510880.SS,2018-03-06A,Empty,
510880.SS,2018-03-06C,Long,
510880.SS,2018-03-07A,Long,
510880.SS,2018-03-07C,Long,
510880.SS,2018-03-08A,Long,
510880.SS,2018-03-08C,Long,
510880.SS,2018-03-09A,Long,
510880.SS,2018-03-09C,Long,
510880.SS,2018-03-12A,Long,
510880.SS,2018-03-12C,Long,
510880.SS,2018-03-13A,Long,
510880.SS,2018-03-13C,Long,
510880.SS,2018-03-14A,Long,
510880.SS,2018-03-14C,Empty,
510880.SS,2018-03-15A,Empty,
510880.SS,2018-03-15C,Empty,
510880.SS,2018-03-16A,Empty,
510880.SS,2018-03-16C,Empty,
510880.SS,2018-03-19A,Empty,
510880.SS,2018-03-19C,Empty,
510880.SS,2018-03-20A,Empty,
510880.SS,2018-03-20C,Empty,
510880.SS,2018-03-21A,Empty,
510880.SS,2018-03-21C,Empty,
510880.SS,2018-03-22A,Empty,
510880.SS,2018-03-22C,Empty,
510880.SS,2018-03-23A,Empty,
510880.SS,2018-03-23C,Empty,
510880.SS,2018-03-26A,Empty,
510880.SS,2018-03-26C,Empty,
510880.SS,2018-03-27A,Empty,
510880.SS,2018-03-27C,Empty,
510880.SS,2018-03-28A,Empty,
510880.SS,2018-03-28C,Empty,
510880.SS,2018-03-29A,Empty,
510880.SS,2018-03-29C,Empty,
510880.SS,2018-03-30A,Empty,
510880.SS,2018-03-30C,Empty,
510880.SS,2018-04-02A,Empty,
510880.SS,2018-04-02C,Empty,
510880.SS,2018-04-03A,Empty,
510880.SS,2018-04-03C,Empty,
510880.SS,2018-04-04A,Empty,
510880.SS,2018-04-04C,Empty,
510880.SS,2018-04-09A,Empty,
510880.SS,2018-04-09C,Empty,
510880.SS,2018-04-10A,Empty,
510880.SS,2018-04-10C,Long,
510880.SS,2018-04-11A,Long,
510880.SS,2018-04-11C,Long,
510880.SS,2018-04-12A,Long,
510880.SS,2018-04-12C,Long,
510880.SS,2018-04-13A,Long,
510880.SS,2018-04-13C,Empty,
510880.SS,2018-04-16A,Empty,
510880.SS,2018-04-16C,Empty,
510880.SS,2018-04-17A,Empty,
510880.SS,2018-04-17C,Empty,
510880.SS,2018-04-18A,Empty,
510880.SS,2018-04-18C,Empty,
510880.SS,2018-04-19A,Empty,
510880.SS,2018-04-19C,Empty,
510880.SS,2018-04-20A,Empty,
510880.SS,2018-04-20C,Empty,
510880.SS,2018-04-23A,Empty,
510880.SS,2018-04-23C,Empty,
510880.SS,2018-04-24A,Empty,
510880.SS,2018-04-24C,Long,
510880.SS,2018-04-25A,Long,
510880.SS,2018-04-25C,Long,
510880.SS,2018-04-26A,Long,
510880.SS,2018-04-26C,Empty,
510880.SS,2018-04-27A,Empty,
510880.SS,2018-04-27C,Empty,
510880.SS,2018-05-02A,Empty,
510880.SS,2018-05-02C,Empty,
510880.SS,2018-05-03A,Long,
510880.SS,2018-05-03C,Long,
510880.SS,2018-05-04A,Long,
510880.SS,2018-05-04C,Long,
510880.SS,2018-05-07A,Long,
510880.SS,2018-05-07C,Long,
510880.SS,2018-05-08A,Long,
510880.SS,2018-05-08C,Long,
510880.SS,2018-05-09A,Long,
510880.SS,2018-05-09C,Long,
510880.SS,2018-05-10A,Long,
510880.SS,2018-05-10C,Long,
510880.SS,2018-05-11A,Long,
510880.SS,2018-05-11C,Long,
510880.SS,2018-05-14A,Long,
510880.SS,2018-05-14C,Long,
510880.SS,2018-05-15A,Long,
510880.SS,2018-05-15C,Long,
510880.SS,2018-05-16A,Long,
510880.SS,2018-05-16C,Long,
510880.SS,2018-05-17A,Long,
510880.SS,2018-05-17C,Long,
510880.SS,2018-05-18A,Long,
510880.SS,2018-05-18C,Long,
510880.SS,2018-05-21A,Long,
510880.SS,2018-05-21C,Long,
510880.SS,2018-05-22A,Long,
510880.SS,2018-05-22C,Long,
510880.SS,2018-05-23A,Long,
510880.SS,2018-05-23C,Empty,
510880.SS,2018-05-24A,Empty,
510880.SS,2018-05-24C,Empty,
510880.SS,2018-05-25A,Empty,
510880.SS,2018-05-25C,Empty,
510880.SS,2018-05-28A,Empty,
510880.SS,2018-05-28C,Empty,
510880.SS,2018-05-29A,Empty,
510880.SS,2018-05-29C,Empty,
510880.SS,2018-05-30A,Empty,
510880.SS,2018-05-30C,Empty,
510880.SS,2018-05-31A,Empty,
510880.SS,2018-05-31C,Empty,
510880.SS,2018-06-01A,Empty,
510880.SS,2018-06-01C,Empty,
510880.SS,2018-06-04A,Empty,
510880.SS,2018-06-04C,Long,
510880.SS,2018-06-05A,Long,
510880.SS,2018-06-05C,Long,
510880.SS,2018-06-06A,Long,
510880.SS,2018-06-06C,Long,
510880.SS,2018-06-07A,Long,
510880.SS,2018-06-07C,Empty,
510880.SS,2018-06-08A,Empty,
510880.SS,2018-06-08C,Empty,
510880.SS,2018-06-11A,Empty,
510880.SS,2018-06-11C,Empty,
510880.SS,2018-06-12A,Empty,
510880.SS,2018-06-12C,Empty,
510880.SS,2018-06-13A,Empty,
510880.SS,2018-06-13C,Empty,
510880.SS,2018-06-14A,Empty,
510880.SS,2018-06-14C,Empty,
510880.SS,2018-06-15A,Empty,
510880.SS,2018-06-15C,Empty,
510880.SS,2018-06-19A,Empty,
510880.SS,2018-06-19C,Empty,
510880.SS,2018-06-20A,Empty,
510880.SS,2018-06-20C,Empty,
510880.SS,2018-06-21A,Empty,
510880.SS,2018-06-21C,Empty,
510880.SS,2018-06-22A,Empty,
510880.SS,2018-06-22C,Empty,
510880.SS,2018-06-25A,Empty,
510880.SS,2018-06-25C,Empty,
510880.SS,2018-06-26A,Empty,
510880.SS,2018-06-26C,Empty,
510880.SS,2018-06-27A,Empty,
510880.SS,2018-06-27C,Empty,
510880.SS,2018-06-28A,Empty,
510880.SS,2018-06-28C,Empty,
510880.SS,2018-06-29A,Empty,
510880.SS,2018-06-29C,Empty,
510880.SS,2018-07-02A,Empty,
510880.SS,2018-07-02C,Empty,
510880.SS,2018-07-03A,Empty,
510880.SS,2018-07-03C,Empty,
510880.SS,2018-07-04A,Empty,
510880.SS,2018-07-04C,Empty,
510880.SS,2018-07-05A,Empty,
510880.SS,2018-07-05C,Empty,
510880.SS,2018-07-06A,Empty,
510880.SS,2018-07-06C,Empty,
510880.SS,2018-07-09A,Empty,
510880.SS,2018-07-09C,Long,
510880.SS,2018-07-10A,Long,
510880.SS,2018-07-10C,Long,
510880.SS,2018-07-11A,Empty,
510880.SS,2018-07-11C,Long,
510880.SS,2018-07-12A,Long,
510880.SS,2018-07-12C,Long,
510880.SS,2018-07-13A,Long,
510880.SS,2018-07-13C,Long,
510880.SS,2018-07-16A,Long,
510880.SS,2018-07-16C,Long,
510880.SS,2018-07-17A,Long,
510880.SS,2018-07-17C,Long,
510880.SS,2018-07-18A,Long,
510880.SS,2018-07-18C,Long,
510880.SS,2018-07-19A,Long,
510880.SS,2018-07-19C,Long,
510880.SS,2018-07-20A,Long,
510880.SS,2018-07-20C,Long,
510880.SS,2018-07-23A,Long,
510880.SS,2018-07-23C,Long,
510880.SS,2018-07-24A,Long,
510880.SS,2018-07-24C,Long,
510880.SS,2018-07-25A,Long,
510880.SS,2018-07-25C,Long,
510880.SS,2018-07-26A,Long,
510880.SS,2018-07-26C,Long,
510880.SS,2018-07-27A,Long,
510880.SS,2018-07-27C,Long,
510880.SS,2018-07-30A,Long,
510880.SS,2018-07-30C,Long,
510880.SS,2018-07-31A,Long,
510880.SS,2018-07-31C,Long,
510880.SS,2018-08-01A,Long,
510880.SS,2018-08-01C,Empty,
510880.SS,2018-08-02A,Empty,
510880.SS,2018-08-02C,Empty,
510880.SS,2018-08-03A,Empty,
510880.SS,2018-08-03C,Empty,
510880.SS,2018-08-06A,Empty,
510880.SS,2018-08-06C,Empty,
510880.SS,2018-08-07A,Empty,
510880.SS,2018-08-07C,Empty,
510880.SS,2018-08-08A,Empty,
510880.SS,2018-08-08C,Empty,
510880.SS,2018-08-09A,Empty,
510880.SS,2018-08-09C,Long,
510880.SS,2018-08-10A,Long,
510880.SS,2018-08-10C,Empty,
510880.SS,2018-08-13A,Empty,
510880.SS,2018-08-13C,Empty,
510880.SS,2018-08-14A,Empty,
510880.SS,2018-08-14C,Empty,
510880.SS,2018-08-15A,Empty,
510880.SS,2018-08-15C,Empty,
510880.SS,2018-08-16A,Empty,
510880.SS,2018-08-16C,Empty,
510880.SS,2018-08-17A,Empty,
510880.SS,2018-08-17C,Empty,
510880.SS,2018-08-20A,Empty,
510880.SS,2018-08-20C,Empty,
510880.SS,2018-08-21A,Empty,
510880.SS,2018-08-21C,Empty,
510880.SS,2018-08-22A,Long,
510880.SS,2018-08-22C,Empty,
510880.SS,2018-08-23A,Empty,
510880.SS,2018-08-23C,Long,
510880.SS,2018-08-24A,Long,
510880.SS,2018-08-24C,Long,
510880.SS,2018-08-27A,Long,
510880.SS,2018-08-27C,Long,
510880.SS,2018-08-28A,Long,
510880.SS,2018-08-28C,Long,
510880.SS,2018-08-29A,Long,
510880.SS,2018-08-29C,Long,
510880.SS,2018-08-30A,Long,
510880.SS,2018-08-30C,Long,
510880.SS,2018-08-31A,Long,
510880.SS,2018-08-31C,Long,
510880.SS,2018-09-03A,Long,
510880.SS,2018-09-03C,Empty,
510880.SS,2018-09-04A,Empty,
510880.SS,2018-09-04C,Long,
510880.SS,2018-09-05A,Long,
510880.SS,2018-09-05C,Empty,
510880.SS,2018-09-06A,Empty,
510880.SS,2018-09-06C,Empty,
510880.SS,2018-09-07A,Empty,
510880.SS,2018-09-07C,Empty,
510880.SS,2018-09-10A,Empty,
510880.SS,2018-09-10C,Empty,
510880.SS,2018-09-11A,Empty,
510880.SS,2018-09-11C,Empty,
510880.SS,2018-09-12A,Empty,
510880.SS,2018-09-12C,Empty,
510880.SS,2018-09-13A,Empty,
510880.SS,2018-09-13C,Long,
510880.SS,2018-09-14A,Long,
510880.SS,2018-09-14C,Long,
510880.SS,2018-09-17A,Long,
510880.SS,2018-09-17C,Empty,
510880.SS,2018-09-18A,Empty,
510880.SS,2018-09-18C,Long,
510880.SS,2018-09-19A,Long,
510880.SS,2018-09-19C,Long,
510880.SS,2018-09-20A,Long,
510880.SS,2018-09-20C,Long,
510880.SS,2018-09-21A,Long,
510880.SS,2018-09-21C,Long,
510880.SS,2018-09-25A,Long,
510880.SS,2018-09-25C,Long,
510880.SS,2018-09-26A,Long,
510880.SS,2018-09-26C,Long,
510880.SS,2018-09-27A,Long,
510880.SS,2018-09-27C,Long,
510880.SS,2018-09-28A,Long,
510880.SS,2018-09-28C,Long,
510880.SS,2018-10-08A,Long,
510880.SS,2018-10-08C,Empty,
510880.SS,2018-10-09A,Empty,
510880.SS,2018-10-09C,Empty,
510880.SS,2018-10-10A,Empty,
510880.SS,2018-10-10C,Empty,
510880.SS,2018-10-11A,Empty,
510880.SS,2018-10-11C,Empty,
510880.SS,2018-10-12A,Empty,
510880.SS,2018-10-12C,Empty,
510880.SS,2018-10-15A,Empty,
510880.SS,2018-10-15C,Empty,
510880.SS,2018-10-16A,Empty,
510880.SS,2018-10-16C,Empty,
510880.SS,2018-10-17A,Empty,
510880.SS,2018-10-17C,Empty,
510880.SS,2018-10-18A,Empty,
510880.SS,2018-10-18C,Empty,
510880.SS,2018-10-19A,Empty,
510880.SS,2018-10-19C,Empty,
510880.SS,2018-10-22A,Empty,
510880.SS,2018-10-22C,Long,
510880.SS,2018-10-23A,Long,
510880.SS,2018-10-23C,Empty,
510880.SS,2018-10-24A,Empty,
510880.SS,2018-10-24C,Long,
510880.SS,2018-10-25A,Empty,
510880.SS,2018-10-25C,Long,
510880.SS,2018-10-26A,Long,
510880.SS,2018-10-26C,Long,
510880.SS,2018-10-29A,Long,
510880.SS,2018-10-29C,Empty,
510880.SS,2018-10-30A,Empty,
510880.SS,2018-10-30C,Empty,
510880.SS,2018-10-31A,Empty,
510880.SS,2018-10-31C,Long,
510880.SS,2018-11-01A,Long,
510880.SS,2018-11-01C,Long,
510880.SS,2018-11-02A,Long,
510880.SS,2018-11-02C,Long,
510880.SS,2018-11-05A,Long,
510880.SS,2018-11-05C,Long,
510880.SS,2018-11-06A,Long,
510880.SS,2018-11-06C,Long,
510880.SS,2018-11-07A,Long,
510880.SS,2018-11-07C,Long,
510880.SS,2018-11-08A,Long,
510880.SS,2018-11-08C,Long,
510880.SS,2018-11-09A,Empty,
510880.SS,2018-11-09C,Empty,
510880.SS,2018-11-12A,Empty,
510880.SS,2018-11-12C,Long,
510880.SS,2018-11-13A,Empty,
510880.SS,2018-11-13C,Long,
510880.SS,2018-11-14A,Long,
510880.SS,2018-11-14C,Empty,
510880.SS,2018-11-15A,Empty,
510880.SS,2018-11-15C,Long,
510880.SS,2018-11-16A,Long,
510880.SS,2018-11-16C,Long,
510880.SS,2018-11-19A,Long,
510880.SS,2018-11-19C,Long,
510880.SS,2018-11-20A,Long,
510880.SS,2018-11-20C,Empty,
510880.SS,2018-11-21A,Empty,
510880.SS,2018-11-21C,Empty,
510880.SS,2018-11-22A,Empty,
510880.SS,2018-11-22C,Empty,
510880.SS,2018-11-23A,Empty,
510880.SS,2018-11-23C,Empty,
510880.SS,2018-11-26A,Empty,
510880.SS,2018-11-26C,Empty,
510880.SS,2018-11-27A,Empty,
510880.SS,2018-11-27C,Empty,
510880.SS,2018-11-28A,Empty,
510880.SS,2018-11-28C,Empty,
510880.SS,2018-11-29A,Empty,
510880.SS,2018-11-29C,Empty,
510880.SS,2018-11-30A,Empty,
510880.SS,2018-11-30C,Empty,
510880.SS,2018-12-03A,Long,
510880.SS,2018-12-03C,Long,
510880.SS,2018-12-04A,Long,
510880.SS,2018-12-04C,Long,
510880.SS,2018-12-05A,Long,
510880.SS,2018-12-05C,Long,
510880.SS,2018-12-06A,Long,
510880.SS,2018-12-06C,Empty,
510880.SS,2018-12-07A,Empty,
510880.SS,2018-12-07C,Long,
510880.SS,2018-12-10A,Empty,
510880.SS,2018-12-10C,Empty,
510880.SS,2018-12-11A,Empty,
510880.SS,2018-12-11C,Empty,
510880.SS,2018-12-12A,Long,
510880.SS,2018-12-12C,Long,
510880.SS,2018-12-13A,Long,
510880.SS,2018-12-13C,Long,
510880.SS,2018-12-14A,Long,
510880.SS,2018-12-14C,Long,
510880.SS,2018-12-17A,Long,
510880.SS,2018-12-17C,Long,
510880.SS,2018-12-18A,Long,
510880.SS,2018-12-18C,Long,
510880.SS,2018-12-19A,Long,
510880.SS,2018-12-19C,Empty,
510880.SS,2018-12-20A,Empty,
510880.SS,2018-12-20C,Empty,
510880.SS,2018-12-21A,Empty,
510880.SS,2018-12-21C,Empty,
510880.SS,2018-12-24A,Empty,
510880.SS,2018-12-24C,Empty,
510880.SS,2018-12-25A,Empty,
510880.SS,2018-12-25C,Empty,
510880.SS,2018-12-26A,Empty,
510880.SS,2018-12-26C,Empty,
510880.SS,2018-12-27A,Empty,
510880.SS,2018-12-27C,Empty,
510880.SS,2018-12-28A,Empty,
510880.SS,2018-12-28C,Empty,
510880.SS,2019-01-02A,Empty,
510880.SS,2019-01-02C,Empty,
510880.SS,2019-01-03A,Empty,
510880.SS,2019-01-03C,Empty,
510880.SS,2019-01-04A,Empty,
510880.SS,2019-01-04C,Empty,
510880.SS,2019-01-07A,Empty,
510880.SS,2019-01-07C,Long,
510880.SS,2019-01-08A,Long,
510880.SS,2019-01-08C,Long,
510880.SS,2019-01-09A,Long,
510880.SS,2019-01-09C,Long,
510880.SS,2019-01-10A,Long,
510880.SS,2019-01-10C,Long,
510880.SS,2019-01-11A,Long,
510880.SS,2019-01-11C,Long,
510880.SS,2019-01-14A,Long,
510880.SS,2019-01-14C,Long,
510880.SS,2019-01-15A,Long,
510880.SS,2019-01-15C,Long,
510880.SS,2019-01-16A,Long,
510880.SS,2019-01-16C,Long,
510880.SS,2019-01-17A,Long,
510880.SS,2019-01-17C,Long,
510880.SS,2019-01-18A,Long,
510880.SS,2019-01-18C,Long,
510880.SS,2019-01-21A,Long,
510880.SS,2019-01-21C,Long,
510880.SS,2019-01-22A,Long,
510880.SS,2019-01-22C,Long,
510880.SS,2019-01-23A,Long,
510880.SS,2019-01-23C,Long,
510880.SS,2019-01-24A,Long,
510880.SS,2019-01-24C,Long,
510880.SS,2019-01-25A,Long,
510880.SS,2019-01-25C,Long,
510880.SS,2019-01-28A,Long,
510880.SS,2019-01-28C,Long,
510880.SS,2019-01-29A,Long,
510880.SS,2019-01-29C,Long,
510880.SS,2019-01-30A,Long,
510880.SS,2019-01-30C,Long,
510880.SS,2019-01-31A,Long,
510880.SS,2019-01-31C,Long,
510880.SS,2019-02-01A,Long,
510880.SS,2019-02-01C,Long,
510880.SS,2019-02-11A,Long,
510880.SS,2019-02-11C,Long,
510880.SS,2019-02-12A,Long,
510880.SS,2019-02-12C,Long,
510880.SS,2019-02-13A,Long,
510880.SS,2019-02-13C,Long,
510880.SS,2019-02-14A,Long,
510880.SS,2019-02-14C,Long,
510880.SS,2019-02-15A,Long,
510880.SS,2019-02-15C,Long,
510880.SS,2019-02-18A,Long,
510880.SS,2019-02-18C,Long,
510880.SS,2019-02-19A,Long,
510880.SS,2019-02-19C,Long,
510880.SS,2019-02-20A,Long,
510880.SS,2019-02-20C,Long,
510880.SS,2019-02-21A,Long,
510880.SS,2019-02-21C,Long,
510880.SS,2019-02-22A,Long,
510880.SS,2019-02-22C,Long,
510880.SS,2019-02-25A,Long,
510880.SS,2019-02-25C,Long,
510880.SS,2019-02-26A,Long,
510880.SS,2019-02-26C,Long,
510880.SS,2019-02-27A,Long,
510880.SS,2019-02-27C,Long,
510880.SS,2019-02-28A,Long,
510880.SS,2019-02-28C,Long,
510880.SS,2019-03-01A,Long,
510880.SS,2019-03-01C,Long,
510880.SS,2019-03-04A,Long,
510880.SS,2019-03-04C,Long,
510880.SS,2019-03-05A,Long,
510880.SS,2019-03-05C,Long,
510880.SS,2019-03-06A,Long,
510880.SS,2019-03-06C,Long,
510880.SS,2019-03-07A,Long,
510880.SS,2019-03-07C,Long,
510880.SS,2019-03-08A,Long,
510880.SS,2019-03-08C,Empty,
510880.SS,2019-03-11A,Empty,
510880.SS,2019-03-11C,Empty,
510880.SS,2019-03-12A,Empty,
510880.SS,2019-03-12C,Long,
510880.SS,2019-03-13A,Long,
510880.SS,2019-03-13C,Empty,
510880.SS,2019-03-14A,Empty,
510880.SS,2019-03-14C,Empty,
510880.SS,2019-03-15A,Empty,
510880.SS,2019-03-15C,Empty,
510880.SS,2019-03-18A,Empty,
510880.SS,2019-03-18C,Long,
510880.SS,2019-03-19A,Long,
510880.SS,2019-03-19C,Long,
510880.SS,2019-03-20A,Long,
510880.SS,2019-03-20C,Long,
510880.SS,2019-03-21A,Long,
510880.SS,2019-03-21C,Long,
510880.SS,2019-03-22A,Long,
510880.SS,2019-03-22C,Long,
510880.SS,2019-03-25A,Empty,
510880.SS,2019-03-25C,Empty,
510880.SS,2019-03-26A,Empty,
510880.SS,2019-03-26C,Empty,
510880.SS,2019-03-27A,Empty,
510880.SS,2019-03-27C,Empty,
510880.SS,2019-03-28A,Empty,
510880.SS,2019-03-28C,Empty,
510880.SS,2019-03-29A,Empty,
510880.SS,2019-03-29C,Long,
510880.SS,2019-04-01A,Long,
510880.SS,2019-04-01C,Long,
510880.SS,2019-04-02A,Long,
510880.SS,2019-04-02C,Long,
510880.SS,2019-04-03A,Long,
510880.SS,2019-04-03C,Long,
510880.SS,2019-04-04A,Long,
510880.SS,2019-04-04C,Long,
510880.SS,2019-04-08A,Long,
510880.SS,2019-04-08C,Long,
510880.SS,2019-04-09A,Long,
510880.SS,2019-04-09C,Long,
510880.SS,2019-04-10A,Long,
510880.SS,2019-04-10C,Long,
510880.SS,2019-04-11A,Long,
510880.SS,2019-04-11C,Long,
510880.SS,2019-04-12A,Long,
510880.SS,2019-04-12C,Empty,
510880.SS,2019-04-15A,Long,
510880.SS,2019-04-15C,Empty,
510880.SS,2019-04-16A,Empty,
510880.SS,2019-04-16C,Long,
510880.SS,2019-04-17A,Long,
510880.SS,2019-04-17C,Long,
510880.SS,2019-04-18A,Long,
510880.SS,2019-04-18C,Empty,
510880.SS,2019-04-19A,Empty,
510880.SS,2019-04-19C,Empty,
510880.SS,2019-04-22A,Empty,
510880.SS,2019-04-22C,Empty,
510880.SS,2019-04-23A,Empty,
510880.SS,2019-04-23C,Empty,
510880.SS,2019-04-24A,Empty,
510880.SS,2019-04-24C,Empty,
510880.SS,2019-04-25A,Empty,
510880.SS,2019-04-25C,Empty,
510880.SS,2019-04-26A,Empty,
510880.SS,2019-04-26C,Empty,
510880.SS,2019-05-06A,Empty,
510880.SS,2019-05-06C,Empty,
510880.SS,2019-05-07A,Empty,
510880.SS,2019-05-07C,Empty,
510880.SS,2019-05-08A,Empty,
510880.SS,2019-05-08C,Empty,
510880.SS,2019-05-09A,Empty,
510880.SS,2019-05-09C,Empty,
510880.SS,2019-05-10A,Empty,
510880.SS,2019-05-10C,Empty,
510880.SS,2019-05-13A,Empty,
510880.SS,2019-05-13C,Empty,
510880.SS,2019-05-14A,Empty,
510880.SS,2019-05-14C,Empty,
510880.SS,2019-05-15A,Empty,
510880.SS,2019-05-15C,Empty,
510880.SS,2019-05-16A,Empty,
510880.SS,2019-05-16C,Long,
510880.SS,2019-05-17A,Long,
510880.SS,2019-05-17C,Empty,
510880.SS,2019-05-20A,Empty,
510880.SS,2019-05-20C,Empty,
510880.SS,2019-05-21A,Empty,
510880.SS,2019-05-21C,Empty,
510880.SS,2019-05-22A,Empty,
510880.SS,2019-05-22C,Empty,
510880.SS,2019-05-23A,Empty,
510880.SS,2019-05-23C,Empty,
510880.SS,2019-05-24A,Empty,
510880.SS,2019-05-24C,Empty,
510880.SS,2019-05-27A,Empty,
510880.SS,2019-05-27C,Long,
510880.SS,2019-05-28A,Long,
510880.SS,2019-05-28C,Long,
510880.SS,2019-05-29A,Long,
510880.SS,2019-05-29C,Long,
510880.SS,2019-05-30A,Long,
510880.SS,2019-05-30C,Long,
510880.SS,2019-05-31A,Long,
510880.SS,2019-05-31C,Long,
510880.SS,2019-06-03A,Long,
510880.SS,2019-06-03C,Long,
510880.SS,2019-06-04A,Long,
510880.SS,2019-06-04C,Empty,
510880.SS,2019-06-05A,Long,
510880.SS,2019-06-05C,Long,
510880.SS,2019-06-06A,Long,
510880.SS,2019-06-06C,Empty,
510880.SS,2019-06-10A,Empty,
510880.SS,2019-06-10C,Long,
510880.SS,2019-06-11A,Long,
510880.SS,2019-06-11C,Long,
510880.SS,2019-06-12A,Long,
510880.SS,2019-06-12C,Long,
510880.SS,2019-06-13A,Long,
510880.SS,2019-06-13C,Long,
510880.SS,2019-06-14A,Long,
510880.SS,2019-06-14C,Empty,
510880.SS,2019-06-17A,Empty,
510880.SS,2019-06-17C,Long,
510880.SS,2019-06-18A,Long,
510880.SS,2019-06-18C,Long,
510880.SS,2019-06-19A,Long,
510880.SS,2019-06-19C,Long,
510880.SS,2019-06-20A,Long,
510880.SS,2019-06-20C,Long,
510880.SS,2019-06-21A,Long,
510880.SS,2019-06-21C,Long,
510880.SS,2019-06-24A,Long,
510880.SS,2019-06-24C,Long,
510880.SS,2019-06-25A,Long,
510880.SS,2019-06-25C,Long,
510880.SS,2019-06-26A,Long,
510880.SS,2019-06-26C,Long,
510880.SS,2019-06-27A,Long,
510880.SS,2019-06-27C,Long,
510880.SS,2019-06-28A,Long,
510880.SS,2019-06-28C,Long,
510880.SS,2019-07-01A,Long,
510880.SS,2019-07-01C,Long,
510880.SS,2019-07-02A,Long,
510880.SS,2019-07-02C,Long,
510880.SS,2019-07-03A,Long,
510880.SS,2019-07-03C,Long,
510880.SS,2019-07-04A,Long,
510880.SS,2019-07-04C,Long,
510880.SS,2019-07-05A,Long,
510880.SS,2019-07-05C,Long,
510880.SS,2019-07-08A,Long,
510880.SS,2019-07-08C,Empty,
510880.SS,2019-07-09A,Empty,
510880.SS,2019-07-09C,Empty,
510880.SS,2019-07-10A,Empty,
510880.SS,2019-07-10C,Empty,
510880.SS,2019-07-11A,Empty,
510880.SS,2019-07-11C,Empty,
510880.SS,2019-07-12A,Empty,
510880.SS,2019-07-12C,Empty,
510880.SS,2019-07-15A,Empty,
510880.SS,2019-07-15C,Empty,
510880.SS,2019-07-16A,Empty,
510880.SS,2019-07-16C,Empty,
510880.SS,2019-07-17A,Empty,
510880.SS,2019-07-17C,Empty,
510880.SS,2019-07-18A,Empty,
510880.SS,2019-07-18C,Empty,
510880.SS,2019-07-19A,Empty,
510880.SS,2019-07-19C,Empty,
510880.SS,2019-07-22A,Empty,
510880.SS,2019-07-22C,Empty,
510880.SS,2019-07-23A,Empty,
510880.SS,2019-07-23C,Empty,
510880.SS,2019-07-24A,Empty,
510880.SS,2019-07-24C,Long,
510880.SS,2019-07-25A,Long,
510880.SS,2019-07-25C,Long,
510880.SS,2019-07-26A,Long,
510880.SS,2019-07-26C,Long,
510880.SS,2019-07-29A,Long,
510880.SS,2019-07-29C,Long,
510880.SS,2019-07-30A,Long,
510880.SS,2019-07-30C,Long,
510880.SS,2019-07-31A,Long,
510880.SS,2019-07-31C,Long,
510880.SS,2019-08-01A,Long,
510880.SS,2019-08-01C,Empty,
510880.SS,2019-08-02A,Empty,
510880.SS,2019-08-02C,Empty,
510880.SS,2019-08-05A,Empty,
510880.SS,2019-08-05C,Empty,
510880.SS,2019-08-06A,Empty,
510880.SS,2019-08-06C,Empty,
510880.SS,2019-08-07A,Empty,
510880.SS,2019-08-07C,Empty,
510880.SS,2019-08-08A,Empty,
510880.SS,2019-08-08C,Empty,
510880.SS,2019-08-09A,Empty,
510880.SS,2019-08-09C,Empty,
510880.SS,2019-08-12A,Empty,
510880.SS,2019-08-12C,Empty,
510880.SS,2019-08-13A,Empty,
510880.SS,2019-08-13C,Empty,
510880.SS,2019-08-14A,Long,
510880.SS,2019-08-14C,Empty,
510880.SS,2019-08-15A,Empty,
510880.SS,2019-08-15C,Long,
510880.SS,2019-08-16A,Long,
510880.SS,2019-08-16C,Long,
510880.SS,2019-08-19A,Long,
510880.SS,2019-08-19C,Long,
510880.SS,2019-08-20A,Long,
510880.SS,2019-08-20C,Long,
510880.SS,2019-08-21A,Long,
510880.SS,2019-08-21C,Long,
510880.SS,2019-08-22A,Long,
510880.SS,2019-08-22C,Long,
510880.SS,2019-08-23A,Long,
510880.SS,2019-08-23C,Long,
510880.SS,2019-08-26A,Empty,
510880.SS,2019-08-26C,Long,
510880.SS,2019-08-27A,Long,
510880.SS,2019-08-27C,Long,
510880.SS,2019-08-28A,Long,
510880.SS,2019-08-28C,Long,
510880.SS,2019-08-29A,Long,
510880.SS,2019-08-29C,Long,
510880.SS,2019-08-30A,Long,
510880.SS,2019-08-30C,Empty,
510880.SS,2019-09-02A,Empty,
510880.SS,2019-09-02C,Long,
510880.SS,2019-09-03A,Long,
510880.SS,2019-09-03C,Long,
510880.SS,2019-09-04A,Long,
510880.SS,2019-09-04C,Long,
510880.SS,2019-09-05A,Long,
510880.SS,2019-09-05C,Long,
510880.SS,2019-09-06A,Long,
510880.SS,2019-09-06C,Long,
510880.SS,2019-09-09A,Long,
510880.SS,2019-09-09C,Long,
510880.SS,2019-09-10A,Long,
510880.SS,2019-09-10C,Long,
510880.SS,2019-09-11A,Long,
510880.SS,2019-09-11C,Long,
510880.SS,2019-09-12A,Long,
510880.SS,2019-09-12C,Long,
510880.SS,2019-09-16A,Long,
510880.SS,2019-09-16C,Long,
510880.SS,2019-09-17A,Long,
510880.SS,2019-09-17C,Empty,
510880.SS,2019-09-18A,Empty,
510880.SS,2019-09-18C,Empty,
510880.SS,2019-09-19A,Empty,
510880.SS,2019-09-19C,Empty,
510880.SS,2019-09-20A,Empty,
510880.SS,2019-09-20C,Empty,
510880.SS,2019-09-23A,Empty,
510880.SS,2019-09-23C,Empty,
510880.SS,2019-09-24A,Empty,
510880.SS,2019-09-24C,Empty,
510880.SS,2019-09-25A,Empty,
510880.SS,2019-09-25C,Empty,
510880.SS,2019-09-26A,Empty,
510880.SS,2019-09-26C,Empty,
510880.SS,2019-09-27A,Empty,
510880.SS,2019-09-27C,Empty,
510880.SS,2019-09-30A,Empty,
510880.SS,2019-09-30C,Empty,
510880.SS,2019-10-08A,Empty,
510880.SS,2019-10-08C,Empty,
510880.SS,2019-10-09A,Empty,
510880.SS,2019-10-09C,Empty,
510880.SS,2019-10-10A,Empty,
510880.SS,2019-10-10C,Long,
510880.SS,2019-10-11A,Long,
510880.SS,2019-10-11C,Long,
510880.SS,2019-10-14A,Long,
510880.SS,2019-10-14C,Long,
510880.SS,2019-10-15A,Long,
510880.SS,2019-10-15C,Long,
510880.SS,2019-10-16A,Long,
510880.SS,2019-10-16C,Long,
510880.SS,2019-10-17A,Long,
510880.SS,2019-10-17C,Long,
510880.SS,2019-10-18A,Long,
510880.SS,2019-10-18C,Empty,
510880.SS,2019-10-21A,Empty,
510880.SS,2019-10-21C,Empty,
510880.SS,2019-10-22A,Empty,
510880.SS,2019-10-22C,Empty,
510880.SS,2019-10-23A,Empty,
510880.SS,2019-10-23C,Empty,
510880.SS,2019-10-24A,Empty,
510880.SS,2019-10-24C,Empty,
510880.SS,2019-10-25A,Empty,
510880.SS,2019-10-25C,Empty,
510880.SS,2019-10-28A,Empty,
510880.SS,2019-10-28C,Long,
510880.SS,2019-10-29A,Long,
510880.SS,2019-10-29C,Empty,
510880.SS,2019-10-30A,Empty,
510880.SS,2019-10-30C,Empty,
510880.SS,2019-10-31A,Empty,
510880.SS,2019-10-31C,Empty,
510880.SS,2019-11-01A,Empty,
510880.SS,2019-11-01C,Empty,
510880.SS,2019-11-04A,Empty,
510880.SS,2019-11-04C,Long,
510880.SS,2019-11-05A,Long,
510880.SS,2019-11-05C,Long,
510880.SS,2019-11-06A,Long,
510880.SS,2019-11-06C,Empty,
510880.SS,2019-11-07A,Empty,
510880.SS,2019-11-07C,Long,
510880.SS,2019-11-08A,Long,
510880.SS,2019-11-08C,Empty,
510880.SS,2019-11-11A,Empty,
510880.SS,2019-11-11C,Empty,
510880.SS,2019-11-12A,Empty,
510880.SS,2019-11-12C,Empty,
510880.SS,2019-11-13A,Empty,
510880.SS,2019-11-13C,Empty,
510880.SS,2019-11-14A,Empty,
510880.SS,2019-11-14C,Empty,
510880.SS,2019-11-15A,Empty,
510880.SS,2019-11-15C,Empty,
510880.SS,2019-11-18A,Empty,
510880.SS,2019-11-18C,Empty,
510880.SS,2019-11-19A,Empty,
510880.SS,2019-11-19C,Long,
510880.SS,2019-11-20A,Long,
510880.SS,2019-11-20C,Empty,
510880.SS,2019-11-21A,Empty,
510880.SS,2019-11-21C,Empty,
510880.SS,2019-11-22A,Empty,
510880.SS,2019-11-22C,Empty,
510880.SS,2019-11-25A,Empty,
510880.SS,2019-11-25C,Long,
510880.SS,2019-11-26A,Long,
510880.SS,2019-11-26C,Long,
510880.SS,2019-11-27A,Long,
510880.SS,2019-11-27C,Long,
510880.SS,2019-11-28A,Long,
510880.SS,2019-11-28C,Long,
510880.SS,2019-11-29A,Empty,
510880.SS,2019-11-29C,Empty,
510880.SS,2019-12-02A,Empty,
510880.SS,2019-12-02C,Long,
510880.SS,2019-12-03A,Long,
510880.SS,2019-12-03C,Long,
510880.SS,2019-12-04A,Empty,
510880.SS,2019-12-04C,Empty,
510880.SS,2019-12-05A,Long,
510880.SS,2019-12-05C,Long,
510880.SS,2019-12-06A,Long,
510880.SS,2019-12-06C,Long,
510880.SS,2019-12-09A,Long,
510880.SS,2019-12-09C,Long,
510880.SS,2019-12-10A,Long,
510880.SS,2019-12-10C,Long,
510880.SS,2019-12-11A,Long,
510880.SS,2019-12-11C,Long,
510880.SS,2019-12-12A,Long,
510880.SS,2019-12-12C,Long,
510880.SS,2019-12-13A,Long,
510880.SS,2019-12-13C,Long,
510880.SS,2019-12-16A,Long,
510880.SS,2019-12-16C,Long,
510880.SS,2019-12-17A,Long,
510880.SS,2019-12-17C,Long,
510880.SS,2019-12-18A,Long,
510880.SS,2019-12-18C,Long,
510880.SS,2019-12-19A,Long,
510880.SS,2019-12-19C,Long,
510880.SS,2019-12-20A,Long,
510880.SS,2019-12-20C,Long,
510880.SS,2019-12-23A,Long,
510880.SS,2019-12-23C,Empty,
510880.SS,2019-12-24A,Empty,
510880.SS,2019-12-24C,Empty,
510880.SS,2019-12-25A,Empty,
510880.SS,2019-12-25C,Empty,
510880.SS,2019-12-26A,Empty,
510880.SS,2019-12-26C,Long,
510880.SS,2019-12-27A,Long,
510880.SS,2019-12-27C,Long,
510880.SS,2019-12-30A,Long,
510880.SS,2019-12-30C,Long,
510880.SS,2019-12-31A,Long,
510880.SS,2019-12-31C,Long,
510880.SS,2020-01-02A,Long,
510880.SS,2020-01-02C,Long,
510880.SS,2020-01-03A,Long,
510880.SS,2020-01-03C,Long,
510880.SS,2020-01-06A,Long,
510880.SS,2020-01-06C,Long,
510880.SS,2020-01-07A,Long,
510880.SS,2020-01-07C,Long,
510880.SS,2020-01-08A,Long,
510880.SS,2020-01-08C,Long,
510880.SS,2020-01-09A,Long,
510880.SS,2020-01-09C,Long,
510880.SS,2020-01-10A,Long,
510880.SS,2020-01-10C,Long,
510880.SS,2020-01-13A,Long,
510880.SS,2020-01-13C,Long,
510880.SS,2020-01-14A,Long,
510880.SS,2020-01-14C,Long,
510880.SS,2020-01-15A,Long,
510880.SS,2020-01-15C,Long,
510880.SS,2020-01-16A,Long,
510880.SS,2020-01-16C,Long,
510880.SS,2020-01-17A,Long,
510880.SS,2020-01-17C,Empty,
510880.SS,2020-01-20A,Empty,
510880.SS,2020-01-20C,Empty,
510880.SS,2020-01-21A,Empty,
510880.SS,2020-01-21C,Empty,
510880.SS,2020-01-22A,Empty,
510880.SS,2020-01-22C,Empty,
510880.SS,2020-01-23A,Empty,
510880.SS,2020-01-23C,Empty,
510880.SS,2020-02-03A,Empty,
510880.SS,2020-02-03C,Empty,
510880.SS,2020-02-04A,Empty,
510880.SS,2020-02-04C,Empty,
510880.SS,2020-02-05A,Empty,
510880.SS,2020-02-05C,Empty,
510880.SS,2020-02-06A,Empty,
510880.SS,2020-02-06C,Empty,
510880.SS,2020-02-07A,Empty,
510880.SS,2020-02-07C,Empty,
510880.SS,2020-02-10A,Empty,
510880.SS,2020-02-10C,Empty,
510880.SS,2020-02-11A,Empty,
510880.SS,2020-02-11C,Long,
510880.SS,2020-02-12A,Long,
510880.SS,2020-02-12C,Long,
510880.SS,2020-02-13A,Long,
510880.SS,2020-02-13C,Long,
510880.SS,2020-02-14A,Long,
510880.SS,2020-02-14C,Long,
510880.SS,2020-02-17A,Long,
510880.SS,2020-02-17C,Long,
510880.SS,2020-02-18A,Long,
510880.SS,2020-02-18C,Long,
510880.SS,2020-02-19A,Long,
510880.SS,2020-02-19C,Long,
510880.SS,2020-02-20A,Long,
510880.SS,2020-02-20C,Long,
510880.SS,2020-02-21A,Long,
510880.SS,2020-02-21C,Long,
510880.SS,2020-02-24A,Long,
510880.SS,2020-02-24C,Long,
510880.SS,2020-02-25A,Long,
510880.SS,2020-02-25C,Long,
510880.SS,2020-02-26A,Empty,
510880.SS,2020-02-26C,Long,
510880.SS,2020-02-27A,Long,
510880.SS,2020-02-27C,Long,
510880.SS,2020-02-28A,Empty,
510880.SS,2020-02-28C,Empty,
510880.SS,2020-03-02A,Empty,
510880.SS,2020-03-02C,Long,
510880.SS,2020-03-03A,Long,
510880.SS,2020-03-03C,Long,
510880.SS,2020-03-04A,Long,
510880.SS,2020-03-04C,Long,
510880.SS,2020-03-05A,Long,
510880.SS,2020-03-05C,Long,
510880.SS,2020-03-06A,Long,
510880.SS,2020-03-06C,Long,
510880.SS,2020-03-09A,Empty,
510880.SS,2020-03-09C,Empty,
510880.SS,2020-03-10A,Empty,
510880.SS,2020-03-10C,Long,
510880.SS,2020-03-11A,Long,
510880.SS,2020-03-11C,Empty,
510880.SS,2020-03-12A,Empty,
510880.SS,2020-03-12C,Empty,
510880.SS,2020-03-13A,Empty,
510880.SS,2020-03-13C,Empty,
510880.SS,2020-03-16A,Empty,
510880.SS,2020-03-16C,Empty,
510880.SS,2020-03-17A,Empty,
510880.SS,2020-03-17C,Empty,
510880.SS,2020-03-18A,Empty,
510880.SS,2020-03-18C,Empty,
510880.SS,2020-03-19A,Empty,
510880.SS,2020-03-19C,Empty,
510880.SS,2020-03-20A,Empty,
510880.SS,2020-03-20C,Empty,
510880.SS,2020-03-23A,Empty,
510880.SS,2020-03-23C,Empty,
510880.SS,2020-03-24A,Empty,
510880.SS,2020-03-24C,Empty,
510880.SS,2020-03-25A,Empty,
510880.SS,2020-03-25C,Empty,
510880.SS,2020-03-26A,Empty,
510880.SS,2020-03-26C,Empty,
510880.SS,2020-03-27A,Long,
510880.SS,2020-03-27C,Long,
510880.SS,2020-03-30A,Empty,
510880.SS,2020-03-30C,Empty,
510880.SS,2020-03-31A,Long,
510880.SS,2020-03-31C,Empty,
510880.SS,2020-04-01A,Empty,
510880.SS,2020-04-01C,Empty,
510880.SS,2020-04-02A,Empty,
510880.SS,2020-04-02C,Long,
510880.SS,2020-04-03A,Long,
510880.SS,2020-04-03C,Long,
510880.SS,2020-04-07A,Long,
510880.SS,2020-04-07C,Long,
510880.SS,2020-04-08A,Long,
510880.SS,2020-04-08C,Long,
510880.SS,2020-04-09A,Long,
510880.SS,2020-04-09C,Long,
510880.SS,2020-04-10A,Long,
510880.SS,2020-04-10C,Long,
510880.SS,2020-04-13A,Long,
510880.SS,2020-04-13C,Empty,
510880.SS,2020-04-14A,Long,
510880.SS,2020-04-14C,Long,
510880.SS,2020-04-15A,Long,
510880.SS,2020-04-15C,Long,
510880.SS,2020-04-16A,Long,
510880.SS,2020-04-16C,Long,
510880.SS,2020-04-17A,Long,
510880.SS,2020-04-17C,Long,
510880.SS,2020-04-20A,Long,
510880.SS,2020-04-20C,Long,
510880.SS,2020-04-21A,Long,
510880.SS,2020-04-21C,Empty,
510880.SS,2020-04-22A,Empty,
510880.SS,2020-04-22C,Empty,
510880.SS,2020-04-23A,Empty,
510880.SS,2020-04-23C,Empty,
510880.SS,2020-04-24A,Empty,
510880.SS,2020-04-24C,Empty,
510880.SS,2020-04-27A,Empty,
510880.SS,2020-04-27C,Empty,
510880.SS,2020-04-28A,Empty,
510880.SS,2020-04-28C,Empty,
510880.SS,2020-04-29A,Empty,
510880.SS,2020-04-29C,Long,
510880.SS,2020-04-30A,Long,
510880.SS,2020-04-30C,Long,
510880.SS,2020-05-06A,Long,
510880.SS,2020-05-06C,Long,
510880.SS,2020-05-07A,Long,
510880.SS,2020-05-07C,Long,
510880.SS,2020-05-08A,Long,
510880.SS,2020-05-08C,Long,
510880.SS,2020-05-11A,Long,
510880.SS,2020-05-11C,Long,
510880.SS,2020-05-12A,Long,
510880.SS,2020-05-12C,Long,
510880.SS,2020-05-13A,Long,
510880.SS,2020-05-13C,Long,
510880.SS,2020-05-14A,Long,
510880.SS,2020-05-14C,Empty,
510880.SS,2020-05-15A,Empty,
510880.SS,2020-05-15C,Empty,
510880.SS,2020-05-18A,Empty,
510880.SS,2020-05-18C,Empty,
510880.SS,2020-05-19A,Empty,
510880.SS,2020-05-19C,Empty,
510880.SS,2020-05-20A,Empty,
510880.SS,2020-05-20C,Empty,
510880.SS,2020-05-21A,Empty,
510880.SS,2020-05-21C,Empty,
510880.SS,2020-05-22A,Empty,
510880.SS,2020-05-22C,Empty,
510880.SS,2020-05-25A,Empty,
510880.SS,2020-05-25C,Empty,
510880.SS,2020-05-26A,Empty,
510880.SS,2020-05-26C,Empty,
510880.SS,2020-05-27A,Empty,
510880.SS,2020-05-27C,Empty,
510880.SS,2020-05-28A,Empty,
510880.SS,2020-05-28C,Empty,
510880.SS,2020-05-29A,Empty,
510880.SS,2020-05-29C,Empty,
510880.SS,2020-06-01A,Empty,
510880.SS,2020-06-01C,Long,
510880.SS,2020-06-02A,Long,
510880.SS,2020-06-02C,Long,
510880.SS,2020-06-03A,Long,
510880.SS,2020-06-03C,Long,
510880.SS,2020-06-04A,Long,
510880.SS,2020-06-04C,Long,
510880.SS,2020-06-05A,Long,
510880.SS,2020-06-05C,Long,
510880.SS,2020-06-08A,Long,
510880.SS,2020-06-08C,Long,
510880.SS,2020-06-09A,Long,
510880.SS,2020-06-09C,Long,
510880.SS,2020-06-10A,Long,
510880.SS,2020-06-10C,Long,
510880.SS,2020-06-11A,Long,
510880.SS,2020-06-11C,Empty,
510880.SS,2020-06-12A,Empty,
510880.SS,2020-06-12C,Empty,
510880.SS,2020-06-15A,Empty,
510880.SS,2020-06-15C,Empty,
510880.SS,2020-06-16A,Empty,
510880.SS,2020-06-16C,Long,
510880.SS,2020-06-17A,Long,
510880.SS,2020-06-17C,Long,
510880.SS,2020-06-18A,Long,
510880.SS,2020-06-18C,Long,
510880.SS,2020-06-19A,Long,
510880.SS,2020-06-19C,Long,
510880.SS,2020-06-22A,Long,
510880.SS,2020-06-22C,Long,
510880.SS,2020-06-23A,Long,
510880.SS,2020-06-23C,Empty,
510880.SS,2020-06-24A,Empty,
510880.SS,2020-06-24C,Empty,
510880.SS,2020-06-29A,Empty,
510880.SS,2020-06-29C,Empty,
510880.SS,2020-06-30A,Empty,
510880.SS,2020-06-30C,Empty,
510880.SS,2020-07-01A,Long,
510880.SS,2020-07-01C,Long,
510880.SS,2020-07-02A,Long,
510880.SS,2020-07-02C,Long,
510880.SS,2020-07-03A,Long,
510880.SS,2020-07-03C,Long,
510880.SS,2020-07-06A,Long,
510880.SS,2020-07-06C,Long,
510880.SS,2020-07-07A,Long,
510880.SS,2020-07-07C,Long,
510880.SS,2020-07-08A,Long,
510880.SS,2020-07-08C,Long,
510880.SS,2020-07-09A,Long,
510880.SS,2020-07-09C,Long,
510880.SS,2020-07-10A,Long,
510880.SS,2020-07-10C,Long,
510880.SS,2020-07-13A,Long,
510880.SS,2020-07-13C,Long,
510880.SS,2020-07-14A,Long,
510880.SS,2020-07-14C,Long,
510880.SS,2020-07-15A,Long,
510880.SS,2020-07-15C,Empty,
510880.SS,2020-07-16A,Empty,
510880.SS,2020-07-16C,Empty,
510880.SS,2020-07-17A,Empty,
510880.SS,2020-07-17C,Empty,
510880.SS,2020-07-20A,Empty,
510880.SS,2020-07-20C,Long,
510880.SS,2020-07-21A,Long,
510880.SS,2020-07-21C,Long,
510880.SS,2020-07-22A,Long,
510880.SS,2020-07-22C,Long,
510880.SS,2020-07-23A,Long,
510880.SS,2020-07-23C,Empty,
510880.SS,2020-07-24A,Empty,
510880.SS,2020-07-24C,Empty,
510880.SS,2020-07-27A,Empty,
510880.SS,2020-07-27C,Empty,
510880.SS,2020-07-28A,Empty,
510880.SS,2020-07-28C,Empty,
510880.SS,2020-07-29A,Empty,
510880.SS,2020-07-29C,Empty,
510880.SS,2020-07-30A,Empty,
510880.SS,2020-07-30C,Empty,
510880.SS,2020-07-31A,Empty,
510880.SS,2020-07-31C,Long,
510880.SS,2020-08-03A,Long,
510880.SS,2020-08-03C,Long,
510880.SS,2020-08-04A,Long,
510880.SS,2020-08-04C,Long,
510880.SS,2020-08-05A,Long,
510880.SS,2020-08-05C,Long,
510880.SS,2020-08-06A,Long,
510880.SS,2020-08-06C,Long,
510880.SS,2020-08-07A,Long,
510880.SS,2020-08-07C,Long,
510880.SS,2020-08-10A,Long,
510880.SS,2020-08-10C,Long,
510880.SS,2020-08-11A,Long,
510880.SS,2020-08-11C,Long,
510880.SS,2020-08-12A,Long,
510880.SS,2020-08-12C,Empty,
510880.SS,2020-08-13A,Long,
510880.SS,2020-08-13C,Long,
510880.SS,2020-08-14A,Long,
510880.SS,2020-08-14C,Long,
510880.SS,2020-08-17A,Long,
510880.SS,2020-08-17C,Long,
510880.SS,2020-08-18A,Long,
510880.SS,2020-08-18C,Long,
510880.SS,2020-08-19A,Long,
510880.SS,2020-08-19C,Long,
510880.SS,2020-08-20A,Long,
510880.SS,2020-08-20C,Long,
510880.SS,2020-08-21A,Long,
510880.SS,2020-08-21C,Long,
510880.SS,2020-08-24A,Long,
510880.SS,2020-08-24C,Long,
510880.SS,2020-08-25A,Long,
510880.SS,2020-08-25C,Empty,
510880.SS,2020-08-26A,Empty,
510880.SS,2020-08-26C,Empty,
510880.SS,2020-08-27A,Empty,
510880.SS,2020-08-27C,Empty,
510880.SS,2020-08-28A,Empty,
510880.SS,2020-08-28C,Empty,
510880.SS,2020-08-31A,Long,
510880.SS,2020-08-31C,Empty,
510880.SS,2020-09-01A,Empty,
510880.SS,2020-09-01C,Empty,
510880.SS,2020-09-02A,Empty,
510880.SS,2020-09-02C,Empty,
510880.SS,2020-09-03A,Empty,
510880.SS,2020-09-03C,Empty,
510880.SS,2020-09-04A,Empty,
510880.SS,2020-09-04C,Empty,
510880.SS,2020-09-07A,Empty,
510880.SS,2020-09-07C,Empty,
510880.SS,2020-09-08A,Empty,
510880.SS,2020-09-08C,Empty,
510880.SS,2020-09-09A,Empty,
510880.SS,2020-09-09C,Empty,
510880.SS,2020-09-10A,Empty,
510880.SS,2020-09-10C,Empty,
510880.SS,2020-09-11A,Empty,
510880.SS,2020-09-11C,Empty,
510880.SS,2020-09-14A,Empty,
510880.SS,2020-09-14C,Empty,
510880.SS,2020-09-15A,Empty,
510880.SS,2020-09-15C,Empty,
510880.SS,2020-09-16A,Empty,
510880.SS,2020-09-16C,Empty,
510880.SS,2020-09-17A,Empty,
510880.SS,2020-09-17C,Empty,
510880.SS,2020-09-18A,Long,
510880.SS,2020-09-18C,Long,
510880.SS,2020-09-21A,Long,
510880.SS,2020-09-21C,Long,
510880.SS,2020-09-22A,Long,
510880.SS,2020-09-22C,Empty,
510880.SS,2020-09-23A,Empty,
510880.SS,2020-09-23C,Empty,
510880.SS,2020-09-24A,Empty,
510880.SS,2020-09-24C,Empty,
510880.SS,2020-09-25A,Empty,
510880.SS,2020-09-25C,Empty,
510880.SS,2020-09-28A,Empty,
510880.SS,2020-09-28C,Empty,
510880.SS,2020-09-29A,Empty,
510880.SS,2020-09-29C,Empty,
510880.SS,2020-09-30A,Empty,
510880.SS,2020-09-30C,Empty,
510880.SS,2020-10-09A,Empty,
510880.SS,2020-10-09C,Long,
510880.SS,2020-10-12A,Long,
510880.SS,2020-10-12C,Long,
510880.SS,2020-10-13A,Long,
510880.SS,2020-10-13C,Long,
510880.SS,2020-10-14A,Long,
510880.SS,2020-10-14C,Long,
510880.SS,2020-10-15A,Long,
510880.SS,2020-10-15C,Long,
510880.SS,2020-10-16A,Long,
510880.SS,2020-10-16C,Long,
510880.SS,2020-10-19A,Long,
510880.SS,2020-10-19C,Empty,
510880.SS,2020-10-20A,Empty,
510880.SS,2020-10-20C,Empty,
510880.SS,2020-10-21A,Empty,
510880.SS,2020-10-21C,Empty,
510880.SS,2020-10-22A,Empty,
510880.SS,2020-10-22C,Empty,
510880.SS,2020-10-23A,Empty,
510880.SS,2020-10-23C,Empty,
510880.SS,2020-10-26A,Empty,
510880.SS,2020-10-26C,Empty,
510880.SS,2020-10-27A,Empty,
510880.SS,2020-10-27C,Empty,
510880.SS,2020-10-28A,Empty,
510880.SS,2020-10-28C,Empty,
510880.SS,2020-10-29A,Empty,
510880.SS,2020-10-29C,Long,
510880.SS,2020-10-30A,Long,
510880.SS,2020-10-30C,Empty,
510880.SS,2020-11-02A,Empty,
510880.SS,2020-11-02C,Long,
510880.SS,2020-11-03A,Long,
510880.SS,2020-11-03C,Long,
510880.SS,2020-11-04A,Long,
510880.SS,2020-11-04C,Long,
510880.SS,2020-11-05A,Long,
510880.SS,2020-11-05C,Long,
510880.SS,2020-11-06A,Long,
510880.SS,2020-11-06C,Long,
510880.SS,2020-11-09A,Long,
510880.SS,2020-11-09C,Long,
510880.SS,2020-11-10A,Long,
510880.SS,2020-11-10C,Long,
510880.SS,2020-11-11A,Long,
510880.SS,2020-11-11C,Long,
510880.SS,2020-11-12A,Long,
510880.SS,2020-11-12C,Long,
510880.SS,2020-11-13A,Long,
510880.SS,2020-11-13C,Long,
510880.SS,2020-11-16A,Long,
510880.SS,2020-11-16C,Long,
510880.SS,2020-11-17A,Long,
510880.SS,2020-11-17C,Long,
510880.SS,2020-11-18A,Long,
510880.SS,2020-11-18C,Long,
510880.SS,2020-11-19A,Long,
510880.SS,2020-11-19C,Long,
510880.SS,2020-11-20A,Long,
510880.SS,2020-11-20C,Long,
510880.SS,2020-11-23A,Long,
510880.SS,2020-11-23C,Long,
510880.SS,2020-11-24A,Long,
510880.SS,2020-11-24C,Long,
510880.SS,2020-11-25A,Long,
510880.SS,2020-11-25C,Long,
510880.SS,2020-11-26A,Long,
510880.SS,2020-11-26C,Empty,
510880.SS,2020-11-27A,Empty,
510880.SS,2020-11-27C,Long,
510880.SS,2020-11-30A,Long,
510880.SS,2020-11-30C,Empty,
510880.SS,2020-12-01A,Empty,
510880.SS,2020-12-01C,Empty,
510880.SS,2020-12-02A,Empty,
510880.SS,2020-12-02C,Empty,
510880.SS,2020-12-03A,Empty,
510880.SS,2020-12-03C,Empty,
510880.SS,2020-12-04A,Empty,
510880.SS,2020-12-04C,Empty,
510880.SS,2020-12-07A,Empty,
510880.SS,2020-12-07C,Empty,
510880.SS,2020-12-08A,Empty,
510880.SS,2020-12-08C,Empty,
510880.SS,2020-12-09A,Empty,
510880.SS,2020-12-09C,Empty,
510880.SS,2020-12-10A,Empty,
510880.SS,2020-12-10C,Empty,
510880.SS,2020-12-11A,Empty,
510880.SS,2020-12-11C,Empty,
510880.SS,2020-12-14A,Empty,
510880.SS,2020-12-14C,Empty,
510880.SS,2020-12-15A,Empty,
510880.SS,2020-12-15C,Empty,
510880.SS,2020-12-16A,Empty,
510880.SS,2020-12-16C,Empty,
510880.SS,2020-12-17A,Empty,
510880.SS,2020-12-17C,Empty,
510880.SS,2020-12-18A,Empty,
510880.SS,2020-12-18C,Empty,
510880.SS,2020-12-21A,Empty,
510880.SS,2020-12-21C,Long,
510880.SS,2020-12-22A,Long,
510880.SS,2020-12-22C,Empty,
510880.SS,2020-12-23A,Empty,
510880.SS,2020-12-23C,Empty,
510880.SS,2020-12-24A,Empty,
510880.SS,2020-12-24C,Empty,
510880.SS,2020-12-25A,Empty,
510880.SS,2020-12-25C,Empty,
510880.SS,2020-12-28A,Empty,
510880.SS,2020-12-28C,Empty,
510880.SS,2020-12-29A,Empty,
510880.SS,2020-12-29C,Empty,
510880.SS,2020-12-30A,Empty,
510880.SS,2020-12-30C,Empty,
510880.SS,2020-12-31A,Empty,
510880.SS,2020-12-31C,Empty,
510880.SS,2021-01-04A,Empty,
510880.SS,2021-01-04C,Long,
510880.SS,2021-01-05A,Long,
510880.SS,2021-01-05C,Empty,
510880.SS,2021-01-06A,Empty,
510880.SS,2021-01-06C,Empty,
510880.SS,2021-01-07A,Empty,
510880.SS,2021-01-07C,Empty,
510880.SS,2021-01-08A,Empty,
510880.SS,2021-01-08C,Empty,
510880.SS,2021-01-11A,Long,
510880.SS,2021-01-11C,Empty,
510880.SS,2021-01-12A,Empty,
510880.SS,2021-01-12C,Empty,
510880.SS,2021-01-13A,Empty,
510880.SS,2021-01-13C,Long,
510880.SS,2021-01-14A,Long,
510880.SS,2021-01-14C,Long,
510880.SS,2021-01-15A,Long,
510880.SS,2021-01-15C,Long,
510880.SS,2021-01-18A,Long,
510880.SS,2021-01-18C,Long,
510880.SS,2021-01-19A,Long,
510880.SS,2021-01-19C,Long,
510880.SS,2021-01-20A,Long,
510880.SS,2021-01-20C,Long,
510880.SS,2021-01-21A,Long,
510880.SS,2021-01-21C,Long,
510880.SS,2021-01-22A,Long,
510880.SS,2021-01-22C,Empty,
510880.SS,2021-01-25A,Empty,
510880.SS,2021-01-25C,Empty,
510880.SS,2021-01-26A,Empty,
510880.SS,2021-01-26C,Empty,
510880.SS,2021-01-27A,Empty,
510880.SS,2021-01-27C,Empty,
510880.SS,2021-01-28A,Empty,
510880.SS,2021-01-28C,Empty,
510880.SS,2021-01-29A,Empty,
510880.SS,2021-01-29C,Empty,
510880.SS,2021-02-01A,Empty,
510880.SS,2021-02-01C,Empty,
510880.SS,2021-02-02A,Empty,
510880.SS,2021-02-02C,Empty,
510880.SS,2021-02-03A,Empty,
510880.SS,2021-02-03C,Empty,
510880.SS,2021-02-04A,Empty,
510880.SS,2021-02-04C,Empty,
510880.SS,2021-02-05A,Empty,
510880.SS,2021-02-05C,Empty,
510880.SS,2021-02-08A,Empty,
510880.SS,2021-02-08C,Long,
510880.SS,2021-02-09A,Long,
510880.SS,2021-02-09C,Long,
510880.SS,2021-02-10A,Long,
510880.SS,2021-02-10C,Long,
510880.SS,2021-02-18A,Long,
510880.SS,2021-02-18C,Long,
510880.SS,2021-02-19A,Long,
510880.SS,2021-02-19C,Long,
510880.SS,2021-02-22A,Long,
510880.SS,2021-02-22C,Long,
510880.SS,2021-02-23A,Long,
510880.SS,2021-02-23C,Long,
510880.SS,2021-02-24A,Long,
510880.SS,2021-02-24C,Long,
510880.SS,2021-02-25A,Long,
510880.SS,2021-02-25C,Long,
510880.SS,2021-02-26A,Long,
510880.SS,2021-02-26C,Long,
510880.SS,2021-03-01A,Long,
510880.SS,2021-03-01C,Long,
510880.SS,2021-03-02A,Long,
510880.SS,2021-03-02C,Long,
510880.SS,2021-03-03A,Long,
510880.SS,2021-03-03C,Long,
510880.SS,2021-03-04A,Long,
510880.SS,2021-03-04C,Long,
510880.SS,2021-03-05A,Long,
510880.SS,2021-03-05C,Long,
510880.SS,2021-03-08A,Long,
510880.SS,2021-03-08C,Empty,
510880.SS,2021-03-09A,Empty,
510880.SS,2021-03-09C,Empty,
510880.SS,2021-03-10A,Empty,
510880.SS,2021-03-10C,Empty,
510880.SS,2021-03-11A,Empty,
510880.SS,2021-03-11C,Long,
510880.SS,2021-03-12A,Long,
510880.SS,2021-03-12C,Long,
510880.SS,2021-03-15A,Long,
510880.SS,2021-03-15C,Long,
510880.SS,2021-03-16A,Long,
510880.SS,2021-03-16C,Long,
510880.SS,2021-03-17A,Long,
510880.SS,2021-03-17C,Long,
510880.SS,2021-03-18A,Long,
510880.SS,2021-03-18C,Long,
510880.SS,2021-03-19A,Long,
510880.SS,2021-03-19C,Empty,
510880.SS,2021-03-22A,Empty,
510880.SS,2021-03-22C,Long,
510880.SS,2021-03-23A,Long,
510880.SS,2021-03-23C,Empty,
510880.SS,2021-03-24A,Empty,
510880.SS,2021-03-24C,Empty,
510880.SS,2021-03-25A,Empty,
510880.SS,2021-03-25C,Empty,
510880.SS,2021-03-26A,Empty,
510880.SS,2021-03-26C,Empty,
510880.SS,2021-03-29A,Long,
510880.SS,2021-03-29C,Long,
510880.SS,2021-03-30A,Long,
510880.SS,2021-03-30C,Long,
510880.SS,2021-03-31A,Long,
510880.SS,2021-03-31C,Long,
510880.SS,2021-04-01A,Long,
510880.SS,2021-04-01C,Long,
510880.SS,2021-04-02A,Long,
510880.SS,2021-04-02C,Empty,
510880.SS,2021-04-06A,Long,
510880.SS,2021-04-06C,Long,
510880.SS,2021-04-07A,Long,
510880.SS,2021-04-07C,Long,
510880.SS,2021-04-08A,Long,
510880.SS,2021-04-08C,Long,
510880.SS,2021-04-09A,Long,
510880.SS,2021-04-09C,Long,
510880.SS,2021-04-12A,Long,
510880.SS,2021-04-12C,Long,
510880.SS,2021-04-13A,Long,
510880.SS,2021-04-13C,Empty,
510880.SS,2021-04-14A,Empty,
510880.SS,2021-04-14C,Empty,
510880.SS,2021-04-15A,Empty,
510880.SS,2021-04-15C,Empty,
510880.SS,2021-04-16A,Empty,
510880.SS,2021-04-16C,Long,
510880.SS,2021-04-19A,Long,
510880.SS,2021-04-19C,Long,
510880.SS,2021-04-20A,Long,
510880.SS,2021-04-20C,Long,
510880.SS,2021-04-21A,Long,
510880.SS,2021-04-21C,Long,
510880.SS,2021-04-22A,Long,
510880.SS,2021-04-22C,Long,
510880.SS,2021-04-23A,Long,
510880.SS,2021-04-23C,Long,
510880.SS,2021-04-26A,Long,
510880.SS,2021-04-26C,Empty,
510880.SS,2021-04-27A,Empty,
510880.SS,2021-04-27C,Empty,
510880.SS,2021-04-28A,Empty,
510880.SS,2021-04-28C,Empty,
510880.SS,2021-04-29A,Empty,
510880.SS,2021-04-29C,Long,
510880.SS,2021-04-30A,Empty,
510880.SS,2021-04-30C,Empty,
510880.SS,2021-05-06A,Empty,
510880.SS,2021-05-06C,Long,
510880.SS,2021-05-07A,Long,
510880.SS,2021-05-07C,Long,
510880.SS,2021-05-10A,Long,
510880.SS,2021-05-10C,Long,
510880.SS,2021-05-11A,Long,
510880.SS,2021-05-11C,Long,
510880.SS,2021-05-12A,Long,
510880.SS,2021-05-12C,Long,
510880.SS,2021-05-13A,Long,
510880.SS,2021-05-13C,Empty,
510880.SS,2021-05-14A,Empty,
510880.SS,2021-05-14C,Empty,
510880.SS,2021-05-17A,Empty,
510880.SS,2021-05-17C,Empty,
510880.SS,2021-05-18A,Empty,
510880.SS,2021-05-18C,Long,
510880.SS,2021-05-19A,Long,
510880.SS,2021-05-19C,Empty,
510880.SS,2021-05-20A,Empty,
510880.SS,2021-05-20C,Empty,
510880.SS,2021-05-21A,Empty,
510880.SS,2021-05-21C,Empty,
510880.SS,2021-05-24A,Empty,
510880.SS,2021-05-24C,Empty,
510880.SS,2021-05-25A,Empty,
510880.SS,2021-05-25C,Empty,
510880.SS,2021-05-26A,Empty,
510880.SS,2021-05-26C,Long,
510880.SS,2021-05-27A,Long,
510880.SS,2021-05-27C,Long,
510880.SS,2021-05-28A,Long,
510880.SS,2021-05-28C,Long,
510880.SS,2021-05-31A,Long,
510880.SS,2021-05-31C,Long,
510880.SS,2021-06-01A,Long,
510880.SS,2021-06-01C,Long,
510880.SS,2021-06-02A,Long,
510880.SS,2021-06-02C,Long,
510880.SS,2021-06-03A,Long,
510880.SS,2021-06-03C,Long,
510880.SS,2021-06-04A,Long,
510880.SS,2021-06-04C,Long,
510880.SS,2021-06-07A,Long,
510880.SS,2021-06-07C,Long,
510880.SS,2021-06-08A,Long,
510880.SS,2021-06-08C,Empty,
510880.SS,2021-06-09A,Empty,
510880.SS,2021-06-09C,Long,
510880.SS,2021-06-10A,Long,
510880.SS,2021-06-10C,Long,
510880.SS,2021-06-11A,Long,
510880.SS,2021-06-11C,Long,
510880.SS,2021-06-15A,Long,
510880.SS,2021-06-15C,Empty,
510880.SS,2021-06-16A,Empty,
510880.SS,2021-06-16C,Empty,
510880.SS,2021-06-17A,Empty,
510880.SS,2021-06-17C,Empty,
510880.SS,2021-06-18A,Empty,
510880.SS,2021-06-18C,Empty,
510880.SS,2021-06-21A,Empty,
510880.SS,2021-06-21C,Empty,
510880.SS,2021-06-22A,Empty,
510880.SS,2021-06-22C,Long,
510880.SS,2021-06-23A,Long,
510880.SS,2021-06-23C,Long,
510880.SS,2021-06-24A,Long,
510880.SS,2021-06-24C,Long,
510880.SS,2021-06-25A,Long,
510880.SS,2021-06-25C,Long,
510880.SS,2021-06-28A,Long,
510880.SS,2021-06-28C,Empty,
510880.SS,2021-06-29A,Empty,
510880.SS,2021-06-29C,Empty,
510880.SS,2021-06-30A,Empty,
510880.SS,2021-06-30C,Empty,
510880.SS,2021-07-01A,Empty,
510880.SS,2021-07-01C,Empty,
510880.SS,2021-07-02A,Empty,
510880.SS,2021-07-02C,Empty,
510880.SS,2021-07-05A,Empty,
510880.SS,2021-07-05C,Empty,
510880.SS,2021-07-06A,Empty,
510880.SS,2021-07-06C,Empty,
510880.SS,2021-07-07A,Empty,
510880.SS,2021-07-07C,Empty,
510880.SS,2021-07-08A,Empty,
510880.SS,2021-07-08C,Empty,
510880.SS,2021-07-09A,Empty,
510880.SS,2021-07-09C,Empty,
510880.SS,2021-07-12A,Empty,
510880.SS,2021-07-12C,Empty,
510880.SS,2021-07-13A,Empty,
510880.SS,2021-07-13C,Long,
510880.SS,2021-07-14A,Long,
510880.SS,2021-07-14C,Long,
510880.SS,2021-07-15A,Long,
510880.SS,2021-07-15C,Long,
510880.SS,2021-07-16A,Long,
510880.SS,2021-07-16C,Long,
510880.SS,2021-07-19A,Long,
510880.SS,2021-07-19C,Long,
510880.SS,2021-07-20A,Long,
510880.SS,2021-07-20C,Long,
510880.SS,2021-07-21A,Long,
510880.SS,2021-07-21C,Empty,
510880.SS,2021-07-22A,Empty,
510880.SS,2021-07-22C,Long,
510880.SS,2021-07-23A,Long,
510880.SS,2021-07-23C,Long,
510880.SS,2021-07-26A,Long,
510880.SS,2021-07-26C,Empty,
510880.SS,2021-07-27A,Empty,
510880.SS,2021-07-27C,Empty,
510880.SS,2021-07-28A,Empty,
510880.SS,2021-07-28C,Empty,
510880.SS,2021-07-29A,Empty,
510880.SS,2021-07-29C,Empty,
510880.SS,2021-07-30A,Empty,
510880.SS,2021-07-30C,Empty,
510880.SS,2021-08-02A,Empty,
510880.SS,2021-08-02C,Empty,
510880.SS,2021-08-03A,Empty,
510880.SS,2021-08-03C,Empty,
510880.SS,2021-08-04A,Empty,
510880.SS,2021-08-04C,Empty,
510880.SS,2021-08-05A,Empty,
510880.SS,2021-08-05C,Empty,
510880.SS,2021-08-06A,Empty,
510880.SS,2021-08-06C,Empty,
510880.SS,2021-08-09A,Empty,
510880.SS,2021-08-09C,Long,
510880.SS,2021-08-10A,Long,
510880.SS,2021-08-10C,Long,
510880.SS,2021-08-11A,Long,
510880.SS,2021-08-11C,Long,
510880.SS,2021-08-12A,Long,
510880.SS,2021-08-12C,Long,
510880.SS,2021-08-13A,Long,
510880.SS,2021-08-13C,Long,
510880.SS,2021-08-16A,Long,
510880.SS,2021-08-16C,Long,
510880.SS,2021-08-17A,Long,
510880.SS,2021-08-17C,Long,
510880.SS,2021-08-18A,Long,
510880.SS,2021-08-18C,Long,
510880.SS,2021-08-19A,Long,
510880.SS,2021-08-19C,Long,
510880.SS,2021-08-20A,Long,
510880.SS,2021-08-20C,Long,
510880.SS,2021-08-23A,Long,
510880.SS,2021-08-23C,Long,
510880.SS,2021-08-24A,Long,
510880.SS,2021-08-24C,Long,
510880.SS,2021-08-25A,Long,
510880.SS,2021-08-25C,Long,
510880.SS,2021-08-26A,Long,
510880.SS,2021-08-26C,Long,
510880.SS,2021-08-27A,Long,
510880.SS,2021-08-27C,Long,
510880.SS,2021-08-30A,Long,
510880.SS,2021-08-30C,Long,
510880.SS,2021-08-31A,Long,
510880.SS,2021-08-31C,Long,
510880.SS,2021-09-01A,Long,
510880.SS,2021-09-01C,Long,
510880.SS,2021-09-02A,Long,
510880.SS,2021-09-02C,Long,
510880.SS,2021-09-03A,Long,
510880.SS,2021-09-03C,Long,
510880.SS,2021-09-06A,Long,
510880.SS,2021-09-06C,Long,
510880.SS,2021-09-07A,Long,
510880.SS,2021-09-07C,Long,
510880.SS,2021-09-08A,Long,
510880.SS,2021-09-08C,Long,
510880.SS,2021-09-09A,Long,
510880.SS,2021-09-09C,Long,
510880.SS,2021-09-10A,Long,
510880.SS,2021-09-10C,Long,
510880.SS,2021-09-13A,Long,
510880.SS,2021-09-13C,Long,
510880.SS,2021-09-14A,Long,
510880.SS,2021-09-14C,Long,
510880.SS,2021-09-15A,Long,
510880.SS,2021-09-15C,Long,
510880.SS,2021-09-16A,Long,
510880.SS,2021-09-16C,Empty,
510880.SS,2021-09-17A,Empty,
510880.SS,2021-09-17C,Empty,
510880.SS,2021-09-22A,Empty,
510880.SS,2021-09-22C,Empty,
510880.SS,2021-09-23A,Long,
510880.SS,2021-09-23C,Empty,
510880.SS,2021-09-24A,Empty,
510880.SS,2021-09-24C,Empty,
510880.SS,2021-09-27A,Empty,
510880.SS,2021-09-27C,Empty,
510880.SS,2021-09-28A,Empty,
510880.SS,2021-09-28C,Empty,
510880.SS,2021-09-29A,Empty,
510880.SS,2021-09-29C,Empty,
510880.SS,2021-09-30A,Empty,
510880.SS,2021-09-30C,Empty,
510880.SS,2021-10-08A,Empty,
510880.SS,2021-10-08C,Empty,
510880.SS,2021-10-11A,Empty,
510880.SS,2021-10-11C,Empty,
510880.SS,2021-10-12A,Empty,
510880.SS,2021-10-12C,Empty,
510880.SS,2021-10-13A,Empty,
510880.SS,2021-10-13C,Empty,
510880.SS,2021-10-14A,Empty,
510880.SS,2021-10-14C,Empty,
510880.SS,2021-10-15A,Empty,
510880.SS,2021-10-15C,Empty,
510880.SS,2021-10-18A,Empty,
510880.SS,2021-10-18C,Long,
510880.SS,2021-10-19A,Long,
510880.SS,2021-10-19C,Long,
510880.SS,2021-10-20A,Empty,
510880.SS,2021-10-20C,Empty,
510880.SS,2021-10-21A,Empty,
510880.SS,2021-10-21C,Empty,
510880.SS,2021-10-22A,Empty,
510880.SS,2021-10-22C,Empty,
510880.SS,2021-10-25A,Empty,
510880.SS,2021-10-25C,Empty,
510880.SS,2021-10-26A,Empty,
510880.SS,2021-10-26C,Empty,
510880.SS,2021-10-27A,Empty,
510880.SS,2021-10-27C,Empty,
510880.SS,2021-10-28A,Empty,
510880.SS,2021-10-28C,Empty,
510880.SS,2021-10-29A,Empty,
510880.SS,2021-10-29C,Empty,
510880.SS,2021-11-01A,Empty,
510880.SS,2021-11-01C,Empty,
510880.SS,2021-11-02A,Empty,
510880.SS,2021-11-02C,Empty,
510880.SS,2021-11-03A,Empty,
510880.SS,2021-11-03C,Empty,
510880.SS,2021-11-04A,Empty,
510880.SS,2021-11-04C,Empty,
510880.SS,2021-11-05A,Empty,
510880.SS,2021-11-05C,Empty,
510880.SS,2021-11-08A,Empty,
510880.SS,2021-11-08C,Empty,
510880.SS,2021-11-09A,Empty,
510880.SS,2021-11-09C,Empty,
510880.SS,2021-11-10A,Empty,
510880.SS,2021-11-10C,Empty,
510880.SS,2021-11-11A,Empty,
510880.SS,2021-11-11C,Long,
510880.SS,2021-11-12A,Long,
510880.SS,2021-11-12C,Long,
510880.SS,2021-11-15A,Long,
510880.SS,2021-11-15C,Long,
510880.SS,2021-11-16A,Long,
510880.SS,2021-11-16C,Empty,
510880.SS,2021-11-17A,Empty,
510880.SS,2021-11-17C,Long,
510880.SS,2021-11-18A,Long,
510880.SS,2021-11-18C,Long,
510880.SS,2021-11-19A,Long,
510880.SS,2021-11-19C,Long,
510880.SS,2021-11-22A,Long,
510880.SS,2021-11-22C,Long,
510880.SS,2021-11-23A,Long,
510880.SS,2021-11-23C,Long,
510880.SS,2021-11-24A,Long,
510880.SS,2021-11-24C,Long,
510880.SS,2021-11-25A,Long,
510880.SS,2021-11-25C,Long,
510880.SS,2021-11-26A,Long,
510880.SS,2021-11-26C,Long,
510880.SS,2021-11-29A,Empty,
510880.SS,2021-11-29C,Empty,
510880.SS,2021-11-30A,Empty,
510880.SS,2021-11-30C,Empty,
510880.SS,2021-12-01A,Empty,
510880.SS,2021-12-01C,Long,
510880.SS,2021-12-02A,Long,
510880.SS,2021-12-02C,Long,
510880.SS,2021-12-03A,Long,
510880.SS,2021-12-03C,Long,
510880.SS,2021-12-06A,Long,
510880.SS,2021-12-06C,Long,
510880.SS,2021-12-07A,Long,
510880.SS,2021-12-07C,Long,
510880.SS,2021-12-08A,Long,
510880.SS,2021-12-08C,Long,
510880.SS,2021-12-09A,Long,
510880.SS,2021-12-09C,Long,
510880.SS,2021-12-10A,Long,
510880.SS,2021-12-10C,Long,
510880.SS,2021-12-13A,Long,
510880.SS,2021-12-13C,Long,
510880.SS,2021-12-14A,Long,
510880.SS,2021-12-14C,Empty,
510880.SS,2021-12-15A,Empty,
510880.SS,2021-12-15C,Empty,
510880.SS,2021-12-16A,Empty,
510880.SS,2021-12-16C,Long,
510880.SS,2021-12-17A,Long,
510880.SS,2021-12-17C,Long,
510880.SS,2021-12-20A,Empty,
510880.SS,2021-12-20C,Empty,
510880.SS,2021-12-21A,Empty,
510880.SS,2021-12-21C,Long,
510880.SS,2021-12-22A,Long,
510880.SS,2021-12-22C,Long,
510880.SS,2021-12-23A,Long,
510880.SS,2021-12-23C,Long,
510880.SS,2021-12-24A,Long,
510880.SS,2021-12-24C,Long,
510880.SS,2021-12-27A,Long,
510880.SS,2021-12-27C,Long,
510880.SS,2021-12-28A,Long,
510880.SS,2021-12-28C,Empty,
510880.SS,2021-12-29A,Empty,
510880.SS,2021-12-29C,Empty,
510880.SS,2021-12-30A,Empty,
510880.SS,2021-12-30C,Empty,
510880.SS,2021-12-31A,Empty,
510880.SS,2021-12-31C,Long,
510880.SS,2022-01-04A,Long,
510880.SS,2022-01-04C,Long,
510880.SS,2022-01-05A,Long,
510880.SS,2022-01-05C,Long,
510880.SS,2022-01-06A,Long,
510880.SS,2022-01-06C,Long,
510880.SS,2022-01-07A,Long,
510880.SS,2022-01-07C,Long,
510880.SS,2022-01-10A,Long,
510880.SS,2022-01-10C,Long,
510880.SS,2022-01-11A,Long,
510880.SS,2022-01-11C,Long,
510880.SS,2022-01-12A,Long,
510880.SS,2022-01-12C,Long,
510880.SS,2022-01-13A,Long,
510880.SS,2022-01-13C,Long,
510880.SS,2022-01-14A,Long,
510880.SS,2022-01-14C,Empty,
510880.SS,2022-01-17A,Empty,
510880.SS,2022-01-17C,Empty,
510880.SS,2022-01-18A,Empty,
510880.SS,2022-01-18C,Long,
510880.SS,2022-01-19A,Long,
510880.SS,2022-01-19C,Long,
510880.SS,2022-01-20A,Long,
510880.SS,2022-01-20C,Long,
510880.SS,2022-01-21A,Long,
510880.SS,2022-01-21C,Long,
510880.SS,2022-01-24A,Empty,
510880.SS,2022-01-24C,Empty,
510880.SS,2022-01-25A,Empty,
510880.SS,2022-01-25C,Empty,
510880.SS,2022-01-26A,Empty,
510880.SS,2022-01-26C,Empty,
510880.SS,2022-01-27A,Empty,
510880.SS,2022-01-27C,Empty,
510880.SS,2022-01-28A,Empty,
510880.SS,2022-01-28C,Empty,
510880.SS,2022-02-07A,Empty,
510880.SS,2022-02-07C,Long,
510880.SS,2022-02-08A,Long,
510880.SS,2022-02-08C,Long,
510880.SS,2022-02-09A,Long,
510880.SS,2022-02-09C,Long,
510880.SS,2022-02-10A,Long,
510880.SS,2022-02-10C,Long,
510880.SS,2022-02-11A,Long,
510880.SS,2022-02-11C,Long,
510880.SS,2022-02-14A,Long,
510880.SS,2022-02-14C,Long,
510880.SS,2022-02-15A,Long,
510880.SS,2022-02-15C,Empty,
510880.SS,2022-02-16A,Empty,
510880.SS,2022-02-16C,Long,
510880.SS,2022-02-17A,Long,
510880.SS,2022-02-17C,Long,
510880.SS,2022-02-18A,Empty,
510880.SS,2022-02-18C,Long,
510880.SS,2022-02-21A,Long,
510880.SS,2022-02-21C,Long,
510880.SS,2022-02-22A,Long,
510880.SS,2022-02-22C,Long,
510880.SS,2022-02-23A,Long,
510880.SS,2022-02-23C,Long,
510880.SS,2022-02-24A,Empty,
510880.SS,2022-02-24C,Empty,
510880.SS,2022-02-25A,Empty,
510880.SS,2022-02-25C,Empty,
510880.SS,2022-02-28A,Empty,
510880.SS,2022-02-28C,Empty,
510880.SS,2022-03-01A,Empty,
510880.SS,2022-03-01C,Long,
510880.SS,2022-03-02A,Long,
510880.SS,2022-03-02C,Long,
510880.SS,2022-03-03A,Long,
510880.SS,2022-03-03C,Long,
510880.SS,2022-03-04A,Long,
510880.SS,2022-03-04C,Long,
510880.SS,2022-03-07A,Long,
510880.SS,2022-03-07C,Long,
510880.SS,2022-03-08A,Long,
510880.SS,2022-03-08C,Empty,
510880.SS,2022-03-09A,Empty,
510880.SS,2022-03-09C,Empty,
510880.SS,2022-03-10A,Empty,
510880.SS,2022-03-10C,Empty,
510880.SS,2022-03-11A,Empty,
510880.SS,2022-03-11C,Empty,
510880.SS,2022-03-14A,Empty,
510880.SS,2022-03-14C,Empty,
510880.SS,2022-03-15A,Empty,
510880.SS,2022-03-15C,Empty,
510880.SS,2022-03-16A,Empty,
510880.SS,2022-03-16C,Empty,
510880.SS,2022-03-17A,Empty,
510880.SS,2022-03-17C,Empty,
510880.SS,2022-03-18A,Empty,
510880.SS,2022-03-18C,Long,
510880.SS,2022-03-21A,Long,
510880.SS,2022-03-21C,Long,
510880.SS,2022-03-22A,Long,
510880.SS,2022-03-22C,Long,
510880.SS,2022-03-23A,Long,
510880.SS,2022-03-23C,Long,
510880.SS,2022-03-24A,Long,
510880.SS,2022-03-24C,Long,
510880.SS,2022-03-25A,Long,
510880.SS,2022-03-25C,Long,
510880.SS,2022-03-28A,Long,
510880.SS,2022-03-28C,Long,
510880.SS,2022-03-29A,Long,
510880.SS,2022-03-29C,Long,
510880.SS,2022-03-30A,Long,
510880.SS,2022-03-30C,Long,
510880.SS,2022-03-31A,Long,
510880.SS,2022-03-31C,Long,
510880.SS,2022-04-01A,Long,
510880.SS,2022-04-01C,Long,
510880.SS,2022-04-06A,Long,
510880.SS,2022-04-06C,Long,
510880.SS,2022-04-07A,Long,
510880.SS,2022-04-07C,Long,
510880.SS,2022-04-08A,Long,
510880.SS,2022-04-08C,Long,
510880.SS,2022-04-11A,Long,
510880.SS,2022-04-11C,Long,
510880.SS,2022-04-12A,Long,
510880.SS,2022-04-12C,Empty,
510880.SS,2022-04-13A,Empty,
510880.SS,2022-04-13C,Long,
510880.SS,2022-04-14A,Long,
510880.SS,2022-04-14C,Long,
510880.SS,2022-04-15A,Long,
510880.SS,2022-04-15C,Long,
510880.SS,2022-04-18A,Empty,
510880.SS,2022-04-18C,Empty,
510880.SS,2022-04-19A,Empty,
510880.SS,2022-04-19C,Long,
510880.SS,2022-04-20A,Empty,
510880.SS,2022-04-20C,Empty,
510880.SS,2022-04-21A,Empty,
510880.SS,2022-04-21C,Empty,
510880.SS,2022-04-22A,Empty,
510880.SS,2022-04-22C,Empty,
510880.SS,2022-04-25A,Empty,
510880.SS,2022-04-25C,Empty,
510880.SS,2022-04-26A,Empty,
510880.SS,2022-04-26C,Empty,
510880.SS,2022-04-27A,Empty,
510880.SS,2022-04-27C,Empty,
510880.SS,2022-04-28A,Empty,
510880.SS,2022-04-28C,Empty,
510880.SS,2022-04-29A,Empty,
510880.SS,2022-04-29C,Empty,
510880.SS,2022-05-05A,Long,
510880.SS,2022-05-05C,Empty,
510880.SS,2022-05-06A,Empty,
510880.SS,2022-05-06C,Empty,
510880.SS,2022-05-09A,Empty,
510880.SS,2022-05-09C,Empty,
510880.SS,2022-05-10A,Empty,
510880.SS,2022-05-10C,Empty,
510880.SS,2022-05-11A,Empty,
510880.SS,2022-05-11C,Empty,
510880.SS,2022-05-12A,Empty,
510880.SS,2022-05-12C,Empty,
510880.SS,2022-05-13A,Empty,
510880.SS,2022-05-13C,Long,
510880.SS,2022-05-16A,Long,
510880.SS,2022-05-16C,Long,
510880.SS,2022-05-17A,Long,
510880.SS,2022-05-17C,Long,
510880.SS,2022-05-18A,Long,
510880.SS,2022-05-18C,Long,
510880.SS,2022-05-19A,Empty,
510880.SS,2022-05-19C,Long,
510880.SS,2022-05-20A,Long,
510880.SS,2022-05-20C,Long,
510880.SS,2022-05-23A,Long,
510880.SS,2022-05-23C,Long,
510880.SS,2022-05-24A,Long,
510880.SS,2022-05-24C,Empty,
510880.SS,2022-05-25A,Empty,
510880.SS,2022-05-25C,Long,
510880.SS,2022-05-26A,Long,
510880.SS,2022-05-26C,Long,
510880.SS,2022-05-27A,Long,
510880.SS,2022-05-27C,Long,
510880.SS,2022-05-30A,Long,
510880.SS,2022-05-30C,Long,
510880.SS,2022-05-31A,Long,
510880.SS,2022-05-31C,Long,
510880.SS,2022-06-01A,Long,
510880.SS,2022-06-01C,Long,
510880.SS,2022-06-02A,Long,
510880.SS,2022-06-02C,Long,
510880.SS,2022-06-06A,Long,
510880.SS,2022-06-06C,Long,
510880.SS,2022-06-07A,Long,
510880.SS,2022-06-07C,Long,
510880.SS,2022-06-08A,Long,
510880.SS,2022-06-08C,Long,
510880.SS,2022-06-09A,Long,
510880.SS,2022-06-09C,Long,
510880.SS,2022-06-10A,Long,
510880.SS,2022-06-10C,Long,
510880.SS,2022-06-13A,Long,
510880.SS,2022-06-13C,Long,
510880.SS,2022-06-14A,Empty,
510880.SS,2022-06-14C,Long,
510880.SS,2022-06-15A,Long,
510880.SS,2022-06-15C,Long,
510880.SS,2022-06-16A,Long,
510880.SS,2022-06-16C,Empty,
510880.SS,2022-06-17A,Empty,
510880.SS,2022-06-17C,Empty,
510880.SS,2022-06-20A,Empty,
510880.SS,2022-06-20C,Empty,
510880.SS,2022-06-21A,Empty,
510880.SS,2022-06-21C,Empty,
510880.SS,2022-06-22A,Empty,
510880.SS,2022-06-22C,Empty,
510880.SS,2022-06-23A,Empty,
510880.SS,2022-06-23C,Empty,
510880.SS,2022-06-24A,Empty,
510880.SS,2022-06-24C,Empty,
510880.SS,2022-06-27A,Empty,
510880.SS,2022-06-27C,Long,
510880.SS,2022-06-28A,Long,
510880.SS,2022-06-28C,Long,
510880.SS,2022-06-29A,Long,
510880.SS,2022-06-29C,Long,
510880.SS,2022-06-30A,Long,
510880.SS,2022-06-30C,Long,
510880.SS,2022-07-01A,Long,
510880.SS,2022-07-01C,Long,
510880.SS,2022-07-04A,Long,
510880.SS,2022-07-04C,Long,
510880.SS,2022-07-05A,Long,
510880.SS,2022-07-05C,Long,
510880.SS,2022-07-06A,Long,
510880.SS,2022-07-06C,Empty,
510880.SS,2022-07-07A,Empty,
510880.SS,2022-07-07C,Empty,
510880.SS,2022-07-08A,Long,
510880.SS,2022-07-08C,Empty,
510880.SS,2022-07-11A,Empty,
510880.SS,2022-07-11C,Empty,
510880.SS,2022-07-12A,Empty,
510880.SS,2022-07-12C,Empty,
510880.SS,2022-07-13A,Empty,
510880.SS,2022-07-13C,Empty,
510880.SS,2022-07-14A,Empty,
510880.SS,2022-07-14C,Empty,
510880.SS,2022-07-15A,Empty,
510880.SS,2022-07-15C,Empty,
510880.SS,2022-07-18A,Empty,
510880.SS,2022-07-18C,Long,
510880.SS,2022-07-19A,Long,
510880.SS,2022-07-19C,Long,
510880.SS,2022-07-20A,Long,
510880.SS,2022-07-20C,Long,
510880.SS,2022-07-21A,Long,
510880.SS,2022-07-21C,Empty,
510880.SS,2022-07-22A,Empty,
510880.SS,2022-07-22C,Empty,
510880.SS,2022-07-25A,Empty,
510880.SS,2022-07-25C,Empty,
510880.SS,2022-07-26A,Empty,
510880.SS,2022-07-26C,Long,
510880.SS,2022-07-27A,Long,
510880.SS,2022-07-27C,Long,
510880.SS,2022-07-28A,Long,
510880.SS,2022-07-28C,Long,
510880.SS,2022-07-29A,Long,
510880.SS,2022-07-29C,Empty,
510880.SS,2022-08-01A,Empty,
510880.SS,2022-08-01C,Long,
510880.SS,2022-08-02A,Empty,
510880.SS,2022-08-02C,Empty,
510880.SS,2022-08-03A,Empty,
510880.SS,2022-08-03C,Empty,
510880.SS,2022-08-04A,Empty,
510880.SS,2022-08-04C,Empty,
510880.SS,2022-08-05A,Empty,
510880.SS,2022-08-05C,Empty,
510880.SS,2022-08-08A,Empty,
510880.SS,2022-08-08C,Empty,
510880.SS,2022-08-09A,Empty,
510880.SS,2022-08-09C,Long,
510880.SS,2022-08-10A,Long,
510880.SS,2022-08-10C,Long,
510880.SS,2022-08-11A,Long,
510880.SS,2022-08-11C,Long,
510880.SS,2022-08-12A,Long,
510880.SS,2022-08-12C,Long,
510880.SS,2022-08-15A,Long,
510880.SS,2022-08-15C,Long,
510880.SS,2022-08-16A,Long,
510880.SS,2022-08-16C,Long,
510880.SS,2022-08-17A,Long,
510880.SS,2022-08-17C,Long,
510880.SS,2022-08-18A,Long,
510880.SS,2022-08-18C,Long,
510880.SS,2022-08-19A,Long,
510880.SS,2022-08-19C,Long,
510880.SS,2022-08-22A,Long,
510880.SS,2022-08-22C,Long,
510880.SS,2022-08-23A,Long,
510880.SS,2022-08-23C,Long,
510880.SS,2022-08-24A,Long,
510880.SS,2022-08-24C,Empty,
510880.SS,2022-08-25A,Long,
510880.SS,2022-08-25C,Long,
510880.SS,2022-08-26A,Long,
510880.SS,2022-08-26C,Long,
510880.SS,2022-08-29A,Long,
510880.SS,2022-08-29C,Long,
510880.SS,2022-08-30A,Long,
510880.SS,2022-08-30C,Long,
510880.SS,2022-08-31A,Long,
510880.SS,2022-08-31C,Empty,
510880.SS,2022-09-01A,Empty,
510880.SS,2022-09-01C,Long,
510880.SS,2022-09-02A,Long,
510880.SS,2022-09-02C,Long,
510880.SS,2022-09-05A,Long,
510880.SS,2022-09-05C,Long,
510880.SS,2022-09-06A,Long,
510880.SS,2022-09-06C,Long,
510880.SS,2022-09-07A,Long,
510880.SS,2022-09-07C,Long,
510880.SS,2022-09-08A,Long,
510880.SS,2022-09-08C,Long,
510880.SS,2022-09-09A,Long,
510880.SS,2022-09-09C,Long,
510880.SS,2022-09-13A,Long,
510880.SS,2022-09-13C,Long,
510880.SS,2022-09-14A,Long,
510880.SS,2022-09-14C,Long,
510880.SS,2022-09-15A,Long,
510880.SS,2022-09-15C,Long,
510880.SS,2022-09-16A,Long,
510880.SS,2022-09-16C,Empty,
510880.SS,2022-09-19A,Empty,
510880.SS,2022-09-19C,Empty,
510880.SS,2022-09-20A,Empty,
510880.SS,2022-09-20C,Empty,
510880.SS,2022-09-21A,Empty,
510880.SS,2022-09-21C,Empty,
510880.SS,2022-09-22A,Empty,
510880.SS,2022-09-22C,Empty,
510880.SS,2022-09-23A,Empty,
510880.SS,2022-09-23C,Empty,
510880.SS,2022-09-26A,Empty,
510880.SS,2022-09-26C,Empty,
510880.SS,2022-09-27A,Empty,
510880.SS,2022-09-27C,Empty,
510880.SS,2022-09-28A,Empty,
510880.SS,2022-09-28C,Empty,
510880.SS,2022-09-29A,Empty,
510880.SS,2022-09-29C,Empty,
510880.SS,2022-09-30A,Empty,
510880.SS,2022-09-30C,Empty,
510880.SS,2022-10-10A,Empty,
510880.SS,2022-10-10C,Empty,
510880.SS,2022-10-11A,Empty,
510880.SS,2022-10-11C,Empty,
510880.SS,2022-10-12A,Empty,
510880.SS,2022-10-12C,Long,
510880.SS,2022-10-13A,Long,
510880.SS,2022-10-13C,Empty,
510880.SS,2022-10-14A,Empty,
510880.SS,2022-10-14C,Long,
510880.SS,2022-10-17A,Long,
510880.SS,2022-10-17C,Long,
510880.SS,2022-10-18A,Long,
510880.SS,2022-10-18C,Empty,
510880.SS,2022-10-19A,Empty,
510880.SS,2022-10-19C,Empty,
510880.SS,2022-10-20A,Empty,
510880.SS,2022-10-20C,Empty,
510880.SS,2022-10-21A,Empty,
510880.SS,2022-10-21C,Empty,
510880.SS,2022-10-24A,Empty,
510880.SS,2022-10-24C,Empty,
510880.SS,2022-10-25A,Empty,
510880.SS,2022-10-25C,Empty,
510880.SS,2022-10-26A,Empty,
510880.SS,2022-10-26C,Empty,
510880.SS,2022-10-27A,Empty,
510880.SS,2022-10-27C,Empty,
510880.SS,2022-10-28A,Empty,
510880.SS,2022-10-28C,Empty,
510880.SS,2022-10-31A,Empty,
510880.SS,2022-10-31C,Empty,
510880.SS,2022-11-01A,Empty,
510880.SS,2022-11-01C,Empty,
510880.SS,2022-11-02A,Empty,
510880.SS,2022-11-02C,Empty,
510880.SS,2022-11-03A,Empty,
510880.SS,2022-11-03C,Empty,
510880.SS,2022-11-04A,Empty,
510880.SS,2022-11-04C,Long,
510880.SS,2022-11-07A,Long,
510880.SS,2022-11-07C,Long,
510880.SS,2022-11-08A,Long,
510880.SS,2022-11-08C,Long,
510880.SS,2022-11-09A,Long,
510880.SS,2022-11-09C,Long,
510880.SS,2022-11-10A,Long,
510880.SS,2022-11-10C,Long,
510880.SS,2022-11-11A,Long,
510880.SS,2022-11-11C,Long,
510880.SS,2022-11-14A,Long,
510880.SS,2022-11-14C,Long,
510880.SS,2022-11-15A,Long,
510880.SS,2022-11-15C,Long,
510880.SS,2022-11-16A,Long,
510880.SS,2022-11-16C,Long,
510880.SS,2022-11-17A,Long,
510880.SS,2022-11-17C,Long,
510880.SS,2022-11-18A,Long,
510880.SS,2022-11-18C,Empty,
510880.SS,2022-11-21A,Empty,
510880.SS,2022-11-21C,Empty,
510880.SS,2022-11-22A,Empty,
510880.SS,2022-11-22C,Long,
510880.SS,2022-11-23A,Long,
510880.SS,2022-11-23C,Long,
510880.SS,2022-11-24A,Long,
510880.SS,2022-11-24C,Long,
510880.SS,2022-11-25A,Long,
510880.SS,2022-11-25C,Long,
510880.SS,2022-11-28A,Long,
510880.SS,2022-11-28C,Long,
510880.SS,2022-11-29A,Long,
510880.SS,2022-11-29C,Long,
510880.SS,2022-11-30A,Long,
510880.SS,2022-11-30C,Long,
510880.SS,2022-12-01A,Long,
510880.SS,2022-12-01C,Long,
510880.SS,2022-12-02A,Long,
510880.SS,2022-12-02C,Long,
510880.SS,2022-12-05A,Long,
510880.SS,2022-12-05C,Long,
510880.SS,2022-12-06A,Long,
510880.SS,2022-12-06C,Long,
510880.SS,2022-12-07A,Long,
510880.SS,2022-12-07C,Long,
510880.SS,2022-12-08A,Long,
510880.SS,2022-12-08C,Long,
510880.SS,2022-12-09A,Long,
510880.SS,2022-12-09C,Long,
510880.SS,2022-12-12A,Long,
510880.SS,2022-12-12C,Empty,
510880.SS,2022-12-13A,Empty,
510880.SS,2022-12-13C,Empty,
510880.SS,2022-12-14A,Empty,
510880.SS,2022-12-14C,Empty,
510880.SS,2022-12-15A,Empty,
510880.SS,2022-12-15C,Empty,
510880.SS,2022-12-16A,Empty,
510880.SS,2022-12-16C,Empty,
510880.SS,2022-12-19A,Empty,
510880.SS,2022-12-19C,Empty,
510880.SS,2022-12-20A,Empty,
510880.SS,2022-12-20C,Empty,
510880.SS,2022-12-21A,Empty,
510880.SS,2022-12-21C,Empty,
510880.SS,2022-12-22A,Empty,
510880.SS,2022-12-22C,Empty,
510880.SS,2022-12-23A,Empty,
510880.SS,2022-12-23C,Empty,
510880.SS,2022-12-26A,Empty,
510880.SS,2022-12-26C,Empty,
510880.SS,2022-12-27A,Empty,
510880.SS,2022-12-27C,Empty,
510880.SS,2022-12-28A,Empty,
510880.SS,2022-12-28C,Empty,
510880.SS,2022-12-29A,Empty,
510880.SS,2022-12-29C,Empty,
510880.SS,2022-12-30A,Empty,
510880.SS,2022-12-30C,Empty,
510880.SS,2023-01-03A,Empty,
510880.SS,2023-01-03C,Long,
510880.SS,2023-01-04A,Long,
510880.SS,2023-01-04C,Long,
510880.SS,2023-01-05A,Long,
510880.SS,2023-01-05C,Long,
510880.SS,2023-01-06A,Long,
510880.SS,2023-01-06C,Long,
510880.SS,2023-01-09A,Long,
510880.SS,2023-01-09C,Long,
510880.SS,2023-01-10A,Long,
510880.SS,2023-01-10C,Empty,
510880.SS,2023-01-11A,Empty,
510880.SS,2023-01-11C,Long,
510880.SS,2023-01-12A,Long,
510880.SS,2023-01-12C,Long,
510880.SS,2023-01-13A,Long,
510880.SS,2023-01-13C,Long,
510880.SS,2023-01-16A,Long,
510880.SS,2023-01-16C,Long,
510880.SS,2023-01-17A,Long,
510880.SS,2023-01-17C,Long,
510880.SS,2023-01-18A,Long,
510880.SS,2023-01-18C,Long,
510880.SS,2023-01-19A,Long,
510880.SS,2023-01-19C,Long,
510880.SS,2023-01-20A,Long,
510880.SS,2023-01-20C,Long,
510880.SS,2023-01-30A,Long,
510880.SS,2023-01-30C,Long,
510880.SS,2023-01-31A,Long,
510880.SS,2023-01-31C,Long,
510880.SS,2023-02-01A,Long,
510880.SS,2023-02-01C,Long,
510880.SS,2023-02-02A,Long,
510880.SS,2023-02-02C,Long,
510880.SS,2023-02-03A,Long,
510880.SS,2023-02-03C,Empty,
510880.SS,2023-02-06A,Empty,
510880.SS,2023-02-06C,Empty,
510880.SS,2023-02-07A,Empty,
510880.SS,2023-02-07C,Empty,
510880.SS,2023-02-08A,Empty,
510880.SS,2023-02-08C,Empty,
510880.SS,2023-02-09A,Empty,
510880.SS,2023-02-09C,Empty,
510880.SS,2023-02-10A,Long,
510880.SS,2023-02-10C,Long,
510880.SS,2023-02-13A,Long,
510880.SS,2023-02-13C,Long,
510880.SS,2023-02-14A,Long,
510880.SS,2023-02-14C,Long,
510880.SS,2023-02-15A,Long,
510880.SS,2023-02-15C,Long,
510880.SS,2023-02-16A,Long,
510880.SS,2023-02-16C,Empty,
510880.SS,2023-02-17A,Empty,
510880.SS,2023-02-17C,Empty,
510880.SS,2023-02-20A,Empty,
510880.SS,2023-02-20C,Long,
510880.SS,2023-02-21A,Long,
510880.SS,2023-02-21C,Long,
510880.SS,2023-02-22A,Long,
510880.SS,2023-02-22C,Long,
510880.SS,2023-02-23A,Long,
510880.SS,2023-02-23C,Long,
510880.SS,2023-02-24A,Long,
510880.SS,2023-02-24C,Long,
510880.SS,2023-02-27A,Long,
510880.SS,2023-02-27C,Long,
510880.SS,2023-02-28A,Long,
510880.SS,2023-02-28C,Long,
510880.SS,2023-03-01A,Long,
510880.SS,2023-03-01C,Long,
510880.SS,2023-03-02A,Long,
510880.SS,2023-03-02C,Long,
510880.SS,2023-03-03A,Long,
510880.SS,2023-03-03C,Long,
510880.SS,2023-03-06A,Long,
510880.SS,2023-03-06C,Long,
510880.SS,2023-03-07A,Long,
510880.SS,2023-03-07C,Long,
510880.SS,2023-03-08A,Long,
510880.SS,2023-03-08C,Long,
510880.SS,2023-03-09A,Long,
510880.SS,2023-03-09C,Empty,
510880.SS,2023-03-10A,Empty,
510880.SS,2023-03-10C,Empty,
510880.SS,2023-03-13A,Empty,
510880.SS,2023-03-13C,Empty,
510880.SS,2023-03-14A,Empty,
510880.SS,2023-03-14C,Empty,
510880.SS,2023-03-15A,Empty,
510880.SS,2023-03-15C,Long,
510880.SS,2023-03-16A,Empty,
510880.SS,2023-03-16C,Empty,
510880.SS,2023-03-17A,Empty,
510880.SS,2023-03-17C,Long,
510880.SS,2023-03-20A,Long,
510880.SS,2023-03-20C,Empty,
510880.SS,2023-03-21A,Empty,
510880.SS,2023-03-21C,Empty,
510880.SS,2023-03-22A,Empty,
510880.SS,2023-03-22C,Empty,
510880.SS,2023-03-23A,Empty,
510880.SS,2023-03-23C,Long,
510880.SS,2023-03-24A,Long,
510880.SS,2023-03-24C,Empty,
510880.SS,2023-03-27A,Empty,
510880.SS,2023-03-27C,Empty,
510880.SS,2023-03-28A,Empty,
510880.SS,2023-03-28C,Empty,
510880.SS,2023-03-29A,Empty,
510880.SS,2023-03-29C,Empty,
510880.SS,2023-03-30A,Empty,
510880.SS,2023-03-30C,Empty,
510880.SS,2023-03-31A,Empty,
510880.SS,2023-03-31C,Long,
510880.SS,2023-04-03A,Long,
510880.SS,2023-04-03C,Long,
510880.SS,2023-04-04A,Long,
510880.SS,2023-04-04C,Long,
510880.SS,2023-04-06A,Long,
510880.SS,2023-04-06C,Long,
510880.SS,2023-04-07A,Long,
510880.SS,2023-04-07C,Long,
510880.SS,2023-04-10A,Long,
510880.SS,2023-04-10C,Long,
510880.SS,2023-04-11A,Long,
510880.SS,2023-04-11C,Long,
510880.SS,2023-04-12A,Long,
510880.SS,2023-04-12C,Long,
510880.SS,2023-04-13A,Long,
510880.SS,2023-04-13C,Long,
510880.SS,2023-04-14A,Long,
510880.SS,2023-04-14C,Long,
510880.SS,2023-04-17A,Long,
510880.SS,2023-04-17C,Long,
510880.SS,2023-04-18A,Long,
510880.SS,2023-04-18C,Long,
510880.SS,2023-04-19A,Long,
510880.SS,2023-04-19C,Long,
510880.SS,2023-04-20A,Long,
510880.SS,2023-04-20C,Long,
510880.SS,2023-04-21A,Long,
510880.SS,2023-04-21C,Long,
510880.SS,2023-04-24A,Long,
510880.SS,2023-04-24C,Long,
510880.SS,2023-04-25A,Long,
510880.SS,2023-04-25C,Long,
510880.SS,2023-04-26A,Long,
510880.SS,2023-04-26C,Long,
510880.SS,2023-04-27A,Long,
510880.SS,2023-04-27C,Long,
510880.SS,2023-04-28A,Long,
510880.SS,2023-04-28C,Long,
510880.SS,2023-05-04A,Long,
510880.SS,2023-05-04C,Long,
510880.SS,2023-05-05A,Long,
510880.SS,2023-05-05C,Long,
510880.SS,2023-05-08A,Long,
510880.SS,2023-05-08C,Long,
510880.SS,2023-05-09A,Long,
510880.SS,2023-05-09C,Long,
510880.SS,2023-05-10A,Long,
510880.SS,2023-05-10C,Long,
510880.SS,2023-05-11A,Long,
510880.SS,2023-05-11C,Long,
510880.SS,2023-05-12A,Long,
510880.SS,2023-05-12C,Empty,
510880.SS,2023-05-15A,Empty,
510880.SS,2023-05-15C,Empty,
510880.SS,2023-05-16A,Empty,
510880.SS,2023-05-16C,Empty,
510880.SS,2023-05-17A,Empty,
510880.SS,2023-05-17C,Empty,
510880.SS,2023-05-18A,Empty,
510880.SS,2023-05-18C,Empty,
510880.SS,2023-05-19A,Empty,
510880.SS,2023-05-19C,Empty,
510880.SS,2023-05-22A,Empty,
510880.SS,2023-05-22C,Empty,
510880.SS,2023-05-23A,Empty,
510880.SS,2023-05-23C,Empty,
510880.SS,2023-05-24A,Empty,
510880.SS,2023-05-24C,Empty,
510880.SS,2023-05-25A,Empty,
510880.SS,2023-05-25C,Empty,
510880.SS,2023-05-26A,Empty,
510880.SS,2023-05-26C,Empty,
510880.SS,2023-05-29A,Empty,
510880.SS,2023-05-29C,Empty,
510880.SS,2023-05-30A,Empty,
510880.SS,2023-05-30C,Empty,
510880.SS,2023-05-31A,Empty,
510880.SS,2023-05-31C,Empty,
510880.SS,2023-06-01A,Empty,
510880.SS,2023-06-01C,Empty,
510880.SS,2023-06-02A,Empty,
510880.SS,2023-06-02C,Empty,
510880.SS,2023-06-05A,Empty,
510880.SS,2023-06-05C,Empty,
510880.SS,2023-06-06A,Empty,
510880.SS,2023-06-06C,Empty,
510880.SS,2023-06-07A,Empty,
510880.SS,2023-06-07C,Long,
510880.SS,2023-06-08A,Long,
510880.SS,2023-06-08C,Long,
510880.SS,2023-06-09A,Long,
510880.SS,2023-06-09C,Long,
510880.SS,2023-06-12A,Long,
510880.SS,2023-06-12C,Empty,
510880.SS,2023-06-13A,Empty,
510880.SS,2023-06-13C,Empty,
510880.SS,2023-06-14A,Empty,
510880.SS,2023-06-14C,Empty,
510880.SS,2023-06-15A,Empty,
510880.SS,2023-06-15C,Empty,
510880.SS,2023-06-16A,Empty,
510880.SS,2023-06-16C,Empty,
510880.SS,2023-06-19A,Empty,
510880.SS,2023-06-19C,Empty,
510880.SS,2023-06-20A,Empty,
510880.SS,2023-06-20C,Empty,
510880.SS,2023-06-21A,Empty,
510880.SS,2023-06-21C,Empty,
510880.SS,2023-06-26A,Empty,
510880.SS,2023-06-26C,Empty,
510880.SS,2023-06-27A,Empty,
510880.SS,2023-06-27C,Empty,
510880.SS,2023-06-28A,Empty,
510880.SS,2023-06-28C,Long,
510880.SS,2023-06-29A,Long,
510880.SS,2023-06-29C,Long,
510880.SS,2023-06-30A,Long,
510880.SS,2023-06-30C,Long,
510880.SS,2023-07-03A,Long,
510880.SS,2023-07-03C,Long,
510880.SS,2023-07-04A,Long,
510880.SS,2023-07-04C,Long,
510880.SS,2023-07-05A,Long,
510880.SS,2023-07-05C,Long,
510880.SS,2023-07-06A,Long,
510880.SS,2023-07-06C,Long,
510880.SS,2023-07-07A,Empty,
510880.SS,2023-07-07C,Long,
510880.SS,2023-07-10A,Long,
510880.SS,2023-07-10C,Long,
510880.SS,2023-07-11A,Long,
510880.SS,2023-07-11C,Long,
510880.SS,2023-07-12A,Long,
510880.SS,2023-07-12C,Empty,
510880.SS,2023-07-13A,Long,
510880.SS,2023-07-13C,Long,
510880.SS,2023-07-14A,Long,
510880.SS,2023-07-14C,Long,
510880.SS,2023-07-17A,Long,
510880.SS,2023-07-17C,Long,
510880.SS,2023-07-18A,Long,
510880.SS,2023-07-18C,Long,
510880.SS,2023-07-19A,Long,
510880.SS,2023-07-19C,Long,
510880.SS,2023-07-20A,Long,
510880.SS,2023-07-20C,Long,
510880.SS,2023-07-21A,Long,
510880.SS,2023-07-21C,Long,
510880.SS,2023-07-24A,Long,
510880.SS,2023-07-24C,Long,
510880.SS,2023-07-25A,Long,
510880.SS,2023-07-25C,Long,
510880.SS,2023-07-26A,Long,
510880.SS,2023-07-26C,Long,
510880.SS,2023-07-27A,Long,
510880.SS,2023-07-27C,Long,
510880.SS,2023-07-28A,Long,
510880.SS,2023-07-28C,Long,
510880.SS,2023-07-31A,Long,
510880.SS,2023-07-31C,Long,
510880.SS,2023-08-01A,Long,
510880.SS,2023-08-01C,Long,
510880.SS,2023-08-02A,Long,
510880.SS,2023-08-02C,Long,
510880.SS,2023-08-03A,Long,
510880.SS,2023-08-03C,Long,
510880.SS,2023-08-04A,Long,
510880.SS,2023-08-04C,Long,
510880.SS,2023-08-07A,Long,
510880.SS,2023-08-07C,Empty,
510880.SS,2023-08-08A,Empty,
510880.SS,2023-08-08C,Empty,
510880.SS,2023-08-09A,Empty,
510880.SS,2023-08-09C,Empty,
510880.SS,2023-08-10A,Empty,
510880.SS,2023-08-10C,Empty,
510880.SS,2023-08-11A,Empty,
510880.SS,2023-08-11C,Empty,
510880.SS,2023-08-14A,Empty,
510880.SS,2023-08-14C,Empty,
510880.SS,2023-08-15A,Empty,
510880.SS,2023-08-15C,Empty,
510880.SS,2023-08-16A,Empty,
510880.SS,2023-08-16C,Empty,
510880.SS,2023-08-17A,Empty,
510880.SS,2023-08-17C,Empty,
510880.SS,2023-08-18A,Empty,
510880.SS,2023-08-18C,Empty,
510880.SS,2023-08-21A,Empty,
510880.SS,2023-08-21C,Empty,
510880.SS,2023-08-22A,Empty,
510880.SS,2023-08-22C,Empty,
510880.SS,2023-08-23A,Empty,
510880.SS,2023-08-23C,Long,
510880.SS,2023-08-24A,Long,
510880.SS,2023-08-24C,Empty,
510880.SS,2023-08-25A,Empty,
510880.SS,2023-08-25C,Empty,
510880.SS,2023-08-28A,Long,
510880.SS,2023-08-28C,Long,
510880.SS,2023-08-29A,Long,
510880.SS,2023-08-29C,Long,
510880.SS,2023-08-30A,Long,
510880.SS,2023-08-30C,Empty,
510880.SS,2023-08-31A,Empty,
510880.SS,2023-08-31C,Empty,
510880.SS,2023-09-01A,Empty,
510880.SS,2023-09-01C,Empty,
510880.SS,2023-09-04A,Long,
510880.SS,2023-09-04C,Long,
510880.SS,2023-09-05A,Long,
510880.SS,2023-09-05C,Long,
510880.SS,2023-09-06A,Empty,
510880.SS,2023-09-06C,Long,
510880.SS,2023-09-07A,Long,
510880.SS,2023-09-07C,Empty,
510880.SS,2023-09-08A,Empty,
510880.SS,2023-09-08C,Empty,
510880.SS,2023-09-11A,Empty,
510880.SS,2023-09-11C,Long,
510880.SS,2023-09-12A,Empty,
510880.SS,2023-09-12C,Empty,
510880.SS,2023-09-13A,Long,
510880.SS,2023-09-13C,Long,
510880.SS,2023-09-14A,Long,
510880.SS,2023-09-14C,Long,
510880.SS,2023-09-15A,Long,
510880.SS,2023-09-15C,Long,
510880.SS,2023-09-18A,Long,
510880.SS,2023-09-18C,Long,
510880.SS,2023-09-19A,Long,
510880.SS,2023-09-19C,Long,
510880.SS,2023-09-20A,Long,
510880.SS,2023-09-20C,Long,
510880.SS,2023-09-21A,Long,
510880.SS,2023-09-21C,Long,
510880.SS,2023-09-22A,Long,
510880.SS,2023-09-22C,Long,
510880.SS,2023-09-25A,Long,
510880.SS,2023-09-25C,Long,
510880.SS,2023-09-26A,Long,
510880.SS,2023-09-26C,Long,
510880.SS,2023-09-27A,Empty,
510880.SS,2023-09-27C,Empty,
510880.SS,2023-09-28A,Empty,
510880.SS,2023-09-28C,Empty,
510880.SS,2023-10-09A,Empty,
510880.SS,2023-10-09C,Empty,
510880.SS,2023-10-10A,Empty,
510880.SS,2023-10-10C,Empty,
510880.SS,2023-10-11A,Empty,
510880.SS,2023-10-11C,Empty,
510880.SS,2023-10-12A,Empty,
510880.SS,2023-10-12C,Empty,
510880.SS,2023-10-13A,Empty,
510880.SS,2023-10-13C,Empty,
510880.SS,2023-10-16A,Empty,
510880.SS,2023-10-16C,Long,
510880.SS,2023-10-17A,Long,
510880.SS,2023-10-17C,Long,
510880.SS,2023-10-18A,Empty,
510880.SS,2023-10-18C,Empty,
510880.SS,2023-10-19A,Empty,
510880.SS,2023-10-19C,Empty,
510880.SS,2023-10-20A,Empty,
510880.SS,2023-10-20C,Empty,
510880.SS,2023-10-23A,Empty,
510880.SS,2023-10-23C,Empty,
510880.SS,2023-10-24A,Empty,
510880.SS,2023-10-24C,Empty,
510880.SS,2023-10-25A,Empty,
510880.SS,2023-10-25C,Empty,
510880.SS,2023-10-26A,Empty,
510880.SS,2023-10-26C,Empty,
510880.SS,2023-10-27A,Empty,
510880.SS,2023-10-27C,Long,
510880.SS,2023-10-30A,Long,
510880.SS,2023-10-30C,Empty,
510880.SS,2023-10-31A,Empty,
510880.SS,2023-10-31C,Empty,
510880.SS,2023-11-01A,Empty,
510880.SS,2023-11-01C,Empty,
510880.SS,2023-11-02A,Empty,
510880.SS,2023-11-02C,Empty,
510880.SS,2023-11-03A,Empty,
510880.SS,2023-11-03C,Empty,
510880.SS,2023-11-06A,Empty,
510880.SS,2023-11-06C,Empty,
510880.SS,2023-11-07A,Empty,
510880.SS,2023-11-07C,Empty,
510880.SS,2023-11-08A,Empty,
510880.SS,2023-11-08C,Empty,
510880.SS,2023-11-09A,Empty,
510880.SS,2023-11-09C,Long,
510880.SS,2023-11-10A,Long,
510880.SS,2023-11-10C,Long,
510880.SS,2023-11-13A,Long,
510880.SS,2023-11-13C,Long,
510880.SS,2023-11-14A,Long,
510880.SS,2023-11-14C,Empty,
510880.SS,2023-11-15A,Long,
510880.SS,2023-11-15C,Long,
510880.SS,2023-11-16A,Long,
510880.SS,2023-11-16C,Long,
510880.SS,2023-11-17A,Long,
510880.SS,2023-11-17C,Empty,
510880.SS,2023-11-20A,Long,
510880.SS,2023-11-20C,Long,
510880.SS,2023-11-21A,Long,
510880.SS,2023-11-21C,Long,
510880.SS,2023-11-22A,Long,
510880.SS,2023-11-22C,Long,
510880.SS,2023-11-23A,Long,
510880.SS,2023-11-23C,Long,
510880.SS,2023-11-24A,Long,
510880.SS,2023-11-24C,Long,
510880.SS,2023-11-27A,Long,
510880.SS,2023-11-27C,Long,
510880.SS,2023-11-28A,Long,
510880.SS,2023-11-28C,Long,
510880.SS,2023-11-29A,Long,
510880.SS,2023-11-29C,Empty,
510880.SS,2023-11-30A,Empty,
510880.SS,2023-11-30C,Long,
510880.SS,2023-12-01A,Long,
510880.SS,2023-12-01C,Long,
510880.SS,2023-12-04A,Long,
510880.SS,2023-12-04C,Long,
510880.SS,2023-12-05A,Long,
510880.SS,2023-12-05C,Empty,
510880.SS,2023-12-06A,Empty,
510880.SS,2023-12-06C,Empty,
510880.SS,2023-12-07A,Empty,
510880.SS,2023-12-07C,Empty,
510880.SS,2023-12-08A,Empty,
510880.SS,2023-12-08C,Empty,
510880.SS,2023-12-11A,Empty,
510880.SS,2023-12-11C,Long,
510880.SS,2023-12-12A,Long,
510880.SS,2023-12-12C,Long,
510880.SS,2023-12-13A,Long,
510880.SS,2023-12-13C,Long,
510880.SS,2023-12-14A,Long,
510880.SS,2023-12-14C,Long,
510880.SS,2023-12-15A,Long,
510880.SS,2023-12-15C,Empty,
510880.SS,2023-12-18A,Empty,
510880.SS,2023-12-18C,Empty,
510880.SS,2023-12-19A,Empty,
510880.SS,2023-12-19C,Empty,
510880.SS,2023-12-20A,Empty,
510880.SS,2023-12-20C,Empty,
510880.SS,2023-12-21A,Empty,
510880.SS,2023-12-21C,Empty,
510880.SS,2023-12-22A,Empty,
510880.SS,2023-12-22C,Empty,
510880.SS,2023-12-25A,Empty,
510880.SS,2023-12-25C,Empty,
510880.SS,2023-12-26A,Empty,
510880.SS,2023-12-26C,Empty,
510880.SS,2023-12-27A,Empty,
510880.SS,2023-12-27C,Empty,
510880.SS,2023-12-28A,Empty,
510880.SS,2023-12-28C,Empty,
510880.SS,2023-12-29A,Empty,
510880.SS,2023-12-29C,Empty,
510880.SS,2024-01-02A,Empty,
510880.SS,2024-01-02C,Long,
510880.SS,2024-01-03A,Long,
510880.SS,2024-01-03C,Long,
510880.SS,2024-01-04A,Long,
510880.SS,2024-01-04C,Long,
510880.SS,2024-01-05A,Long,
510880.SS,2024-01-05C,Long,
510880.SS,2024-01-08A,Long,
510880.SS,2024-01-08C,Long,
510880.SS,2024-01-09A,Long,
510880.SS,2024-01-09C,Long,
510880.SS,2024-01-10A,Long,
510880.SS,2024-01-10C,Long,
510880.SS,2024-01-11A,Long,
510880.SS,2024-01-11C,Empty,
510880.SS,2024-01-12A,Empty,
510880.SS,2024-01-12C,Long,
510880.SS,2024-01-15A,Long,
510880.SS,2024-01-15C,Long,
510880.SS,2024-01-16A,Long,
510880.SS,2024-01-16C,Long,
510880.SS,2024-01-17A,Long,
510880.SS,2024-01-17C,Empty,
510880.SS,2024-01-18A,Empty,
510880.SS,2024-01-18C,Empty,
510880.SS,2024-01-19A,Empty,
510880.SS,2024-01-19C,Empty,
510880.SS,2024-01-22A,Empty,
510880.SS,2024-01-22C,Empty,
510880.SS,2024-01-23A,Empty,
510880.SS,2024-01-23C,Empty,
510880.SS,2024-01-24A,Empty,
510880.SS,2024-01-24C,Long,
510880.SS,2024-01-25A,Long,
510880.SS,2024-01-25C,Long,
510880.SS,2024-01-26A,Long,
510880.SS,2024-01-26C,Long,
510880.SS,2024-01-29A,Long,
510880.SS,2024-01-29C,Long,
510880.SS,2024-01-30A,Long,
510880.SS,2024-01-30C,Long,
510880.SS,2024-01-31A,Long,
510880.SS,2024-01-31C,Long,
510880.SS,2024-02-01A,Long,
510880.SS,2024-02-01C,Long,
510880.SS,2024-02-02A,Long,
510880.SS,2024-02-02C,Long,
510880.SS,2024-02-05A,Empty,
510880.SS,2024-02-05C,Long,
510880.SS,2024-02-06A,Long,
510880.SS,2024-02-06C,Long,
510880.SS,2024-02-07A,Long,
510880.SS,2024-02-07C,Long,
510880.SS,2024-02-08A,Long,
510880.SS,2024-02-08C,Long,
510880.SS,2024-02-19A,Long,
510880.SS,2024-02-19C,Long,
510880.SS,2024-02-20A,Long,
510880.SS,2024-02-20C,Long,
510880.SS,2024-02-21A,Long,
510880.SS,2024-02-21C,Long,
510880.SS,2024-02-22A,Long,
510880.SS,2024-02-22C,Long,
510880.SS,2024-02-23A,Long,
510880.SS,2024-02-23C,Long,
510880.SS,2024-02-26A,Long,
510880.SS,2024-02-26C,Long,
510880.SS,2024-02-27A,Empty,
510880.SS,2024-02-27C,Long,
510880.SS,2024-02-28A,Long,
510880.SS,2024-02-28C,Long,
510880.SS,2024-02-29A,Empty,
510880.SS,2024-02-29C,Long,
510880.SS,2024-03-01A,Long,
510880.SS,2024-03-01C,Long,
510880.SS,2024-03-04A,Long,
510880.SS,2024-03-04C,Long,
510880.SS,2024-03-05A,Long,
510880.SS,2024-03-05C,Long,
510880.SS,2024-03-06A,Long,
510880.SS,2024-03-06C,Long,
510880.SS,2024-03-07A,Long,
510880.SS,2024-03-07C,Long,
510880.SS,2024-03-08A,Long,
510880.SS,2024-03-08C,Long,
510880.SS,2024-03-11A,Long,
510880.SS,2024-03-11C,Long,
510880.SS,2024-03-12A,Empty,
510880.SS,2024-03-12C,Empty,
510880.SS,2024-03-13A,Empty,
510880.SS,2024-03-13C,Empty,
510880.SS,2024-03-14A,Empty,
510880.SS,2024-03-14C,Empty,
510880.SS,2024-03-15A,Empty,
510880.SS,2024-03-15C,Empty,
510880.SS,2024-03-18A,Empty,
510880.SS,2024-03-18C,Empty,
510880.SS,2024-03-19A,Empty,
510880.SS,2024-03-19C,Empty,
510880.SS,2024-03-20A,Empty,
510880.SS,2024-03-20C,Empty,
510880.SS,2024-03-21A,Empty,
510880.SS,2024-03-21C,Empty,
510880.SS,2024-03-22A,Empty,
510880.SS,2024-03-22C,Empty,
510880.SS,2024-03-25A,Empty,
510880.SS,2024-03-25C,Empty,
510880.SS,2024-03-26A,Empty,
510880.SS,2024-03-26C,Empty,
510880.SS,2024-03-27A,Empty,
510880.SS,2024-03-27C,Empty,
510880.SS,2024-03-28A,Empty,
510880.SS,2024-03-28C,Empty,
510880.SS,2024-03-29A,Empty,
510880.SS,2024-03-29C,Long,
510880.SS,2024-04-01A,Long,
510880.SS,2024-04-01C,Long,
510880.SS,2024-04-02A,Long,
510880.SS,2024-04-02C,Long,
510880.SS,2024-04-03A,Long,
510880.SS,2024-04-03C,Long,
510880.SS,2024-04-08A,Long,
510880.SS,2024-04-08C,Long,
510880.SS,2024-04-09A,Long,
510880.SS,2024-04-09C,Long,
510880.SS,2024-04-10A,Long,
510880.SS,2024-04-10C,Long,
510880.SS,2024-04-11A,Long,
510880.SS,2024-04-11C,Long,
510880.SS,2024-04-12A,Long,
510880.SS,2024-04-12C,Long,
510880.SS,2024-04-15A,Long,
510880.SS,2024-04-15C,Long,
510880.SS,2024-04-16A,Long,
510880.SS,2024-04-16C,Long,
510880.SS,2024-04-17A,Long,
510880.SS,2024-04-17C,Long,
510880.SS,2024-04-18A,Long,
510880.SS,2024-04-18C,Long,
510880.SS,2024-04-19A,Long,
510880.SS,2024-04-19C,Long,
510880.SS,2024-04-22A,Long,
510880.SS,2024-04-22C,Empty,
510880.SS,2024-04-23A,Empty,
510880.SS,2024-04-23C,Empty,
510880.SS,2024-04-24A,Empty,
510880.SS,2024-04-24C,Empty,
510880.SS,2024-04-25A,Empty,
510880.SS,2024-04-25C,Empty,
510880.SS,2024-04-26A,Empty,
510880.SS,2024-04-26C,Empty,
510880.SS,2024-04-29A,Empty,
510880.SS,2024-04-29C,Empty,
510880.SS,2024-04-30A,Empty,
510880.SS,2024-04-30C,Empty,
510880.SS,2024-05-06A,Empty,
510880.SS,2024-05-06C,Empty,
510880.SS,2024-05-07A,Empty,
510880.SS,2024-05-07C,Empty,
510880.SS,2024-05-08A,Empty,
510880.SS,2024-05-08C,Long,
510880.SS,2024-05-09A,Long,
510880.SS,2024-05-09C,Long,
510880.SS,2024-05-10A,Long,
510880.SS,2024-05-10C,Long,
510880.SS,2024-05-13A,Long,
510880.SS,2024-05-13C,Long,
510880.SS,2024-05-14A,Long,
510880.SS,2024-05-14C,Long,
510880.SS,2024-05-15A,Long,
510880.SS,2024-05-15C,Long,
510880.SS,2024-05-16A,Long,
510880.SS,2024-05-16C,Long,
510880.SS,2024-05-17A,Long,
510880.SS,2024-05-17C,Long,
510880.SS,2024-05-20A,Long,
510880.SS,2024-05-20C,Long,
510880.SS,2024-05-21A,Long,
510880.SS,2024-05-21C,Long,
510880.SS,2024-05-22A,Long,
510880.SS,2024-05-22C,Long,
510880.SS,2024-05-23A,Long,
510880.SS,2024-05-23C,Long,
510880.SS,2024-05-24A,Empty,
510880.SS,2024-05-24C,Empty,
510880.SS,2024-05-27A,Empty,
510880.SS,2024-05-27C,Long,
510880.SS,2024-05-28A,Long,
510880.SS,2024-05-28C,Long,
510880.SS,2024-05-29A,Long,
510880.SS,2024-05-29C,Long,
510880.SS,2024-05-30A,Long,
510880.SS,2024-05-30C,Empty,
510880.SS,2024-05-31A,Empty,
510880.SS,2024-05-31C,Long,
510880.SS,2024-06-03A,Empty,
510880.SS,2024-06-03C,Empty,
510880.SS,2024-06-04A,Empty,
510880.SS,2024-06-04C,Empty,
510880.SS,2024-06-05A,Empty,
510880.SS,2024-06-05C,Empty,
510880.SS,2024-06-06A,Empty,
510880.SS,2024-06-06C,Empty,
510880.SS,2024-06-07A,Empty,
510880.SS,2024-06-07C,Long,
510880.SS,2024-06-11A,Long,
510880.SS,2024-06-11C,Empty,
510880.SS,2024-06-12A,Empty,
510880.SS,2024-06-12C,Long,
510880.SS,2024-06-13A,Empty,
510880.SS,2024-06-13C,Empty,
510880.SS,2024-06-14A,Empty,
510880.SS,2024-06-14C,Empty,
510880.SS,2024-06-17A,Empty,
510880.SS,2024-06-17C,Empty,
510880.SS,2024-06-18A,Empty,
510880.SS,2024-06-18C,Empty,
510880.SS,2024-06-19A,Empty,
510880.SS,2024-06-19C,Empty,
510880.SS,2024-06-20A,Empty,
510880.SS,2024-06-20C,Empty,
510880.SS,2024-06-21A,Empty,
510880.SS,2024-06-21C,Empty,
510880.SS,2024-06-24A,Empty,
510880.SS,2024-06-24C,Empty,
510880.SS,2024-06-25A,Empty,
510880.SS,2024-06-25C,Empty,
510880.SS,2024-06-26A,Empty,
510880.SS,2024-06-26C,Empty,
510880.SS,2024-06-27A,Empty,
510880.SS,2024-06-27C,Empty,
510880.SS,2024-06-28A,Empty,
510880.SS,2024-06-28C,Long,
510880.SS,2024-07-01A,Long,
510880.SS,2024-07-01C,Long,
510880.SS,2024-07-02A,Long,
510880.SS,2024-07-02C,Long,
510880.SS,2024-07-03A,Long,
510880.SS,2024-07-03C,Long,
510880.SS,2024-07-04A,Long,
510880.SS,2024-07-04C,Long,
510880.SS,2024-07-05A,Long,
510880.SS,2024-07-05C,Empty,
510880.SS,2024-07-08A,Empty,
510880.SS,2024-07-08C,Empty,
510880.SS,2024-07-09A,Empty,
510880.SS,2024-07-09C,Long,
510880.SS,2024-07-10A,Long,
510880.SS,2024-07-10C,Empty,
510880.SS,2024-07-11A,Empty,
510880.SS,2024-07-11C,Empty,
510880.SS,2024-07-12A,Empty,
510880.SS,2024-07-12C,Empty,
510880.SS,2024-07-15A,Empty,
510880.SS,2024-07-15C,Long,
510880.SS,2024-07-16A,Empty,
510880.SS,2024-07-16C,Empty,
510880.SS,2024-07-17A,Empty,
510880.SS,2024-07-17C,Empty,
510880.SS,2024-07-18A,Empty,
510880.SS,2024-07-18C,Empty,
510880.SS,2024-07-19A,Empty,
510880.SS,2024-07-19C,Empty,
510880.SS,2024-07-22A,Empty,
510880.SS,2024-07-22C,Empty,
510880.SS,2024-07-23A,Empty,
510880.SS,2024-07-23C,Empty,
510880.SS,2024-07-24A,Empty,
510880.SS,2024-07-24C,Empty,
510880.SS,2024-07-25A,Empty,
510880.SS,2024-07-25C,Empty,
510880.SS,2024-07-26A,Empty,
510880.SS,2024-07-26C,Empty,
510880.SS,2024-07-29A,Empty,
510880.SS,2024-07-29C,Empty,
510880.SS,2024-07-30A,Empty,
510880.SS,2024-07-30C,Empty,
510880.SS,2024-07-31A,Empty,
510880.SS,2024-07-31C,Empty,
510880.SS,2024-08-01A,Long,
510880.SS,2024-08-01C,Long,
510880.SS,2024-08-02A,Empty,
510880.SS,2024-08-02C,Long,
510880.SS,2024-08-05A,Empty,
510880.SS,2024-08-05C,Empty,
510880.SS,2024-08-06A,Empty,
510880.SS,2024-08-06C,Empty,
510880.SS,2024-08-07A,Empty,
510880.SS,2024-08-07C,Empty,
510880.SS,2024-08-08A,Empty,
510880.SS,2024-08-08C,Empty,
510880.SS,2024-08-09A,Long,
510880.SS,2024-08-09C,Empty,
510880.SS,2024-08-12A,Empty,
510880.SS,2024-08-12C,Long,
510880.SS,2024-08-13A,Long,
510880.SS,2024-08-13C,Long,
510880.SS,2024-08-14A,Long,
510880.SS,2024-08-14C,Long,
510880.SS,2024-08-15A,Long,
510880.SS,2024-08-15C,Long,
510880.SS,2024-08-16A,Long,
510880.SS,2024-08-16C,Long,
510880.SS,2024-08-19A,Long,
510880.SS,2024-08-19C,Long,
510880.SS,2024-08-20A,Long,
510880.SS,2024-08-20C,Long,
510880.SS,2024-08-21A,Long,
510880.SS,2024-08-21C,Empty,
510880.SS,2024-08-22A,Empty,
510880.SS,2024-08-22C,Empty,
510880.SS,2024-08-23A,Empty,
510880.SS,2024-08-23C,Empty,
510880.SS,2024-08-26A,Empty,
510880.SS,2024-08-26C,Empty,
510880.SS,2024-08-27A,Empty,
510880.SS,2024-08-27C,Empty,
510880.SS,2024-08-28A,Empty,
510880.SS,2024-08-28C,Empty,
510880.SS,2024-08-29A,Empty,
510880.SS,2024-08-29C,Empty,
510880.SS,2024-08-30A,Empty,
510880.SS,2024-08-30C,Empty,
510880.SS,2024-09-02A,Empty,
510880.SS,2024-09-02C,Empty,
510880.SS,2024-09-03A,Empty,
510880.SS,2024-09-03C,Empty,
510880.SS,2024-09-04A,Empty,
510880.SS,2024-09-04C,Empty,
510880.SS,2024-09-05A,Empty,
510880.SS,2024-09-05C,Empty,
510880.SS,2024-09-06A,Empty,
510880.SS,2024-09-06C,Empty,
510880.SS,2024-09-09A,Empty,
510880.SS,2024-09-09C,Empty,
510880.SS,2024-09-10A,Empty,
510880.SS,2024-09-10C,Empty,
510880.SS,2024-09-11A,Empty,
510880.SS,2024-09-11C,Empty,
510880.SS,2024-09-12A,Empty,
510880.SS,2024-09-12C,Empty,
510880.SS,2024-09-13A,Empty,
510880.SS,2024-09-13C,Empty,
510880.SS,2024-09-18A,Empty,
510880.SS,2024-09-18C,Empty,
510880.SS,2024-09-19A,Empty,
510880.SS,2024-09-19C,Empty,
510880.SS,2024-09-20A,Empty,
510880.SS,2024-09-20C,Empty,
510880.SS,2024-09-23A,Empty,
510880.SS,2024-09-23C,Long,
510880.SS,2024-09-24A,Long,
510880.SS,2024-09-24C,Long,
510880.SS,2024-09-25A,Long,
510880.SS,2024-09-25C,Long,
510880.SS,2024-09-26A,Long,
510880.SS,2024-09-26C,Long,
510880.SS,2024-09-27A,Long,
510880.SS,2024-09-27C,Long,
510880.SS,2024-09-30A,Long,
510880.SS,2024-09-30C,Long,
510880.SS,2024-10-08A,Long,
510880.SS,2024-10-08C,Long,
510880.SS,2024-10-09A,Long,
510880.SS,2024-10-09C,Empty,
510880.SS,2024-10-10A,Empty,
510880.SS,2024-10-10C,Long,
510880.SS,2024-10-11A,Long,
510880.SS,2024-10-11C,Long,
510880.SS,2024-10-14A,Long,
510880.SS,2024-10-14C,Long,
510880.SS,2024-10-15A,Long,
510880.SS,2024-10-15C,Empty,
510880.SS,2024-10-16A,Empty,
510880.SS,2024-10-16C,Long,
510880.SS,2024-10-17A,Long,
510880.SS,2024-10-17C,Empty,
510880.SS,2024-10-18A,Empty,
510880.SS,2024-10-18C,Empty,
510880.SS,2024-10-21A,Empty,
510880.SS,2024-10-21C,Empty,
510880.SS,2024-10-22A,Empty,
510880.SS,2024-10-22C,Empty,
510880.SS,2024-10-23A,Empty,
510880.SS,2024-10-23C,Empty,
510880.SS,2024-10-24A,Empty,
510880.SS,2024-10-24C,Empty,
510880.SS,2024-10-25A,Empty,
510880.SS,2024-10-25C,Empty,
510880.SS,2024-10-28A,Empty,
510880.SS,2024-10-28C,Empty,
510880.SS,2024-10-29A,Empty,
510880.SS,2024-10-29C,Empty,
510880.SS,2024-10-30A,Empty,
510880.SS,2024-10-30C,Empty,
510880.SS,2024-10-31A,Empty,
510880.SS,2024-10-31C,Empty,
510880.SS,2024-11-01A,Empty,
510880.SS,2024-11-01C,Empty,
510880.SS,2024-11-04A,Empty,
510880.SS,2024-11-04C,Empty,
510880.SS,2024-11-05A,Empty,
510880.SS,2024-11-05C,Long,
510880.SS,2024-11-06A,Long,
510880.SS,2024-11-06C,Empty,
510880.SS,2024-11-07A,Empty,
510880.SS,2024-11-07C,Long,
510880.SS,2024-11-08A,Long,
510880.SS,2024-11-08C,Long,
510880.SS,2024-11-11A,Long,
510880.SS,2024-11-11C,Empty,
510880.SS,2024-11-12A,Empty,
510880.SS,2024-11-12C,Empty,
510880.SS,2024-11-13A,Empty,
510880.SS,2024-11-13C,Empty,
510880.SS,2024-11-14A,Empty,
510880.SS,2024-11-14C,Empty,
510880.SS,2024-11-15A,Empty,
510880.SS,2024-11-15C,Empty,
510880.SS,2024-11-18A,Empty,
510880.SS,2024-11-18C,Long,
510880.SS,2024-11-19A,Long,
510880.SS,2024-11-19C,Long,
510880.SS,2024-11-20A,Long,
510880.SS,2024-11-20C,Long,
510880.SS,2024-11-21A,Long,
510880.SS,2024-11-21C,Long,
510880.SS,2024-11-22A,Long,
510880.SS,2024-11-22C,Empty,
510880.SS,2024-11-25A,Empty,
510880.SS,2024-11-25C,Empty,
510880.SS,2024-11-26A,Empty,
510880.SS,2024-11-26C,Empty,
510880.SS,2024-11-27A,Empty,
510880.SS,2024-11-27C,Long,
510880.SS,2024-11-28A,Long,
510880.SS,2024-11-28C,Long,
510880.SS,2024-11-29A,Long,
510880.SS,2024-11-29C,Long,
510880.SS,2024-12-02A,Long,
510880.SS,2024-12-02C,Long,
510880.SS,2024-12-03A,Long,
510880.SS,2024-12-03C,Long,
510880.SS,2024-12-04A,Long,
510880.SS,2024-12-04C,Long,
510880.SS,2024-12-05A,Long,
510880.SS,2024-12-05C,Long,
510880.SS,2024-12-06A,Long,
510880.SS,2024-12-06C,Long,
510880.SS,2024-12-09A,Long,
510880.SS,2024-12-09C,Long,
510880.SS,2024-12-10A,Long,
510880.SS,2024-12-10C,Long,
510880.SS,2024-12-11A,Long,
510880.SS,2024-12-11C,Long,
510880.SS,2024-12-12A,Long,
510880.SS,2024-12-12C,Long,
510880.SS,2024-12-13A,Long,
510880.SS,2024-12-13C,Empty,
510880.SS,2024-12-16A,Empty,
510880.SS,2024-12-16C,Long,
510880.SS,2024-12-17A,Long,
510880.SS,2024-12-17C,Long,
510880.SS,2024-12-18A,Long,
510880.SS,2024-12-18C,Long,
510880.SS,2024-12-19A,Long,
510880.SS,2024-12-19C,Empty,
510880.SS,2024-12-20A,Empty,
510880.SS,2024-12-20C,Empty,
510880.SS,2024-12-23A,Empty,
510880.SS,2024-12-23C,Empty,
510880.SS,2024-12-24A,Empty,
510880.SS,2024-12-24C,Long,
510880.SS,2024-12-25A,Long,
510880.SS,2024-12-25C,Long,
510880.SS,2024-12-26A,Long,
510880.SS,2024-12-26C,Long,
510880.SS,2024-12-27A,Long,
510880.SS,2024-12-27C,Long,
510880.SS,2024-12-30A,Long,
510880.SS,2024-12-30C,Long,
510880.SS,2024-12-31A,Long,
510880.SS,2024-12-31C,Long,
510880.SS,2025-01-02A,Long,
510880.SS,2025-01-02C,Empty,
510880.SS,2025-01-03A,Empty,
510880.SS,2025-01-03C,Empty,
510880.SS,2025-01-06A,Empty,
510880.SS,2025-01-06C,Empty,
510880.SS,2025-01-07A,Empty,
510880.SS,2025-01-07C,Empty,
510880.SS,2025-01-08A,Empty,
510880.SS,2025-01-08C,Empty,
510880.SS,2025-01-09A,Empty,
510880.SS,2025-01-09C,Empty,
510880.SS,2025-01-10A,Empty,
510880.SS,2025-01-10C,Empty,
510880.SS,2025-01-13A,Empty,
510880.SS,2025-01-13C,Empty,
510880.SS,2025-01-14A,Empty,
510880.SS,2025-01-14C,Empty,
510880.SS,2025-01-15A,Empty,
510880.SS,2025-01-15C,Empty,
510880.SS,2025-01-16A,Empty,
510880.SS,2025-01-16C,Long,
510880.SS,2025-01-17A,Long,
510880.SS,2025-01-17C,Empty,
510880.SS,2025-01-20A,Empty,
510880.SS,2025-01-20C,Empty,
510880.SS,2025-01-21A,Long,
510880.SS,2025-01-21C,Empty,
510880.SS,2025-01-22A,Empty,
510880.SS,2025-01-22C,Empty,
510880.SS,2025-01-23A,Empty,
510880.SS,2025-01-23C,Long,
510880.SS,2025-01-24A,Long,
510880.SS,2025-01-24C,Long,
510880.SS,2025-01-27A,Long,
510880.SS,2025-01-27C,Long,
510880.SS,2025-02-05A,Long,
510880.SS,2025-02-05C,Empty,
510880.SS,2025-02-06A,Empty,
510880.SS,2025-02-06C,Empty,
510880.SS,2025-02-07A,Empty,
510880.SS,2025-02-07C,Long,
510880.SS,2025-02-10A,Long,
510880.SS,2025-02-10C,Long,
510880.SS,2025-02-11A,Long,
510880.SS,2025-02-11C,Long,
510880.SS,2025-02-12A,Long,
510880.SS,2025-02-12C,Long,
510880.SS,2025-02-13A,Long,
510880.SS,2025-02-13C,Long,
510880.SS,2025-02-14A,Long,
510880.SS,2025-02-14C,Long,
510880.SS,2025-02-17A,Long,
510880.SS,2025-02-17C,Long,
510880.SS,2025-02-18A,Empty,
510880.SS,2025-02-18C,Empty,
510880.SS,2025-02-19A,Empty,
510880.SS,2025-02-19C,Empty,
510880.SS,2025-02-20A,Empty,
510880.SS,2025-02-20C,Empty,
510880.SS,2025-02-21A,Empty,
510880.SS,2025-02-21C,Empty,
510880.SS,2025-02-24A,Empty,
510880.SS,2025-02-24C,Empty,
510880.SS,2025-02-25A,Empty,
510880.SS,2025-02-25C,Empty,
510880.SS,2025-02-26A,Empty,
510880.SS,2025-02-26C,Empty,
510880.SS,2025-02-27A,Empty,
510880.SS,2025-02-27C,Long,
510880.SS,2025-02-28A,Long,
510880.SS,2025-02-28C,Empty,
510880.SS,2025-03-03A,Empty,
510880.SS,2025-03-03C,Empty,
510880.SS,2025-03-04A,Empty,
510880.SS,2025-03-04C,Empty,
510880.SS,2025-03-05A,Empty,
510880.SS,2025-03-05C,Empty,
510880.SS,2025-03-06A,Empty,
510880.SS,2025-03-06C,Empty,
510880.SS,2025-03-07A,Empty,
510880.SS,2025-03-07C,Empty,
510880.SS,2025-03-10A,Empty,
510880.SS,2025-03-10C,Long,
510880.SS,2025-03-11A,Empty,
510880.SS,2025-03-11C,Long,
510880.SS,2025-03-12A,Long,
510880.SS,2025-03-12C,Long,
510880.SS,2025-03-13A,Long,
510880.SS,2025-03-13C,Long,
510880.SS,2025-03-14A,Long,
510880.SS,2025-03-14C,Long,
510880.SS,2025-03-17A,Long,
510880.SS,2025-03-17C,Long,
510880.SS,2025-03-18A,Long,
510880.SS,2025-03-18C,Long,
510880.SS,2025-03-19A,Long,
510880.SS,2025-03-19C,Long,
510880.SS,2025-03-20A,Long,
510880.SS,2025-03-20C,Long,
510880.SS,2025-03-21A,Long,
510880.SS,2025-03-21C,Long,
510880.SS,2025-03-24A,Long,
510880.SS,2025-03-24C,Long,
510880.SS,2025-03-25A,Long,
510880.SS,2025-03-25C,Long,
510880.SS,2025-03-26A,Long,
510880.SS,2025-03-26C,Long,
510880.SS,2025-03-27A,Long,
510880.SS,2025-03-27C,Long,
510880.SS,2025-03-28A,Long,
510880.SS,2025-03-28C,Long,
510880.SS,2025-03-31A,Long,
510880.SS,2025-03-31C,Empty,
510880.SS,2025-04-01A,Empty,
510880.SS,2025-04-01C,Long,
510880.SS,2025-04-02A,Long,
510880.SS,2025-04-02C,Long,
510880.SS,2025-04-03A,Long,
510880.SS,2025-04-03C,Long,
510880.SS,2025-04-07A,Empty,
510880.SS,2025-04-07C,Empty,
510880.SS,2025-04-08A,Empty,
510880.SS,2025-04-08C,Empty,
510880.SS,2025-04-09A,Empty,
510880.SS,2025-04-09C,Empty,
510880.SS,2025-04-10A,Empty,
510880.SS,2025-04-10C,Empty,
510880.SS,2025-04-11A,Empty,
510880.SS,2025-04-11C,Empty,
510880.SS,2025-04-14A,Empty,
510880.SS,2025-04-14C,Long,
510880.SS,2025-04-15A,Long,
510880.SS,2025-04-15C,Long,
510880.SS,2025-04-16A,Long,
510880.SS,2025-04-16C,Long,
510880.SS,2025-04-17A,Long,
510880.SS,2025-04-17C,Long,
510880.SS,2025-04-18A,Long,
510880.SS,2025-04-18C,Long,
510880.SS,2025-04-21A,Long,
510880.SS,2025-04-21C,Long,
510880.SS,2025-04-22A,Long,
510880.SS,2025-04-22C,Long,
510880.SS,2025-04-23A,Long,
510880.SS,2025-04-23C,Empty,
510880.SS,2025-04-24A,Empty,
510880.SS,2025-04-24C,Long,
510880.SS,2025-04-25A,Long,
510880.SS,2025-04-25C,Long,
510880.SS,2025-04-28A,Long,
510880.SS,2025-04-28C,Long,
510880.SS,2025-04-29A,Long,
510880.SS,2025-04-29C,Empty,
510880.SS,2025-04-30A,Empty,
510880.SS,2025-04-30C,Empty,
510880.SS,2025-05-06A,Empty,
510880.SS,2025-05-06C,Empty,
510880.SS,2025-05-07A,Empty,
510880.SS,2025-05-07C,Empty,
510880.SS,2025-05-08A,Empty,
510880.SS,2025-05-08C,Empty,
510880.SS,2025-05-09A,Empty,
510880.SS,2025-05-09C,Long,
510880.SS,2025-05-12A,Long,
510880.SS,2025-05-12C,Long,
510880.SS,2025-05-13A,Long,
510880.SS,2025-05-13C,Long,
510880.SS,2025-05-14A,Long,
510880.SS,2025-05-14C,Long,
510880.SS,2025-05-15A,Long,
510880.SS,2025-05-15C,Long,
510880.SS,2025-05-16A,Long,
510880.SS,2025-05-16C,Long,
510880.SS,2025-05-19A,Long,
510880.SS,2025-05-19C,Long,
510880.SS,2025-05-20A,Long,
510880.SS,2025-05-20C,Long,
510880.SS,2025-05-21A,Long,
510880.SS,2025-05-21C,Long,
510880.SS,2025-05-22A,Long,
510880.SS,2025-05-22C,Long,
510880.SS,2025-05-23A,Long,
510880.SS,2025-05-23C,Long,
510880.SS,2025-05-26A,Empty,
510880.SS,2025-05-26C,Empty,
510880.SS,2025-05-27A,Empty,
510880.SS,2025-05-27C,Empty,
510880.SS,2025-05-28A,Empty,
510880.SS,2025-05-28C,Empty,
510880.SS,2025-05-29A,Empty,
510880.SS,2025-05-29C,Empty,
510880.SS,2025-05-30A,Empty,
510880.SS,2025-05-30C,Long,
510880.SS,2025-06-03A,Long,
510880.SS,2025-06-03C,Long,
510880.SS,2025-06-04A,Long,
510880.SS,2025-06-04C,Long,
510880.SS,2025-06-05A,Long,
510880.SS,2025-06-05C,Empty,
510880.SS,2025-06-06A,Empty,
510880.SS,2025-06-06C,Empty,
510880.SS,2025-06-09A,Empty,
510880.SS,2025-06-09C,Long,
510880.SS,2025-06-10A,Empty,
510880.SS,2025-06-10C,Long,
510880.SS,2025-06-11A,Long,
510880.SS,2025-06-11C,Long,
510880.SS,2025-06-12A,Long,
510880.SS,2025-06-12C,Long,
510880.SS,2025-06-13A,Long,
510880.SS,2025-06-13C,Empty,
510880.SS,2025-06-16A,Empty,
510880.SS,2025-06-16C,Empty,
510880.SS,2025-06-17A,Empty,
510880.SS,2025-06-17C,Long,
510880.SS,2025-06-18A,Empty,
510880.SS,2025-06-18C,Long,
510880.SS,2025-06-19A,Long,
510880.SS,2025-06-19C,Empty,
510880.SS,2025-06-20A,Empty,
510880.SS,2025-06-20C,Long,
510880.SS,2025-06-23A,Long,
510880.SS,2025-06-23C,Long,
510880.SS,2025-06-24A,Long,
510880.SS,2025-06-24C,Long,
510880.SS,2025-06-25A,Long,
510880.SS,2025-06-25C,Long,
510880.SS,2025-06-26A,Long,
510880.SS,2025-06-26C,Long,
510880.SS,2025-06-27A,Long,
510880.SS,2025-06-27C,Empty,
510880.SS,2025-06-30A,Empty,
510880.SS,2025-06-30C,Empty,
510880.SS,2025-07-01A,Empty,
510880.SS,2025-07-01C,Long,
510880.SS,2025-07-02A,Long,
510880.SS,2025-07-02C,Long,
510880.SS,2025-07-03A,Long,
510880.SS,2025-07-03C,Long,
510880.SS,2025-07-04A,Long,
510880.SS,2025-07-04C,Long,
510880.SS,2025-07-07A,Long,
510880.SS,2025-07-07C,Long,
510880.SS,2025-07-08A,Long,
510880.SS,2025-07-08C,Long,
510880.SS,2025-07-09A,Long,
510880.SS,2025-07-09C,Long,
510880.SS,2025-07-10A,Long,
510880.SS,2025-07-10C,Long,
510880.SS,2025-07-11A,Long,
510880.SS,2025-07-11C,Long,
510880.SS,2025-07-14A,Long,
510880.SS,2025-07-14C,Long,
510880.SS,2025-07-15A,Long,
510880.SS,2025-07-15C,Empty,
510880.SS,2025-07-16A,Empty,
510880.SS,2025-07-16C,Empty,
510880.SS,2025-07-17A,Empty,
510880.SS,2025-07-17C,Empty,
510880.SS,2025-07-18A,Empty,
510880.SS,2025-07-18C,Empty,
510880.SS,2025-07-21A,Empty,
510880.SS,2025-07-21C,Long,
510880.SS,2025-07-22A,Long,
510880.SS,2025-07-22C,Long,
510880.SS,2025-07-23A,Long,
510880.SS,2025-07-23C,Long,
510880.SS,2025-07-24A,Long,
510880.SS,2025-07-24C,Long,
510880.SS,2025-07-25A,Long,
510880.SS,2025-07-25C,Long,
510880.SS,2025-07-28A,Long,
510880.SS,2025-07-28C,Empty,
510880.SS,2025-07-29A,Empty,
510880.SS,2025-07-29C,Empty,
510880.SS,2025-07-30A,Empty,
510880.SS,2025-07-30C,Empty,
510880.SS,2025-07-31A,Empty,
510880.SS,2025-07-31C,Empty,
510880.SS,2025-08-01A,Empty,
510880.SS,2025-08-01C,Empty,
510880.SS,2025-08-04A,Empty,
510880.SS,2025-08-04C,Empty,
510880.SS,2025-08-05A,Empty,
510880.SS,2025-08-05C,Long,
510880.SS,2025-08-06A,Long,
510880.SS,2025-08-06C,Long,
510880.SS,2025-08-07A,Long,
510880.SS,2025-08-07C,Long,
510880.SS,2025-08-08A,Long,
510880.SS,2025-08-08C,Long,
510880.SS,2025-08-11A,Long,
510880.SS,2025-08-11C,Empty,
510880.SS,2025-08-12A,Empty,
510880.SS,2025-08-12C,Long,
510880.SS,2025-08-13A,Long,
510880.SS,2025-08-13C,Empty,
510880.SS,2025-08-14A,Empty,
510880.SS,2025-08-14C,Empty,
510880.SS,2025-08-15A,Empty,
510880.SS,2025-08-15C,Empty,
510880.SS,2025-08-18A,Empty,
510880.SS,2025-08-18C,Empty,
510880.SS,2025-08-19A,Empty,
510880.SS,2025-08-19C,Empty,
510880.SS,2025-08-20A,Empty,
510880.SS,2025-08-20C,Empty,
510880.SS,2025-08-21A,Empty,
510880.SS,2025-08-21C,Long,
510880.SS,2025-08-22A,Long,
510880.SS,2025-08-22C,Long,
510880.SS,2025-08-25A,Long,
510880.SS,2025-08-25C,Long,
510880.SS,2025-08-26A,Long,
510880.SS,2025-08-26C,Long,
510880.SS,2025-08-27A,Long,
510880.SS,2025-08-27C,Empty,
510880.SS,2025-08-28A,Empty,
510880.SS,2025-08-28C,Empty,
510880.SS,2025-08-29A,Empty,
510880.SS,2025-08-29C,Empty,
510880.SS,2025-09-01A,Empty,
510880.SS,2025-09-01C,Empty,
510880.SS,2025-09-02A,Empty,
510880.SS,2025-09-02C,Empty,
510880.SS,2025-09-03A,Empty,
510880.SS,2025-09-03C,Empty,
510880.SS,2025-09-04A,Empty,
510880.SS,2025-09-04C,Empty,
510880.SS,2025-09-05A,Empty,
510880.SS,2025-09-05C,Empty,
510880.SS,2025-09-08A,Empty,
510880.SS,2025-09-08C,Empty,
510880.SS,2025-09-09A,Empty,
510880.SS,2025-09-09C,Empty,
510880.SS,2025-09-10A,Empty,
510880.SS,2025-09-10C,Empty,
510880.SS,2025-09-11A,Empty,
510880.SS,2025-09-11C,Long,
510880.SS,2025-09-12A,Empty,
510880.SS,2025-09-12C,Empty,
510880.SS,2025-09-15A,Empty,
510880.SS,2025-09-15C,Empty,
510880.SS,2025-09-16A,Empty,
510880.SS,2025-09-16C,Empty,
510880.SS,2025-09-17A,Empty,
510880.SS,2025-09-17C,Empty,
510880.SS,2025-09-18A,Empty,
510880.SS,2025-09-18C,Empty,
510880.SS,2025-09-19A,Empty,
510880.SS,2025-09-19C,Empty,
510880.SS,2025-09-22A,Empty,
510880.SS,2025-09-22C,Empty,
510880.SS,2025-09-23A,Empty,
510880.SS,2025-09-23C,Empty,
510880.SS,2025-09-24A,Empty,
510880.SS,2025-09-24C,Empty,
510880.SS,2025-09-25A,Empty,
510880.SS,2025-09-25C,Empty,
510880.SS,2025-09-26A,Empty,
510880.SS,2025-09-26C,Empty,
510880.SS,2025-09-29A,Empty,
510880.SS,2025-09-29C,Empty,
510880.SS,2025-09-30A,Empty,
510880.SS,2025-09-30C,Empty,
510880.SS,2025-10-09A,Empty,
510880.SS,2025-10-09C,Long,
510880.SS,2025-10-10A,Long,
510880.SS,2025-10-10C,Long,
510880.SS,2025-10-13A,Long,
510880.SS,2025-10-13C,Long,
510880.SS,2025-10-14A,Long,
510880.SS,2025-10-14C,Long,
510880.SS,2025-10-15A,Long,
510880.SS,2025-10-15C,Long,
510880.SS,2025-10-16A,Long,
510880.SS,2025-10-16C,Long,
510880.SS,2025-10-17A,Long,
510880.SS,2025-10-17C,Long,
510880.SS,2025-10-20A,Long,
510880.SS,2025-10-20C,Long,
510880.SS,2025-10-21A,Long,
510880.SS,2025-10-21C,Long,
510880.SS,2025-10-22A,Long,
510880.SS,2025-10-22C,Long,
510880.SS,2025-10-23A,Long,
510880.SS,2025-10-23C,Long,
510880.SS,2025-10-27A,Long,
510880.SS,2025-10-27C,Long,
510880.SS,2025-10-28A,Long,
510880.SS,2025-10-28C,Long,
510880.SS,2025-10-29A,Long,
510880.SS,2025-10-29C,Long,
510880.SS,2025-10-30A,Long,
510880.SS,2025-10-30C,Long,
510880.SS,2025-10-31A,Long,
510880.SS,2025-10-31C,Empty,
510880.SS,2025-11-03A,Empty,
510880.SS,2025-11-03C,Long,
510880.SS,2025-11-04A,Long,
510880.SS,2025-11-04C,Long,
510880.SS,2025-11-05A,Long,
510880.SS,2025-11-05C,Long,
510880.SS,2025-11-06A,Long,
510880.SS,2025-11-06C,Long,
510880.SS,2025-11-07A,Long,
510880.SS,2025-11-07C,Long,
510880.SS,2025-11-10A,Long,
510880.SS,2025-11-10C,Long,
510880.SS,2025-11-11A,Long,
510880.SS,2025-11-11C,Long,
510880.SS,2025-11-12A,Long,
510880.SS,2025-11-12C,Long,
510880.SS,2025-11-13A,Long,
510880.SS,2025-11-13C,Long,
510880.SS,2025-11-14A,Long,
510880.SS,2025-11-14C,Long,
510880.SS,2025-11-17A,Long,
510880.SS,2025-11-17C,Empty,
510880.SS,2025-11-18A,Empty,
510880.SS,2025-11-18C,Empty,
510880.SS,2025-11-19A,Empty,
510880.SS,2025-11-19C,Empty,
510880.SS,2025-11-20A,Empty,
510880.SS,2025-11-20C,Empty,
510880.SS,2025-11-21A,Empty,
510880.SS,2025-11-21C,Empty,
510880.SS,2025-11-24A,Empty,
510880.SS,2025-11-24C,Empty,
510880.SS,2025-11-25A,Empty,
510880.SS,2025-11-25C,Empty,
510880.SS,2025-11-26A,Empty,
510880.SS,2025-11-26C,Empty,
510880.SS,2025-11-27A,Empty,
510880.SS,2025-11-27C,Empty,
510880.SS,2025-11-28A,Empty,
510880.SS,2025-11-28C,Empty,
510880.SS,2025-12-01A,Empty,
510880.SS,2025-12-01C,Empty,
510880.SS,2025-12-02A,Empty,
510880.SS,2025-12-02C,Empty,
510880.SS,2025-12-03A,Empty,
510880.SS,2025-12-03C,Empty,
510880.SS,2025-12-04A,Empty,
510880.SS,2025-12-04C,Empty,
510880.SS,2025-12-05A,Empty,
510880.SS,2025-12-05C,Empty,
510880.SS,2025-12-08A,Empty,
510880.SS,2025-12-08C,Empty,
510880.SS,2025-12-09A,Empty,
510880.SS,2025-12-09C,Empty,
510880.SS,2025-12-10A,Empty,
510880.SS,2025-12-10C,Empty,
510880.SS,2025-12-11A,Empty,
510880.SS,2025-12-11C,Empty,
510880.SS,2025-12-12A,Empty,
510880.SS,2025-12-12C,Empty,
510880.SS,2025-12-15A,Empty,
510880.SS,2025-12-15C,Empty,
510880.SS,2025-12-16A,Empty,
510880.SS,2025-12-16C,Empty,
510880.SS,2025-12-17A,Empty,
510880.SS,2025-12-17C,Empty,
510880.SS,2025-12-18A,Empty,
510880.SS,2025-12-18C,Long,
510880.SS,2025-12-19A,Long,
510880.SS,2025-12-19C,Long,
510880.SS,2025-12-22A,Long,
510880.SS,2025-12-22C,Empty,
510880.SS,2025-12-23A,Empty,
510880.SS,2025-12-23C,Empty,
510880.SS,2025-12-24A,Long,
510880.SS,2025-12-24C,Long,
510880.SS,2025-12-25A,Long,
510880.SS,2025-12-25C,Long,
510880.SS,2025-12-26A,Long,
510880.SS,2025-12-26C,Long,
510880.SS,2025-12-29A,Long,
510880.SS,2025-12-29C,Long,
510880.SS,2025-12-30A,Long,
510880.SS,2025-12-30C,Long,
510880.SS,2025-12-31A,Long,
510880.SS,2025-12-31C,Long,
510880.SS,2026-01-05A,Long,
510880.SS,2026-01-05C,Long,
510880.SS,2026-01-06A,Long,
510880.SS,2026-01-06C,Long,
510880.SS,2026-01-07A,Long,
510880.SS,2026-01-07C,Long,
510880.SS,2026-01-08A,Long,
510880.SS,2026-01-08C,Long,
510880.SS,2026-01-09A,Long,
510880.SS,2026-01-09C,Long,
510880.SS,2026-01-12A,Long,
510880.SS,2026-01-12C,Long,
510880.SS,2026-01-13A,Long,
510880.SS,2026-01-13C,Long,
510880.SS,2026-01-14A,Long,
510880.SS,2026-01-14C,Empty,
510880.SS,2026-01-15A,Empty,
510880.SS,2026-01-15C,Empty,
510880.SS,2026-01-16A,Empty,
510880.SS,2026-01-16C,Empty,
510880.SS,2026-01-19A,Empty,
510880.SS,2026-01-19C,Empty,
510880.SS,2026-01-20A,Empty,
510880.SS,2026-01-20C,Long,
510880.SS,2026-01-21A,Long,
510880.SS,2026-01-21C,Empty,
510880.SS,2026-01-22A,Long,
510880.SS,2026-01-22C,Long,
510880.SS,2026-01-23A,Long,
510880.SS,2026-01-23C,Long,
510880.SS,2026-01-26A,Long,
510880.SS,2026-01-26C,Long,
510880.SS,2026-01-27A,Long,
510880.SS,2026-01-27C,Long,
510880.SS,2026-01-28A,Long,
510880.SS,2026-01-28C,Long,
510880.SS,2026-01-29A,Long,
510880.SS,2026-01-29C,Long,
510880.SS,2026-01-30A,Long,
510880.SS,2026-01-30C,Long,
510880.SS,2026-02-02A,Long,
510880.SS,2026-02-02C,Empty,
510880.SS,2026-02-03A,Empty,
510880.SS,2026-02-03C,Empty,
510880.SS,2026-02-04A,Empty,
510880.SS,2026-02-04C,Long,
510880.SS,2026-02-05A,Long,
510880.SS,2026-02-05C,Long,
510880.SS,2026-02-06A,Long,
510880.SS,2026-02-06C,Long,
510880.SS,2026-02-09A,Long,
510880.SS,2026-02-09C,Long,
510880.SS,2026-02-10A,Long,
510880.SS,2026-02-10C,Long,
510880.SS,2026-02-11A,Long,
510880.SS,2026-02-11C,Long,
510880.SS,2026-02-12A,Long,
510880.SS,2026-02-12C,Long,
510880.SS,2026-02-13A,Long,
510880.SS,2026-02-13C,Empty,
510880.SS,2026-02-24A,Long,
510880.SS,2026-02-24C,Long,
510880.SS,2026-02-25A,Long,
510880.SS,2026-02-25C,Long,
510880.SS,2026-02-26A,Long,
510880.SS,2026-02-26C,Long,
510880.SS,2026-02-27A,Long,
510880.SS,2026-02-27C,Long,
510880.SS,2026-03-02A,Long,
510880.SS,2026-03-02C,Long,
510880.SS,2026-03-03A,Long,
510880.SS,2026-03-03C,Long,
510880.SS,2026-03-04A,Long,
510880.SS,2026-03-04C,Long,
510880.SS,2026-03-05A,Long,
510880.SS,2026-03-05C,Long,
510880.SS,2026-03-06A,Long,
510880.SS,2026-03-06C,Long,
510880.SS,2026-03-09A,Long,
510880.SS,2026-03-09C,Long,
510880.SS,2026-03-10A,Empty,
510880.SS,2026-03-10C,Empty,
510880.SS,2026-03-11A,Empty,
510880.SS,2026-03-11C,Long,
510880.SS,2026-03-12A,Long,
510880.SS,2026-03-12C,Long,
510880.SS,2026-03-13A,Long,
510880.SS,2026-03-13C,Long,
510880.SS,2026-03-16A,Long,
510880.SS,2026-03-16C,Long,
510880.SS,2026-03-17A,Empty,
510880.SS,2026-03-17C,Empty,
510880.SS,2026-03-18A,Empty,
510880.SS,2026-03-18C,Empty,
510880.SS,2026-03-19A,Empty,
510880.SS,2026-03-19C,Empty,
510880.SS,2026-03-20A,Empty,
510880.SS,2026-03-20C,Empty,
510880.SS,2026-03-23A,Empty,
510880.SS,2026-03-23C,Empty,
510880.SS,2026-03-24A,Empty,
510880.SS,2026-03-24C,Empty,
510880.SS,2026-03-25A,Empty,
510880.SS,2026-03-25C,Empty,
510880.SS,2026-03-26A,Empty,
510880.SS,2026-03-26C,Empty,
510880.SS,2026-03-27A,Empty,
510880.SS,2026-03-27C,Empty,
510880.SS,2026-03-30A,Empty,
510880.SS,2026-03-30C,Long,
510880.SS,2026-03-31A,Long,
510880.SS,2026-03-31C,Empty,
510880.SS,2026-04-01A,Empty,
510880.SS,2026-04-01C,Empty,
510880.SS,2026-04-02A,Empty,
510880.SS,2026-04-02C,Empty,
510880.SS,2026-04-03A,Empty,
510880.SS,2026-04-03C,Empty,
510880.SS,2026-04-07A,Empty,
510880.SS,2026-04-07C,Empty,
510880.SS,2026-04-08A,Empty,
510880.SS,2026-04-08C,Empty,
510880.SS,2026-04-09A,Empty,
510880.SS,2026-04-09C,Empty,
510880.SS,2026-04-10A,Empty,
510880.SS,2026-04-10C,Empty,
510880.SS,2026-04-13A,Empty,
510880.SS,2026-04-13C,Empty,
510880.SS,2026-04-14A,Empty,
510880.SS,2026-04-14C,Empty,
510880.SS,2026-04-15A,Empty,
510880.SS,2026-04-15C,Long,
510880.SS,2026-04-16A,Long,
510880.SS,2026-04-16C,Long,
510880.SS,2026-04-17A,Long,
510880.SS,2026-04-17C,Empty,
510880.SS,2026-04-20A,Empty,
510880.SS,2026-04-20C,Empty,
510880.SS,2026-04-21A,Empty,
510880.SS,2026-04-21C,Long,
510880.SS,2026-04-22A,Long,
510880.SS,2026-04-22C,Long,
510880.SS,2026-04-23A,Long,
510880.SS,2026-04-23C,Long,
510880.SS,2026-04-24A,Long,
510880.SS,2026-04-24C,Long,
510880.SS,2026-04-27A,Long,
510880.SS,2026-04-27C,Long,
510880.SS,2026-04-28A,Long,
510880.SS,2026-04-28C,Long,
510880.SS,2026-04-29A,Long,
510880.SS,2026-04-29C,Long,
510880.SS,2026-04-30A,Long,
510880.SS,2026-04-30C,Long,
510880.SS,2026-05-06A,Long,
510880.SS,2026-05-06C,Long,
510880.SS,2026-05-07A,Long,
510880.SS,2026-05-07C,Empty,
510880.SS,2026-05-08A,Empty,
510880.SS,2026-05-08C,Empty,
510880.SS,2026-05-11A,Empty,
510880.SS,2026-05-11C,Empty,
510880.SS,2026-05-12A,Empty,
510880.SS,2026-05-12C,Empty,
510880.SS,2026-05-13A,Empty,
510880.SS,2026-05-13C,Empty,
510880.SS,2026-05-14A,Empty,
510880.SS,2026-05-14C,Empty,
510880.SS,2026-05-15A,Empty,
510880.SS,2026-05-15C,Empty,
510880.SS,2026-05-18A,Empty,
510880.SS,2026-05-18C,Empty,
510880.SS,2026-05-19A,Empty,
510880.SS,2026-05-19C,Empty,
510880.SS,2026-05-20A,Empty,
510880.SS,2026-05-20C,Empty,
510880.SS,2026-05-21A,Empty,
510880.SS,2026-05-21C,Empty,
510880.SS,2026-05-22A,Empty,
510880.SS,2026-05-22C,Empty,
510880.SS,2026-05-25A,Empty,
510880.SS,2026-05-25C,Empty,
510880.SS,2026-05-26A,Empty,
510880.SS,2026-05-26C,Empty,
510880.SS,2026-05-27A,Empty,
510880.SS,2026-05-27C,Empty,
510880.SS,2026-05-28A,Empty,
510880.SS,2026-05-28C,Empty,
510880.SS,2026-05-29A,Empty,
510880.SS,2026-05-29C,Long,
510880.SS,2026-06-01A,Long,
510880.SS,2026-06-01C,Long,
510880.SS,2026-06-02A,Long,
510880.SS,2026-06-02C,Long,
510880.SS,2026-06-03A,Long,
510880.SS,2026-06-03C,Long,
510880.SS,2026-06-04A,Long,
510880.SS,2026-06-04C,Long,
510880.SS,2026-06-05A,Long,
510880.SS,2026-06-05C,Long,
510880.SS,2026-06-08A,Long,
510880.SS,2026-06-08C,Long,
510880.SS,2026-06-09A,Long,
510880.SS,2026-06-09C,Long,
510880.SS,2026-06-10A,Empty,
510880.SS,2026-06-10C,Empty,
510880.SS,2026-06-11A,Empty,
510880.SS,2026-06-11C,Empty,
510880.SS,2026-06-12A,Empty,
510880.SS,2026-06-12C,Long,
510880.SS,2026-06-15A,Long,
510880.SS,2026-06-15C,Empty,
510880.SS,2026-06-16A,Empty,
510880.SS,2026-06-16C,Empty,
510880.SS,2026-06-17A,Empty,
510880.SS,2026-06-17C,Empty,
510880.SS,2026-06-18A,Empty,
510880.SS,2026-06-18C,Empty,
510880.SS,2026-06-22A,Empty,
510880.SS,2026-06-22C,Empty,
510880.SS,2026-06-23A,Empty,
510880.SS,2026-06-23C,Empty,
510880.SS,2026-06-24A,Empty,
510880.SS,2026-06-24C,Empty,
510880.SS,2026-06-25A,Empty,
510880.SS,2026-06-25C,Empty,
510880.SS,2026-06-26A,Empty,
510880.SS,2026-06-26C,Empty,
510880.SS,2026-06-29A,Empty,
510880.SS,2026-06-29C,Empty,
510880.SS,2026-06-30A,Empty,
510880.SS,2026-06-30C,Empty,
510880.SS,2026-07-01A,Empty,
510880.SS,2026-07-01C,Empty,
510880.SS,2026-07-02A,Empty,
510880.SS,2026-07-02C,Empty,
510880.SS,2026-07-03A,Empty,
510880.SS,2026-07-03C,Long,
510880.SS,2026-07-06A,Long,
510880.SS,2026-07-06C,Long,
510880.SS,2026-07-07A,Long,
510880.SS,2026-07-07C,Long,
510880.SS,2026-07-08A,Long,
510880.SS,2026-07-08C,Long,
510880.SS,2026-07-09A,Long,
510880.SS,2026-07-09C,Long,
510880.SS,2026-07-10A,Long,
510880.SS,2026-07-10C,Long,
510880.SS,2026-07-13A,Long,
510880.SS,2026-07-13C,Long,
510880.SS,2026-07-14A,Long,
510880.SS,2026-07-14C,Long,
510880.SS,2026-07-15A,Long,
510880.SS,2026-07-15C,Long,
510880.SS,2026-07-16A,Long,
510880.SS,2026-07-16C,Long,
510880.SS,2026-07-17A,Long,
510880.SS,2026-07-17C,Long,
510880.SS,2026-07-20A,Long,
510880.SS,2026-07-20C,Long,
510880.SS,2026-07-21A,Long,
510880.SS,2026-07-21C,Long,
510880.SS,2026-07-22A,Long,
510880.SS,2026-07-22C,Long,
510880.SS,2026-07-23A,Long,
510880.SS,2026-07-23C,Long,
510880.SS,2026-07-24A,Long,
510880.SS,2026-07-24C,Long,
510880.SS,2026-07-27A,Long,
510880.SS,2026-07-27C,Long,
510880.SS,2026-07-28A,Long,
510880.SS,2026-07-28C,Long,
510880.SS,2026-07-29A,Long,
510880.SS,2026-07-29C,Long,
510880.SS,2026-07-30A,Long,
510880.SS,2026-07-30C,Long,
510880.SS,2026-07-31A,Long,
510880.SS,2026-07-31C,Long,
510880.SS,2026-08-03A,Long,
510880.SS,2026-08-03C,Long,
510880.SS,2026-08-04A,Long,
510880.SS,2026-08-04C,Empty,
510880.SS,2026-08-05A,Empty,
510880.SS,2026-08-05C,Empty,
510880.SS,2026-08-06A,Empty,
510880.SS,2026-08-06C,Long,
510880.SS,2026-08-07A,Long,
510880.SS,2026-08-07C,Long,
510880.SS,2026-08-10A,Long,
510880.SS,2026-08-10C,Long,
510880.SS,2026-08-11A,Long,
510880.SS,2026-08-11C,Long,
510880.SS,2026-08-12A,Long,
510880.SS,2026-08-12C,Long,
510880.SS,2026-08-13A,Empty,
510880.SS,2026-08-13C,Empty,
510880.SS,2026-08-14A,Empty,
510880.SS,2026-08-14C,Long,
510880.SS,2026-08-17A,Empty,
510880.SS,2026-08-17C,Long,
510880.SS,2026-08-18A,Long,
510880.SS,2026-08-18C,Long,
510880.SS,2026-08-19A,Long,
510880.SS,2026-08-19C,Long,
510880.SS,2026-08-20A,Long,
510880.SS,2026-08-20C,Long,
510880.SS,2026-08-21A,Long,
510880.SS,2026-08-21C,Long,
510880.SS,2026-08-24A,Long,
510880.SS,2026-08-24C,Long,
510880.SS,2026-08-25A,Long,
510880.SS,2026-08-25C,Long,
510880.SS,2026-08-26A,Long,
510880.SS,2026-08-26C,Long,
510880.SS,2026-08-27A,Long,
510880.SS,2026-08-27C,Long,
510880.SS,2026-08-28A,Long,
510880.SS,2026-08-28C,Long,
510880.SS,2026-08-31A,Long,
510880.SS,2026-08-31C,Long,
510880.SS,2026-09-01A,Long,
510880.SS,2026-09-01C,Long,
510880.SS,2026-09-02A,Long,
510880.SS,2026-09-02C,Empty,
510880.SS,2026-09-03A,Empty,
510880.SS,2026-09-03C,Empty,
510880.SS,2026-09-04A,Empty,
510880.SS,2026-09-04C,Empty,3.449
