date,open,high,low,close,decision,cumret
2010-01-04C,1.68673576137107,1.6927128490281,1.65864346363353,1.65983879566193,0,1.0
2010-01-05A,1.65983879566193,1.6927128490281,1.65864346363353,1.66163190766456,1,1.0118705009749018
2010-01-05C,1.66163190766456,1.68673573239484,1.64668926003119,1.68135631084442,1,1.011870438054709
2010-01-06A,1.68135631084442,1.68673573239484,1.64668926003119,1.68135620629422,1,1.010071921593238
2010-01-06C,1.68135620629422,1.70048294228081,1.66880436596209,1.67836773395538,1,1.0064748971114257
2010-01-07A,1.67836773395538,1.70048294228081,1.66880436596209,1.67239080330375,0,1.0064748971114257
2010-01-07C,1.67239080330375,1.68075869764172,1.62457395886177,1.63652813434601,0,1.0064748971114257
2010-01-08A,1.63652813434601,1.68075869764172,1.62457395886177,1.62636688847128,0,1.0064748971114257
2010-01-08C,1.62636688847128,1.64011420274543,1.61321724014231,1.63712573051453,0,1.0064748971114257
2010-01-11A,1.63712573051453,1.64011420274543,1.61321724014231,1.69450601945007,1,0.973103207235069
2010-01-11C,1.69450601945007,1.70048310721248,1.62636710495462,1.63832128047943,0,0.973103207235069
2010-01-12A,1.63832128047943,1.70048310721248,1.62636710495462,1.634734698563,0,0.973103207235069
2010-01-12C,1.634734698563,1.66402246596194,1.61381496649589,1.66282713413239,1,0.9517661586116911
2010-01-13A,1.66282713413239,1.66402246596194,1.61381496649589,1.62636664037442,0,0.9517661586116911
2010-01-13C,1.62636664037442,1.63593000656345,1.59349259581932,1.59827435016632,0,0.9517661586116911
2010-01-14A,1.59827435016632,1.63593000656345,1.59349259581932,1.60604467156551,0,0.9517661586116911
2010-01-14C,1.60604467156551,1.62576907096771,1.59588363891968,1.61979198455811,0,0.9517661586116911
2010-01-15A,1.61979198455811,1.62576907096771,1.59588363891968,1.62218290135452,0,0.9517661586116911
2010-01-15C,1.62218290135452,1.63533254935527,1.60963106178902,1.62457370758057,0,0.9517661586116911
2010-01-18A,1.62457370758057,1.63533254935527,1.60963106178902,1.61979211253221,0,0.9517661586116911
2010-01-18C,1.61979211253221,1.63174628629588,1.61381502565038,1.62995314598084,1,0.9549073009123368
2010-01-19A,1.62995314598084,1.63174628629588,1.61381502565038,1.63533252906626,1,0.9535112556118114
2010-01-19C,1.63533252906626,1.64967750874956,1.63174624851919,1.63294172286987,1,0.9538603083812981
2010-01-20A,1.63294172286987,1.64967750874956,1.63174624851919,1.63353949539476,1,0.92489201285464
2010-01-20C,1.63353949539476,1.64370052927123,1.57795257080258,1.5839296579361,0,0.92489201285464
2010-01-21A,1.5839296579361,1.64370052927123,1.57795257080258,1.58572266458367,0,0.92489201285464
2010-01-21C,1.58572266458367,1.59588369760314,1.57675696338708,1.58691799640656,0,0.92489201285464
2010-01-22A,1.58691799640656,1.59588369760314,1.57675696338708,1.56898692340592,0,0.92489201285464
2010-01-22C,1.56898692340592,1.59468841322421,1.54507857404054,1.58632051944733,0,0.92489201285464
2010-01-25A,1.58632051944733,1.59468841322421,1.54507857404054,1.57078014499622,0,0.92489201285464
2010-01-25C,1.57078014499622,1.58632060138745,1.55404421407297,1.55882596969604,0,0.92489201285464
2010-01-26A,1.55882596969604,1.58632060138745,1.55404421407297,1.5588259180738,0,0.92489201285464
2010-01-26C,1.5588259180738,1.56599833751338,1.51519316542261,1.51937711238861,0,0.92489201285464
2010-01-27A,1.51937711238861,1.56599833751338,1.51519316542261,1.52117033158027,0,0.92489201285464
2010-01-27C,1.52117033158027,1.52654961081203,1.49128475026823,1.49845731258392,0,0.92489201285464
2010-01-28A,1.49845731258392,1.52654961081203,1.49128475026823,1.50084794761172,0,0.92489201285464
2010-01-28C,1.50084794761172,1.5050318943159,1.48411216079501,1.48949158191681,0,0.92489201285464
2010-01-29A,1.48949158191681,1.5050318943159,1.48411216079501,1.48829615116119,0,0.92489201285464
2010-01-29C,1.48829615116119,1.50802055334811,1.48112358945504,1.48829615116119,0,0.92489201285464
2010-02-01A,1.48829615116119,1.50802055334811,1.48112358945504,1.48590541117036,0,0.92489201285464
2010-02-01C,1.48590541117036,1.49068702418483,1.45123821804792,1.46379005908966,0,0.92489201285464
2010-02-02A,1.46379005908966,1.49068702418483,1.45123821804792,1.46438776871965,0,0.92489201285464
2010-02-02C,1.46438776871965,1.49008925757333,1.46020382198824,1.46259462833405,0,0.92489201285464
2010-02-03A,1.46259462833405,1.49008925757333,1.46020382198824,1.46737641548211,0,0.92489201285464
2010-02-03C,1.46737641548211,1.50861836424429,1.44526120477036,1.50383675098419,1,0.9171721854344007
2010-02-04A,1.50383675098419,1.50861836424429,1.44526120477036,1.49128462595288,0,0.9171721854344007
2010-02-04C,1.49128462595288,1.50682508133806,1.48351454076529,1.49666404724121,1,0.8973929876391755
2010-02-05A,1.49666404724121,1.50682508133806,1.48351454076529,1.46438786759522,0,0.8973929876391755
2010-02-05C,1.46438786759522,1.47335342762361,1.45661763956795,1.46379005908966,0,0.8973929876391755
2010-02-08A,1.46379005908966,1.47335342762361,1.45661763956795,1.4602038769736,0,0.8973929876391755
2010-02-08C,1.4602038769736,1.47156024317008,1.45601993008464,1.46498548984528,0,0.8973929876391755
2010-02-09A,1.46498548984528,1.47156024317008,1.45601993008464,1.46378996856853,0,0.8973929876391755
2010-02-09C,1.46378996856853,1.47933042366205,1.45841068988616,1.47275567054749,0,0.8973929876391755
2010-02-10A,1.47275567054749,1.47933042366205,1.45841068988616,1.47992854359673,1,0.9028294878879793
2010-02-10C,1.47992854359673,1.49128491182014,1.47634226205038,1.48889410495758,1,0.9028293168170739
2010-02-11A,1.48889410495758,1.49128491182014,1.47634226205038,1.48889382283735,1,0.9035542237049758
2010-02-11C,1.48889382283735,1.49606638457097,1.48231906958486,1.49008929729462,1,0.9046415559686922
2010-02-12A,1.49008929729462,1.49606638457097,1.48231906958486,1.49188246269218,1,0.9129775964668746
2010-02-12C,1.49188246269218,1.5068251098806,1.49188246269218,1.50562977790833,1,0.913702509242462
2010-02-22A,1.50562977790833,1.5068251098806,1.49188246269218,1.50682526207523,1,0.9100781471994202
2010-02-22C,1.50682526207523,1.51340015860682,1.50025050804865,1.50084817409515,1,0.9079034585820739
2010-02-23A,1.50084817409515,1.51340015860682,1.50025050804865,1.49726180357234,1,0.9021044629284319
2010-02-23C,1.49726180357234,1.49726180357234,1.47335331284746,1.48769843578339,1,0.8966679290874527
2010-02-24A,1.48769843578339,1.49726180357234,1.47335331284746,1.47873281902427,0,0.8966679290874527
2010-02-24C,1.47873281902427,1.50981373050029,1.47156025714365,1.50742292404175,1,0.8995121800503206
2010-02-25A,1.50742292404175,1.50981373050029,1.47156025714365,1.51220450367014,1,0.9084006743347954
2010-02-25C,1.51220450367014,1.52774495906605,1.50981369726423,1.52714729309082,1,0.9034231657184048
2010-02-26A,1.52714729309082,1.52774495906605,1.50981369726423,1.51877941201739,1,0.9016455175401416
2010-02-26C,1.51877941201739,1.53073373027776,1.51340013268099,1.51579093933105,1,0.9020008438960881
2010-03-01A,1.51579093933105,1.53073373027776,1.51340013268099,1.51638829212699,1,0.9140892050324393
2010-03-01C,1.51638829212699,1.54089444711676,1.51638829212699,1.53671050071716,1,0.9158668351884508
2010-03-02A,1.53671050071716,1.54089444711676,1.51638829212699,1.5396989431056,1,0.9087560745474137
2010-03-02C,1.5396989431056,1.54627369553466,1.52296315782982,1.52774477005005,1,0.9076894694719683
2010-03-03A,1.52774477005005,1.54627369553466,1.52296315782982,1.52595165925678,1,0.9140892050324393
2010-03-03C,1.52595165925678,1.53910130687336,1.52176771285718,1.53671050071716,1,0.9123116499102781
2010-03-04A,1.53671050071716,1.53910130687336,1.52176771285718,1.53372218447101,1,0.8934681217062942
2010-03-04C,1.53372218447101,1.54209007889786,1.50025046425858,1.50204360485077,0,0.8934681217062942
2010-03-05A,1.50204360485077,1.54209007889786,1.50025046425858,1.50323890177969,0,0.8934681217062942
2010-03-05C,1.50323890177969,1.51459526751488,1.50025028697753,1.50622737407684,0,0.8934681217062942
2010-03-08A,1.50622737407684,1.51459526751488,1.50025028697753,1.50622735054541,0,0.8934681217062942
2010-03-08C,1.50622735054541,1.52714722631868,1.50562968459632,1.52117013931274,1,0.8906595723190207
2010-03-09A,1.52117013931274,1.52714722631868,1.50562968459632,1.51638845616265,1,0.898032052516926
2010-03-09C,1.51638845616265,1.54089461380338,1.50861822843571,1.52894043922424,1,0.8980320099023353
2010-03-10A,1.52894043922424,1.54089461380338,1.50861822843571,1.52894036667096,1,0.8934681217062942
2010-03-10C,1.52894036667096,1.54029673222874,1.516388384205,1.52117013931274,1,0.8924149459824748
2010-03-11A,1.52117013931274,1.54029673222874,1.516388384205,1.51937705971247,1,0.8959256229120226
2010-03-11C,1.51937705971247,1.53252656614831,1.51041135759258,1.5253541469574,1,0.8952235380226288
2010-03-12A,1.5253541469574,1.53252656614831,1.51041135759258,1.52415881548103,1,0.882234040534935
2010-03-12C,1.52415881548103,1.5277450966654,1.50084813028764,1.50204360485077,0,0.882234040534935
2010-03-15A,1.50204360485077,1.5277450966654,1.50084813028764,1.50025012322333,0,0.882234040534935
2010-03-15C,1.50025012322333,1.5020432634079,1.47574411154251,1.48530733585358,0,0.882234040534935
2010-03-16A,1.48530733585358,1.5020432634079,1.47574411154251,1.48530753057967,0,0.882234040534935
2010-03-16C,1.48530753057967,1.48769847947587,1.47454883056675,1.48650300502777,0,0.882234040534935
2010-03-17A,1.48650300502777,1.48769847947587,1.47454883056675,1.49068710236063,0,0.882234040534935
2010-03-17C,1.49068710236063,1.51220464706421,1.4871008211592,1.51220464706421,1,0.8839775240695492
2010-03-18A,1.51220464706421,1.51220464706421,1.4871008211592,1.51519308752557,1,0.8808391204849267
2010-03-18C,1.51519308752557,1.51638841945154,1.50025029841091,1.50981366634369,1,0.880839093299921
2010-03-19A,1.50981366634369,1.51638841945154,1.50025029841091,1.50981361974688,1,0.8853723150693409
2010-03-19C,1.50981361974688,1.51818151299044,1.49785944582609,1.5175838470459,1,0.8853723760097177
2010-03-22A,1.5175838470459,1.51818151299044,1.49785944582609,1.51758395150154,1,0.8871158781971131
2010-03-22C,1.51758395150154,1.5247565133497,1.5098137236677,1.52057242393494,1,0.885721026190745
2010-03-23A,1.52057242393494,1.5247565133497,1.5098137236677,1.5181815598455,1,0.8808391204849267
2010-03-23C,1.5181815598455,1.52654945334731,1.5092160003807,1.50981366634369,0,0.8808391204849267
2010-03-24A,1.50981366634369,1.52654945334731,1.5092160003807,1.5104113380416,0,0.8808391204849267
2010-03-24C,1.5104113380416,1.52117018044621,1.50742286571032,1.51160681247711,0,0.8808391204849267
2010-03-25A,1.51160681247711,1.52117018044621,1.50742286571032,1.50802081678693,0,0.8808391204849267
2010-03-25C,1.50802081678693,1.50861848286518,1.4918826926339,1.49546897411346,0,0.8808391204849267
2010-03-26A,1.49546897411346,1.50861848286518,1.4918826926339,1.4924800790393,0,0.8808391204849267
2010-03-26C,1.4924800790393,1.5301357425085,1.49188241307304,1.51997470855713,1,0.8832637793928532
2010-03-29A,1.51997470855713,1.5301357425085,1.49188241307304,1.52415869645142,1,0.9016218019801165
2010-03-29C,1.52415869645142,1.55822822253725,1.52415869645142,1.55583727359772,1,0.9012753952097468
2010-03-30A,1.55583727359772,1.55822822253725,1.52415869645142,1.55523951457727,1,0.9019681834591753
2010-03-30C,1.55523951457727,1.55703265492215,1.54627381285288,1.55643498897552,1,0.9012754819145137
2010-03-31A,1.55643498897552,1.55703265492215,1.54627381285288,1.55523966419489,1,0.8943479290855216
2010-03-31C,1.55523966419489,1.55523966419489,1.53910154204344,1.54328548908234,1,0.89400134866613
2010-04-01A,1.54328548908234,1.55523966419489,1.53910154204344,1.54268743041339,1,0.9047390280430924
2010-04-01C,1.54268743041339,1.56360716028309,1.54268743041339,1.56121635437012,1,0.9057783492144801
2010-04-02A,1.56121635437012,1.56360716028309,1.54268743041339,1.56300980547582,1,0.9092421254366401
2010-04-02C,1.56300980547582,1.57197550756488,1.56061899908707,1.5689868927002,1,0.9082030479327496
2010-04-06A,1.5689868927002,1.57197550756488,1.56061899908707,1.56719386206678,1,0.9120131772691435
2010-04-06C,1.56719386206678,1.58691826553943,1.56719386206678,1.57376861572266,1,0.9109740600598998
2010-04-07A,1.57376861572266,1.58691826553943,1.56719386206678,1.57197551657374,1,0.9064711426869948
2010-04-07C,1.57197551657374,1.57556165492491,1.55583725272095,1.56420528888702,1,0.905432145512947
2010-04-08A,1.56420528888702,1.57556165492491,1.55583725272095,1.56241239687066,1,0.8946943796474444
2010-04-08C,1.56241239687066,1.56301006294004,1.54209018295625,1.54388332366943,0,0.8946943796474444
2010-04-09A,1.54388332366943,1.56301006294004,1.54209018295625,1.54328521653001,0,0.8946943796474444
2010-04-09C,1.54328521653001,1.55703252973209,1.54208974222788,1.55464172363281,1,0.8977901943587041
2010-04-12A,1.55464172363281,1.55703252973209,1.54208974222788,1.56002108314176,1,0.8836870142326325
2010-04-12C,1.56002108314176,1.56002108314176,1.53252645530275,1.53551506996155,0,0.8836870142326325
2010-04-13A,1.53551506996155,1.56002108314176,1.53252645530275,1.53551487016951,0,0.8836870142326325
2010-04-13C,1.53551487016951,1.56420496864006,1.53372173010854,1.56121635437012,1,0.8836870142326325
2010-04-14A,1.56121635437012,1.56420496864006,1.53372173010854,1.56121635437012,1,0.8836870142326325
2010-04-14C,1.56121635437012,1.56540030034406,1.55583693418721,1.56121635437012,1,0.8853786437197974
2010-04-15A,1.56121635437012,1.56540030034406,1.55583693418721,1.56420496864006,1,0.8836870142326326
2010-04-15C,1.56420496864006,1.57197519473594,1.55344612827424,1.56121635437012,1,0.8830105245868368
2010-04-16A,1.56121635437012,1.57197519473594,1.55344612827424,1.5600211951321,1,0.8718460258336824
2010-04-16C,1.5600211951321,1.5600211951321,1.53910146103867,1.54029679298401,0,0.8718460258336824
2010-04-19A,1.54029679298401,1.5600211951321,1.53910146103867,1.52595191630874,0,0.8718460258336824
2010-04-19C,1.52595191630874,1.52894053138617,1.46020395216032,1.46618103981018,0,0.8718460258336824
2010-04-20A,1.46618103981018,1.52894053138617,1.46020395216032,1.46618109864711,0,0.8718460258336824
2010-04-20C,1.46618109864711,1.47275585257429,1.45123830767032,1.46199715137482,0,0.8718460258336824
2010-04-21A,1.46199715137482,1.47275585257429,1.45123830767032,1.46259460747455,0,0.8718460258336824
2010-04-21C,1.46259460747455,1.48590528964996,1.45422671413106,1.48590528964996,0,0.8718460258336824
2010-04-22A,1.48590528964996,1.48590528964996,1.45422671413106,1.47693977181275,0,0.8718460258336824
2010-04-22C,1.47693977181275,1.47693977181275,1.44944513954094,1.4530314207077,0,0.8718460258336824
2010-04-23A,1.4530314207077,1.47693977181275,1.44944513954094,1.45243349287769,0,0.8718460258336824
2010-04-23C,1.45243349287769,1.4673761383724,1.44167465131672,1.44585859775543,0,0.8718460258336824
2010-04-26A,1.44585859775543,1.4673761383724,1.44167465131672,1.44645641157142,0,0.8718460258336824
2010-04-26C,1.44645641157142,1.4530311642132,1.43270909786224,1.43270909786224,0,0.8718460258336824
2010-04-27A,1.43270909786224,1.4530311642132,1.43270909786224,1.43211165630947,0,0.8718460258336824
2010-04-27C,1.43211165630947,1.43211165630947,1.39385831999543,1.40401935577393,0,0.8718460258336824
2010-04-28A,1.40401935577393,1.43211165630947,1.39385831999543,1.39863958317171,0,0.8718460258336824
2010-04-28C,1.39863958317171,1.4147778456642,1.38668540966207,1.40581214427948,0,0.8718460258336824
2010-04-29A,1.40581214427948,1.4147778456642,1.38668540966207,1.40880063558166,0,0.8718460258336824
2010-04-29C,1.40880063558166,1.42254794816478,1.39744412899017,1.39744412899017,0,0.8718460258336824
2010-04-30A,1.39744412899017,1.42254794816478,1.39744412899017,1.39445571733271,0,0.8718460258336824
2010-04-30C,1.39445571733271,1.42195034649582,1.37951307083406,1.40880084037781,0,0.8718460258336824
2010-05-04A,1.40880084037781,1.42195034649582,1.37951307083406,1.38489259376632,0,0.8718460258336824
2010-05-04C,1.38489259376632,1.39684677007596,1.38011098024447,1.38847887516022,0,0.8718460258336824
2010-05-05A,1.38847887516022,1.39684677007596,1.38011098024447,1.38429481071806,0,0.8718460258336824
2010-05-05C,1.38429481071806,1.39744446054942,1.36158193465118,1.39684665203094,0,0.8718460258336824
2010-05-06A,1.39684665203094,1.39744446054942,1.36158193465118,1.38130616259054,0,0.8718460258336824
2010-05-06C,1.38130616259054,1.38967405573562,1.33169618464758,1.33408713340759,0,0.8718460258336824
2010-05-07A,1.33408713340759,1.38967405573562,1.33169618464758,1.26714334227021,0,0.8718460258336824
2010-05-07C,1.26714334227021,1.32930514921379,1.26714334227021,1.31555783748627,0,0.8718460258336824
2010-05-10A,1.31555783748627,1.32930514921379,1.26714334227021,1.31555809897937,0,0.8718460258336824
2010-05-10C,1.31555809897937,1.32870774748618,1.3000176441545,1.32273066043854,0,0.8718460258336824
2010-05-11A,1.32273066043854,1.32870774748618,1.3000176441545,1.35261611418163,0,0.8718460258336824
2010-05-11C,1.35261611418163,1.35381158860952,1.29702918962759,1.30599474906921,0,0.8718460258336824
2010-05-12A,1.30599474906921,1.35381158860952,1.29702918962759,1.29105218123014,0,0.8718460258336824
2010-05-12C,1.29105218123014,1.32452389969705,1.28567275973411,1.32392609119415,0,0.8718460258336824
2010-05-13A,1.32392609119415,1.32452389969705,1.28567275973411,1.32033989327466,0,0.8718460258336824
2010-05-13C,1.32033989327466,1.3508229953701,1.30958105076686,1.35022532939911,1,0.8664427699426238
2010-05-14A,1.35022532939911,1.3508229953701,1.30958105076686,1.34185732318109,1,0.8633552629172248
2010-05-14C,1.34185732318109,1.34484593811263,1.33289176339648,1.33707571029663,1,0.8552505122183063
2010-05-17A,1.33707571029663,1.34484593811263,1.33289176339648,1.32452390715951,0,0.8552505122183063
2010-05-17C,1.32452390715951,1.32452390715951,1.27610939843254,1.28029334545136,0,0.8552505122183063
2010-05-18A,1.28029334545136,1.32452390715951,1.27610939843254,1.28746582171953,0,0.8552505122183063
2010-05-18C,1.28746582171953,1.30778788945854,1.27312084110994,1.30599474906921,0,0.8552505122183063
2010-05-19A,1.30599474906921,1.30778788945854,1.27312084110994,1.29941997022443,0,0.8552505122183063
2010-05-19C,1.29941997022443,1.3149604249539,1.27790242848401,1.29045426845551,0,0.8552505122183063
2010-05-20A,1.29045426845551,1.3149604249539,1.27790242848401,1.28507499291591,0,0.8552505122183063
2010-05-20C,1.28507499291591,1.30898334101583,1.28208637815092,1.28387951850891,0,0.8552505122183063
2010-05-21A,1.28387951850891,1.30898334101583,1.28208637815092,1.26475280259079,0,0.8552505122183063
2010-05-21C,1.26475280259079,1.29941999337493,1.2402467881608,1.2976268529892,1,0.8572203777667718
2010-05-24A,1.2976268529892,1.29941999337493,1.2402467881608,1.30061562691678,1,0.8844023646138625
2010-05-24C,1.30061562691678,1.34484604849593,1.30061562691678,1.34185743331909,1,0.8769173436105963
2010-05-25A,1.34185743331909,1.34484604849593,1.30061562691678,1.33050080258895,1,0.8643111392198248
2010-05-25C,1.33050080258895,1.33229394283884,1.30479931568061,1.31137406826019,1,0.8650991757410452
2010-05-26A,1.31137406826019,1.33229394283884,1.30479931568061,1.31256971484147,1,0.8603718249933091
2010-05-26C,1.31256971484147,1.32033994277564,1.30300634642211,1.3053971529007,1,0.8603717162996578
2010-05-27A,1.3053971529007,1.32033994277564,1.30300634642211,1.30539698798551,1,0.8753415019040445
2010-05-27C,1.30539698798551,1.33229394936043,1.28925886816255,1.32810986042023,1,0.8804628553776825
2010-05-28A,1.32810986042023,1.33229394936043,1.28925886816255,1.33588022208164,1,0.8733719233602165
2010-05-28C,1.33588022208164,1.34484592427903,1.31675362823553,1.32512152194977,1,0.8666747884278826
2010-05-31A,1.32512152194977,1.34484592427903,1.31675362823553,1.31496030953056,1,0.8517049094200245
2010-05-31C,1.31496030953056,1.32930528859668,1.29105196358537,1.29224729537964,0,0.8517049094200245
2010-06-01A,1.29224729537964,1.32930528859668,1.29105196358537,1.28746592807648,0,0.8517049094200245
2010-06-01C,1.28746592807648,1.30838566350509,1.26893685669112,1.27909803390503,0,0.8517049094200245
2010-06-02A,1.27909803390503,1.30838566350509,1.26893685669112,1.27909783907538,0,0.8517049094200245
2010-06-02C,1.27909783907538,1.27969550499516,1.26116643643212,1.27790236473084,0,0.8517049094200245
2010-06-03A,1.27790236473084,1.27969550499516,1.26116643643212,1.27371848783782,0,0.8517049094200245
2010-06-03C,1.27371848783782,1.30001764230912,1.27371848783782,1.27730476856232,0,0.8517049094200245
2010-06-04A,1.27730476856232,1.30001764230912,1.27371848783782,1.27610902972807,0,0.8517049094200245
2010-06-04C,1.27610902972807,1.27730450389018,1.26415485812679,1.27670669555664,0,0.8517049094200245
2010-06-07A,1.27670669555664,1.27730450389018,1.26415485812679,1.26415501151058,0,0.8517049094200245
2010-06-07C,1.26415501151058,1.26415501151058,1.24144199720934,1.24383294582367,0,0.8517049094200245
2010-06-08A,1.24383294582367,1.26415501151058,1.24144199720934,1.2420399100918,0,0.8517049094200245
2010-06-08C,1.2420399100918,1.25518941605179,1.24024676973272,1.24682152271271,0,0.8517049094200245
2010-06-09A,1.24682152271271,1.25518941605179,1.24024676973272,1.25459174368343,0,0.8517049094200245
2010-06-09C,1.25459174368343,1.28627031902363,1.24323523563563,1.28208637237549,1,0.8485284985336619
2010-06-10A,1.28208637237549,1.28627031902363,1.24323523563563,1.27730486522973,1,0.8437636820648421
2010-06-10C,1.27730486522973,1.27909800572768,1.26714368823966,1.27013230323792,1,0.8485285790407798
2010-06-11A,1.27013230323792,1.27909800572768,1.26714368823966,1.27730498641851,1,0.849322652082434
2010-06-11C,1.27730498641851,1.28089112524966,1.27371870508235,1.27850031852722,1,0.8521020124314886
2010-06-17A,1.27850031852722,1.28089112524966,1.27371870508235,1.28268413851937,1,0.8425724742039238
2010-06-17C,1.28268413851937,1.28507508750936,1.2671436826095,1.26833915710449,0,0.8425724742039238
2010-06-18A,1.26833915710449,1.28507508750936,1.2671436826095,1.26176431429207,0,0.8425724742039238
2010-06-18C,1.26176431429207,1.27192534801243,1.25160328057171,1.25518941879272,0,0.8425724742039238
2010-06-21A,1.25518941879272,1.27192534801243,1.25160328057171,1.25518960014054,0,0.8425724742039238
2010-06-21C,1.25518960014054,1.28567284821078,1.25040798681835,1.28328204154968,1,0.8410025348463248
2010-06-22A,1.28328204154968,1.28567284821078,1.25040798681835,1.28089094161987,1,0.8410025348463248
2010-06-22C,1.28089094161987,1.28567269688425,1.27491385441815,1.28089094161987,1,0.839432700142977
2010-06-23A,1.28089094161987,1.28567269688425,1.27491385441815,1.27850000108397,1,0.833153620758182
2010-06-23C,1.27850000108397,1.28148861562373,1.26176421567727,1.26893663406372,1,0.8359006949475908
2010-06-24A,1.26893663406372,1.28148861562373,1.26176421567727,1.27312057204176,1,0.8362931081234539
2010-06-24C,1.27312057204176,1.28507474377413,1.26236173197965,1.27371823787689,1,0.8339386747558163
2010-06-25A,1.27371823787689,1.28507474377413,1.26236173197965,1.27013231245063,1,0.8307991813416915
2010-06-25C,1.27013231245063,1.28148882151837,1.26056894389385,1.26535069942474,0,0.8307991813416915
2010-06-28A,1.26535069942474,1.28148882151837,1.26056894389385,1.26056878743371,0,0.8307991813416915
2010-06-28C,1.26056878743371,1.2689366804429,1.25758031528971,1.26116645336151,0,0.8307991813416915
2010-06-29A,1.26116645336151,1.2689366804429,1.25758031528971,1.26415511262404,0,0.8307991813416915
2010-06-29C,1.26415511262404,1.26535058702682,1.20139562783025,1.20797038078308,0,0.8307991813416915
2010-06-30A,1.20797038078308,1.26535058702682,1.20139562783025,1.20139565005038,0,0.8307991813416915
2010-06-30C,1.20139565005038,1.20318879043523,1.19183228216621,1.19243001937866,0,0.8307991813416915
2010-07-01A,1.19243001937866,1.20318879043523,1.19183228216621,1.18525748132896,0,0.8307991813416915
2010-07-01C,1.18525748132896,1.19840712945292,1.17629185101854,1.17748725414276,0,0.8307991813416915
2010-07-02A,1.17748725414276,1.19840712945292,1.17629185101854,1.18286669254303,0,0.8307991813416915
2010-07-02C,1.18286669254303,1.19183232352588,1.15836060602224,1.18286669254303,0,0.8307991813416915
2010-07-05A,1.18286669254303,1.19183232352588,1.15836060602224,1.17629195312851,0,0.8307991813416915
2010-07-05C,1.17629195312851,1.19482088129367,1.15895835693885,1.17210793495178,0,0.8307991813416915
2010-07-06A,1.17210793495178,1.19482088129367,1.15895835693885,1.16852159843144,0,0.8307991813416915
2010-07-06C,1.16852159843144,1.19960243524813,1.16792386125607,1.19900476932526,0,0.8307991813416915
2010-07-07A,1.19900476932526,1.19960243524813,1.16792386125607,1.200200101171,0,0.8307991813416915
2010-07-07C,1.200200101171,1.200200101171,1.17868263164521,1.19900476932526,0,0.8307991813416915
2010-07-08A,1.19900476932526,1.200200101171,1.17868263164521,1.20139557552173,0,0.8307991813416915
2010-07-08C,1.20139557552173,1.20916580253903,1.1924299454062,1.19900476932526,0,0.8307991813416915
2010-07-09A,1.19900476932526,1.20916580253903,1.1924299454062,1.20079794164418,1,0.8518896029891041
2010-07-09C,1.20079794164418,1.23486732274192,1.19003917096792,1.231281042099,1,0.853543754218886
2010-07-12A,1.231281042099,1.23486732274192,1.19003917096792,1.23367187424773,1,0.8626416355532575
2010-07-12C,1.23367187424773,1.25578722450815,1.22649945531637,1.24682152271271,1,0.8618145919296039
2010-07-13A,1.24682152271271,1.25578722450815,1.22649945531637,1.24562615287697,1,0.8494083456717644
2010-07-13C,1.24562615287697,1.24562615287697,1.22171766298555,1.22769474983215,1,0.8510627617051874
2010-07-14A,1.22769474983215,1.24562615287697,1.22171766298555,1.23008596471557,1,0.8556116539203904
2010-07-14C,1.23008596471557,1.24921256125994,1.23008596471557,1.23666071891785,1,0.8514761642874895
2010-07-15A,1.23666071891785,1.24921256125994,1.23008596471557,1.23068347730471,1,0.8320398743609683
2010-07-15C,1.23068347730471,1.24263765209357,1.20199337230845,1.20259118080139,0,0.8320398743609683
2010-07-16A,1.20259118080139,1.24263765209357,1.20199337230845,1.19960261141979,0,0.8320398743609683
2010-07-16C,1.19960261141979,1.21036145464145,1.1834644890923,1.20976364612579,0,0.8320398743609683
2010-07-19A,1.20976364612579,1.21036145464145,1.1834644890923,1.20139585614148,0,0.8320398743609683
2010-07-19C,1.20139585614148,1.24323547312013,1.19661424263164,1.23666071891785,1,0.8304311051252008
2010-07-20A,1.23666071891785,1.24323547312013,1.19661424263164,1.23426960548569,1,0.8473212510731549
2010-07-20C,1.23426960548569,1.26056875826532,1.23426960548569,1.25937342643738,1,0.8445061332618234
2010-07-21A,1.25937342643738,1.26056875826532,1.23426960548569,1.25518931732954,1,0.8481254707379412
2010-07-21C,1.25518931732954,1.27013210497834,1.25339617711148,1.2605687379837,1,0.8445061105254552
2010-07-22A,1.2605687379837,1.27013210497834,1.25339617711148,1.25518928353648,1,0.8557662392994498
2010-07-22C,1.25518928353648,1.27491368289907,1.24921219713888,1.27192521095276,1,0.8557664771125038
2010-07-23A,1.27192521095276,1.27491368289907,1.24921219713888,1.27192556441426,1,0.8601900489963819
2010-07-23C,1.27192556441426,1.28447740658583,1.2683392830781,1.27850031852722,1,0.8593856259327223
2010-07-26A,1.27850031852722,1.28447740658583,1.2683392830781,1.27730470466919,1,0.8609941884557626
2010-07-26C,1.27730470466919,1.28387945733188,1.26415505683881,1.27969551086426,1,0.8597877640882968
2010-07-27A,1.27969551086426,1.28387945733188,1.26415505683881,1.27790240253909,1,0.8577769889749558
2010-07-27C,1.27790240253909,1.2808908747314,1.26953450939465,1.2749137878418,1,0.8565707191258358
2010-07-28A,1.2749137878418,1.2808908747314,1.26953450939465,1.27312090917722,1,0.8782865554596916
2010-07-28C,1.27312090917722,1.30719029338589,1.26594834723644,1.3053971529007,1,0.8778843314035281
2010-07-29A,1.3053971529007,1.30719029338589,1.26594834723644,1.30479932735677,1,0.8847207940104806
2010-07-29C,1.30479932735677,1.32213277908577,1.30300618709084,1.31496036052704,1,0.8843186127817393
2010-07-30A,1.31496036052704,1.32213277908577,1.30300618709084,1.3143625986375,1,0.8794929250595803
2010-07-30C,1.3143625986375,1.3143625986375,1.29463819751892,1.30719017982483,1,0.879895010900273
2010-08-02A,1.30719017982483,1.3143625986375,1.29463819751892,1.30778779993913,1,0.8947743819771788
2010-08-02C,1.30778779993913,1.33827104196603,1.30061538137779,1.32990300655365,1,0.895980944801796
2010-08-03A,1.32990300655365,1.33827104196603,1.30061538137779,1.33169632066766,1,0.8806994550702931
2010-08-03C,1.33169632066766,1.33289179516978,1.30778797066543,1.30898344516754,1,0.8782863219097613
2010-08-04A,1.30898344516754,1.33289179516978,1.30778797066543,1.30539680577548,1,0.8851227835347587
2010-08-04C,1.30539680577548,1.32392572918868,1.28627007402285,1.31555783748627,1,0.883916563706744
2010-08-05A,1.31555783748627,1.32392572918868,1.28627007402285,1.31376503316805,1,0.87024363696308
2010-08-05C,1.31376503316805,1.31376503316805,1.28567273670046,1.29344296455383,0,0.87024363696308
2010-08-06A,1.29344296455383,1.31376503316805,1.28567273670046,1.29045420522933,0,0.87024363696308
2010-08-06C,1.29045420522933,1.31555802644735,1.27969550613875,1.31496036052704,1,0.8722214008774819
2010-08-09A,1.31496036052704,1.31555802644735,1.27969550613875,1.31794881231164,1,0.8710346967536251
2010-08-09C,1.31794881231164,1.32033976096601,1.30599463905977,1.31615567207336,1,0.871034636357366
2010-08-10A,1.31615567207336,1.32033976096601,1.30599463905977,1.31615558081307,1,0.8480919116105444
2010-08-10C,1.31615558081307,1.32213266702457,1.28089072941376,1.28148853778839,0,0.8480919116105444
2010-08-11A,1.28148853778839,1.32213266702457,1.28089072941376,1.27909771769063,0,0.8480919116105444
2010-08-11C,1.27909771769063,1.29164955584478,1.27909771769063,1.28447699546814,0,0.8480919116105444
2010-08-12A,1.28447699546814,1.29164955584478,1.27909771769063,1.27670686086111,0,0.8480919116105444
2010-08-12C,1.27670686086111,1.2844770876585,1.2677413022518,1.26893663406372,0,0.8480919116105444
2010-08-13A,1.26893663406372,1.2844770876585,1.2677413022518,1.26893654298874,0,0.8480919116105444
2010-08-13C,1.26893654298874,1.28806327565646,1.26594807116845,1.28447699546814,0,0.8480919116105444
2010-08-16A,1.28447699546814,1.28806327565646,1.26594807116845,1.28507515451271,0,0.8480919116105444
2010-08-16C,1.28507515451271,1.31615592544798,1.27790259217879,1.31316745281219,1,0.8500218267874171
2010-08-17A,1.31316745281219,1.31615592544798,1.27790259217879,1.31615569236767,1,0.849249837454634
2010-08-17C,1.31615569236767,1.32033978132483,1.30778779946332,1.31496036052704,1,0.8488638166142936
2010-08-18A,1.31496036052704,1.32033978132483,1.30778779946332,1.31436265407954,1,0.8457756749736256
2010-08-18C,1.31436265407954,1.32153521569975,1.30659256899764,1.30958104133606,1,0.8465476776667189
2010-08-19A,1.30958104133606,1.32153521569975,1.30659256899764,1.31077639386351,1,0.850021813680604
2010-08-19C,1.31077639386351,1.32392589893758,1.30539697314867,1.31615567207336,1,0.8446176425357873
2010-08-20A,1.31615567207336,1.32392589893758,1.30539697314867,1.30778796857372,1,0.8399854298351928
2010-08-20C,1.30778796857372,1.31735133706032,1.29404065309392,1.30061554908752,0,0.8399854298351928
2010-08-23A,1.30061554908752,1.31735133706032,1.29404065309392,1.28985666659645,0,0.8399854298351928
2010-08-23C,1.28985666659645,1.30240850719162,1.2850750537521,1.28806352615356,0,0.8399854298351928
2010-08-24A,1.28806352615356,1.30240850719162,1.2850750537521,1.28806349394624,0,0.8399854298351928
2010-08-24C,1.28806349394624,1.3059947554217,1.27790246002731,1.29284524917603,0,0.8399854298351928
2010-08-25A,1.29284524917603,1.3059947554217,1.27790246002731,1.28985663272187,0,0.8399854298351928
2010-08-25C,1.28985663272187,1.29224743908126,1.25997119696703,1.26236200332642,0,0.8399854298351928
2010-08-26A,1.26236200332642,1.29224743908126,1.25997119696703,1.26295967502222,0,0.8399854298351928
2010-08-26C,1.26295967502222,1.2743161834121,1.26295967502222,1.26415514945984,0,0.8399854298351928
2010-08-27A,1.26415514945984,1.2743161834121,1.26295967502222,1.26355738195305,0,0.8399854298351928
2010-08-27C,1.26355738195305,1.27132760891065,1.25578715499544,1.26953446865082,0,0.8399854298351928
2010-08-30A,1.26953446865082,1.27132760891065,1.25578715499544,1.27551168555839,0,0.8399854298351928
2010-08-30C,1.27551168555839,1.29224747301862,1.27551168555839,1.28806352615356,1,0.8380365183373378
2010-08-31A,1.28806352615356,1.29224747301862,1.27551168555839,1.28507499596372,0,0.8380365183373378
2010-08-31C,1.28507499596372,1.28627032786855,1.27431615379024,1.27730476856232,0,0.8380365183373378
2010-09-01A,1.27730476856232,1.28627032786855,1.27431615379024,1.27850009468245,0,0.8380365183373378
2010-09-01C,1.27850009468245,1.29941997047735,1.27072986731621,1.27551162242889,0,0.8380365183373378
2010-09-02A,1.27551162242889,1.29941997047735,1.27072986731621,1.28985659672091,1,0.8372598031540348
2010-09-02C,1.28985659672091,1.28985659672091,1.27969556309837,1.28866112232208,1,0.8353180460967315
2010-09-03A,1.28866112232208,1.28985659672091,1.27969556309837,1.28567248388594,1,0.8325996821875841
2010-09-03C,1.28567248388594,1.28925876411383,1.27491364320226,1.28148853778839,0,0.8325996821875841
2010-09-06A,1.28148853778839,1.28925876411383,1.27491364320226,1.28866105343167,1,0.8472744866114383
2010-09-06C,1.28866105343167,1.31436254034001,1.28507491543689,1.31137406826019,1,0.8492054021122636
2010-09-07A,1.31137406826019,1.31436254034001,1.28507491543689,1.31436265407954,1,0.8461160177935836
2010-09-07C,1.31436265407954,1.31735126892296,1.30360395415421,1.30958104133606,1,0.8422542471237858
2010-09-08A,1.30958104133606,1.31735126892296,1.30360395415421,1.30360396307634,1,0.8430266392447475
2010-09-08C,1.30360396307634,1.30659257794021,1.29702920988281,1.30479943752289,1,0.8437989189439107
2010-09-09A,1.30479943752289,1.30659257794021,1.29702920988281,1.30599473796794,1,0.8318274398257952
2010-09-09C,1.30599473796794,1.30599473796794,1.28208638965351,1.28746581077576,0,0.8318274398257952
2010-09-10A,1.28746581077576,1.30599473796794,1.28208638965351,1.28806365487187,0,0.8318274398257952
2010-09-10C,1.28806365487187,1.29702935798224,1.2713278657392,1.28328204154968,0,0.8318274398257952
2010-09-13A,1.28328204154968,1.29702935798224,1.2713278657392,1.28268412175454,0,0.8318274398257952
2010-09-13C,1.28268412175454,1.29583377100756,1.27850017483426,1.29344296455383,1,0.8318273556387089
2010-09-14A,1.29344296455383,1.29583377100756,1.27850017483426,1.29344283364784,1,0.8295209790400425
2010-09-14C,1.29344283364784,1.30001758635643,1.28507494065417,1.2898565530777,0,0.8295209790400425
2010-09-15A,1.2898565530777,1.30001758635643,1.28507494065417,1.28866110193837,0,0.8295209790400425
2010-09-15C,1.28866110193837,1.28985657631829,1.27371845596687,1.2749137878418,0,0.8295209790400425
2010-09-16A,1.2749137878418,1.28985657631829,1.27371845596687,1.27252319854014,0,0.8295209790400425
2010-09-16C,1.27252319854014,1.27850028644878,1.23845381171142,1.24443089962006,0,0.8295209790400425
2010-09-17A,1.24443089962006,1.27850028644878,1.23845381171142,1.24921233788175,0,0.8295209790400425
2010-09-17C,1.24921233788175,1.25339628458096,1.24084444448333,1.24203991889954,0,0.8295209790400425
2010-09-20A,1.24203991889954,1.25339628458096,1.24084444448333,1.24622375193301,0,0.8295209790400425
2010-09-20C,1.24622375193301,1.2510053641517,1.23785585929782,1.24383294582367,0,0.8295209790400425
2010-09-21A,1.24383294582367,1.2510053641517,1.23785585929782,1.2486148469056,0,0.8295209790400425
2010-09-21C,1.2486148469056,1.24921251294496,1.24084461837387,1.24443089962006,0,0.8295209790400425
2010-09-27A,1.24443089962006,1.24921251294496,1.24084461837387,1.24502838507237,0,0.8295209790400425
2010-09-27C,1.24502838507237,1.25518941879272,1.2444307191197,1.25518941879272,0,0.8295209790400425
2010-09-28A,1.25518941879272,1.25518941879272,1.2444307191197,1.2551895952876,0,0.8295209790400425
2010-09-28C,1.2551895952876,1.2551895952876,1.24084461287149,1.24263775348663,0,0.8295209790400425
2010-09-29A,1.24263775348663,1.2551895952876,1.24084461287149,1.24323538129233,0,0.8295209790400425
2010-09-29C,1.24323538129233,1.25638503123066,1.242637715274,1.24562633037567,0,0.8295209790400425
2010-09-30A,1.24562633037567,1.25638503123066,1.242637715274,1.24263750150106,0,0.8295209790400425
2010-09-30C,1.24263750150106,1.27312074327196,1.24024669533403,1.2677413225174,1,0.8369518854368535
2010-10-08A,1.2677413225174,1.27312074327196,1.24024669533403,1.27909783710959,1,0.8549424405936394
2010-10-08C,1.27909783710959,1.31256955115059,1.27371841632487,1.30659246444702,1,0.8565068042849869
2010-10-11A,1.30659246444702,1.31256955115059,1.27371841632487,1.30898325207636,1,0.8799727211364272
2010-10-11C,1.30898325207636,1.35381147297034,1.30898325207636,1.34484577178955,1,0.8791905773481477
2010-10-12A,1.34484577178955,1.35381147297034,1.30898325207636,1.34365043613728,1,0.8889680903346506
2010-10-12C,1.34365043613728,1.36277717229364,1.33408721056409,1.35859322547913,1,0.8893590888625118
2010-10-13A,1.35859322547913,1.36277717229364,1.33408721056409,1.35919078118096,1,0.89561668547677
2010-10-13C,1.35919078118096,1.37234042903477,1.35082288823081,1.36875414848328,1,0.915562884403004
2010-10-14A,1.36875414848328,1.37234042903477,1.35082288823081,1.39923754943982,1,0.9081319817525522
2010-10-14C,1.39923754943982,1.40043288142263,1.37592686571501,1.38788104057312,1,0.9007009345439397
2010-10-15A,1.38788104057312,1.40043288142263,1.37592686571501,1.3765243107809,1,0.9445040155386816
2010-10-15C,1.3765243107809,1.44406540213968,1.37473117058948,1.4434677362442,1,0.9499795440184268
2010-10-18A,1.4434677362442,1.44406540213968,1.37473117058948,1.45183588351448,1,0.9425487345021766
2010-10-18C,1.45183588351448,1.48231912961179,1.43450242946464,1.44047951698303,1,0.942548545602098
2010-10-19A,1.44047951698303,1.48231912961179,1.43450242946464,1.44047922829059,1,0.956236949792839
2010-10-19C,1.44047922829059,1.46139895915985,1.42852505564958,1.46139895915985,1,0.9425485981787702
2010-10-20A,1.46139895915985,1.46139895915985,1.42852505564958,1.44047930864253,1,0.9581925428381276
2010-10-20C,1.44047930864253,1.47933030064046,1.43330674765584,1.46438765525818,1,0.9593658591221016
2010-10-21A,1.46438765525818,1.47933030064046,1.43330674765584,1.46618081248405,1,0.9472417365990139
2010-10-21C,1.46618081248405,1.47335323104881,1.43928385097747,1.44765174388886,1,0.9386377616931466
2010-10-22A,1.44765174388886,1.47335323104881,1.43928385097747,1.43450245074055,1,0.9370732923815251
2010-10-22C,1.43450245074055,1.44585881744043,1.42732988861009,1.43211150169373,1,0.9362911094671934
2010-10-25A,1.43211150169373,1.44585881744043,1.42732988861009,1.43091610624585,1,0.9585837238489434
2010-10-25C,1.43091610624585,1.46558315582798,1.42852529981002,1.46498548984528,1,0.9589748641957571
2010-10-26A,1.46498548984528,1.46558315582798,1.42852529981002,1.46558326228635,1,0.9507618196809646
2010-10-26C,1.46558326228635,1.47335349064599,1.44585885837418,1.4530314207077,1,0.9460685189275266
2010-10-27A,1.4530314207077,1.47335349064599,1.44585885837418,1.4458587373706,1,0.9452863775603132
2010-10-27C,1.4458587373706,1.46618094811314,1.44107712455177,1.4446634054184,1,0.9413753909883972
2010-10-28A,1.4446634054184,1.46618094811314,1.44107712455177,1.43868631814236,0,0.9413753909883972
2010-10-28C,1.43868631814236,1.45123815867054,1.43450237129963,1.4446634054184,1,0.9374806036848723
2010-10-29A,1.4446634054184,1.45123815867054,1.43450237129963,1.43868634595503,0,0.9374806036848723
2010-10-29C,1.43868634595503,1.45123818672587,1.43450239903142,1.4231458902359,0,0.9374806036848723
2010-11-01A,1.4231458902359,1.45123818672587,1.43450239903142,1.42374358695219,0,0.9374806036848723
2010-11-01C,1.42374358695219,1.46498553359578,1.42374358695219,1.46379005908966,1,0.9359492799529837
2010-11-02A,1.46379005908966,1.46498553359578,1.42374358695219,1.46139903740113,1,0.9325041349579459
2010-11-02C,1.46139903740113,1.47753715708,1.42254804549033,1.45601975917816,1,0.9302073198679254
2010-11-03A,1.45601975917816,1.47753715708,1.42254804549033,1.45243349287769,1,0.9259964450842733
2010-11-03C,1.45243349287769,1.46438766627545,1.44406545749527,1.44585859775543,0,0.9259964450842733
2010-11-04A,1.44585859775543,1.46438766627545,1.44406545749527,1.44585882779666,0,0.9259964450842733
2010-11-04C,1.44585882779666,1.47036498691458,1.44585882779666,1.46618103981018,1,0.9361886525317208
2010-11-05A,1.46618103981018,1.47036498691458,1.44585882779666,1.48231892175626,1,0.9354336264079571
2010-11-05C,1.48231892175626,1.49188228894569,1.47096241431226,1.48112344741821,1,0.9380760596061258
2010-11-08A,1.48112344741821,1.49188228894569,1.47096241431226,1.48530735705921,1,0.9467584548057213
2010-11-08C,1.48530735705921,1.5026409507542,1.47933027052697,1.49905467033386,1,0.9471360438162564
2010-11-09A,1.49905467033386,1.5026409507542,1.47933027052697,1.49965252775656,1,0.9376986222031327
2010-11-09C,1.49965252775656,1.49965252775656,1.47813498703619,1.48470973968506,1,0.9350563450182274
2010-11-10A,1.48470973968506,1.49965252775656,1.47813498703619,1.48052607706843,1,0.9275064422810549
2010-11-10C,1.48052607706843,1.48112374310428,1.46199714741205,1.46857190132141,0,0.9275064422810549
2010-11-11A,1.46857190132141,1.48112374310428,1.46199714741205,1.46677852547793,0,0.9275064422810549
2010-11-11C,1.46677852547793,1.49845710037767,1.46498538515295,1.47693955898285,0,0.9275064422810549
2010-11-12A,1.47693955898285,1.49845710037767,1.46498538515295,1.47574448962949,0,0.9275064422810549
2010-11-12C,1.47574448962949,1.4787329623661,1.40342162533926,1.40641009807587,0,0.9275064422810549
2010-11-15A,1.40641009807587,1.4787329623661,1.40342162533926,1.41418027877808,0,0.9275064422810549
2010-11-15C,1.41418027877808,1.41657108538736,1.38011089270706,1.41418027877808,0,0.9275064422810549
2010-11-16A,1.41418027877808,1.41657108538736,1.38011089270706,1.41119162130386,0,0.9275064422810549
2010-11-16C,1.41119162130386,1.41119162130386,1.35381155767177,1.3562023639679,0,0.9275064422810549
2010-11-17A,1.3562023639679,1.41119162130386,1.35381155767177,1.34962744531775,0,0.9275064422810549
2010-11-17C,1.34962744531775,1.3562023406503,1.33169618464758,1.33408713340759,0,0.9275064422810549
2010-11-18A,1.33408713340759,1.3562023406503,1.33169618464758,1.34305268674613,0,0.9275064422810549
2010-11-18C,1.34305268674613,1.35261605423032,1.332891653327,1.34723663330078,0,0.9275064422810549
2010-11-19A,1.34723663330078,1.35261605423032,1.332891653327,1.355006875048,0,0.9275064422810549
2010-11-19C,1.355006875048,1.35978863009402,1.31675354720483,1.35919082164764,0,0.9275064422810549
2010-11-22A,1.35919082164764,1.35978863009402,1.31675354720483,1.34902971224875,0,0.9275064422810549
2010-11-22C,1.34902971224875,1.35859307929794,1.33468473292746,1.34305262565613,0,0.9275064422810549
2010-11-23A,1.34305262565613,1.35859307929794,1.33468473292746,1.33886883698244,0,0.9275064422810549
2010-11-23C,1.33886883698244,1.33886883698244,1.30659259408182,1.32512152194977,0,0.9275064422810549
2010-11-24A,1.32512152194977,1.33886883698244,1.30659259408182,1.31197174639282,0,0.9275064422810549
2010-11-24C,1.31197174639282,1.33468476143286,1.31197174639282,1.32990300655365,0,0.9275064422810549
2010-11-25A,1.32990300655365,1.33468476143286,1.31197174639282,1.33229393264143,0,0.9275064422810549
2010-11-25C,1.33229393264143,1.3472365779361,1.32810984375374,1.34484577178955,0,0.9275064422810549
2010-11-26A,1.34484577178955,1.3472365779361,1.32810984375374,1.3424551373611,0,0.9275064422810549
2010-11-26C,1.3424551373611,1.35022536521004,1.33169629456795,1.33886885643005,0,0.9275064422810549
2010-11-29A,1.33886885643005,1.35022536521004,1.33169629456795,1.3328918751517,0,0.9275064422810549
2010-11-29C,1.3328918751517,1.33528268179439,1.32153536546768,1.32691478729248,0,0.9275064422810549
2010-11-30A,1.32691478729248,1.33528268179439,1.32153536546768,1.32691452208919,0,0.9275064422810549
2010-11-30C,1.32691452208919,1.33707555516853,1.28686805568677,1.31137406826019,0,0.9275064422810549
2010-12-01A,1.31137406826019,1.33707555516853,1.28686805568677,1.31077641407487,0,0.9275064422810549
2010-12-01C,1.31077641407487,1.32033978132483,1.29762676629305,1.31496036052704,0,0.9275064422810549
2010-12-02A,1.31496036052704,1.32033978132483,1.29762676629305,1.33109855380424,0,0.9275064422810549
2010-12-02C,1.33109855380424,1.34424820231105,1.32273066043854,1.32273066043854,0,0.9275064422810549
2010-12-03A,1.32273066043854,1.34424820231105,1.32273066043854,1.32332839055281,0,0.9275064422810549
2010-12-03C,1.32332839055281,1.32571919698679,1.31256969034743,1.3203399181366,0,0.9275064422810549
2010-12-06A,1.3203399181366,1.32571919698679,1.31256969034743,1.32213297673259,0,0.9275064422810549
2010-12-06C,1.32213297673259,1.3299032048782,1.31555822311131,1.32452392578125,0,0.9275064422810549
2010-12-07A,1.32452392578125,1.3299032048782,1.31555822311131,1.31555805855207,0,0.9275064422810549
2010-12-07C,1.31555805855207,1.33647793382845,1.30300621888924,1.33229398727417,1,0.9300031483976047
2010-12-08A,1.33229398727417,1.33647793382845,1.30300621888924,1.33588031982717,1,0.9175198959797701
2010-12-08C,1.33588031982717,1.33588031982717,1.31615591605468,1.31794905662537,0,0.9175198959797701
2010-12-09A,1.31794905662537,1.33588031982717,1.31615591605468,1.32093760304571,0,0.9175198959797701
2010-12-09C,1.32093760304571,1.32093760304571,1.30300634077647,1.30360400676727,0,0.9175198959797701
2010-12-10A,1.30360400676727,1.32093760304571,1.30300634077647,1.29822470002096,0,0.9175198959797701
2010-12-10C,1.29822470002096,1.31735143846648,1.29583389334152,1.31017887592316,0,0.9175198959797701
2010-12-13A,1.31017887592316,1.31735143846648,1.29583389334152,1.30958102543053,0,0.9175198959797701
2010-12-13C,1.30958102543053,1.35082296923586,1.30958102543053,1.34962749481201,1,0.9195516518216615
2010-12-14A,1.34962749481201,1.35082296923586,1.30958102543053,1.35261610961914,1,0.9175198959797701
2010-12-14C,1.35261610961914,1.35859319672839,1.34544354808604,1.34962749481201,1,0.9167072474491239
2010-12-15A,1.34962749481201,1.35859319672839,1.34544354808604,1.34843212803535,1,0.9150819009453054
2010-12-15C,1.34843212803535,1.35919082755189,1.34365037296856,1.34604132175446,1,0.9142691278774333
2010-12-16A,1.34604132175446,1.35919082755189,1.34365037296856,1.34484577178955,1,0.9142691278774333
2010-12-16C,1.34484577178955,1.35022519249803,1.342454965643,1.34484577178955,1,0.9102059006842673
2010-12-17A,1.34484577178955,1.35022519249803,1.342454965643,1.33886896064726,1,0.9122375598980401
2010-12-17C,1.33886896064726,1.3454437145293,1.33767348607552,1.34185743331909,1,0.9150819031470023
2010-12-20A,1.34185743331909,1.3454437145293,1.33767348607552,1.34604132499305,1,0.8955774544158468
2010-12-20C,1.34604132499305,1.35082293756635,1.30121310147214,1.31735122203827,0,0.8955774544158468
2010-12-21A,1.31735122203827,1.35082293756635,1.30121310147214,1.32452394608997,0,0.8955774544158468
2010-12-21C,1.32452394608997,1.352018578026,1.31555824328256,1.34663915634155,1,0.8919998343585246
2010-12-22A,1.34663915634155,1.352018578026,1.31555824328256,1.34125965149588,1,0.8880247942499656
2010-12-22C,1.34125965149588,1.35261616017946,1.33050095129907,1.33528256416321,1,0.8892173195393138
2010-12-23A,1.33528256416321,1.35261616017946,1.33050095129907,1.33707571029663,1,0.8892173195393138
2010-12-23C,1.33707571029663,1.35082302547071,1.33109862293855,1.33707571029663,1,0.8856395825119306
2010-12-24A,1.33707571029663,1.35082302547071,1.33109862293855,1.33169602956839,0,0.8856395825119306
2010-12-24C,1.33169602956839,1.33169602956839,1.31794871707166,1.32332813739777,0,0.8856395825119306
2010-12-27A,1.32332813739777,1.33169602956839,1.31794871707166,1.32691469046879,0,0.8856395825119306
2010-12-27C,1.32691469046879,1.34663909321545,1.30300634077647,1.30360400676727,0,0.8856395825119306
2010-12-28A,1.30360400676727,1.34663909321545,1.30300634077647,1.29404056381072,0,0.8856395825119306
2010-12-28C,1.29404056381072,1.30778787834202,1.28507500444531,1.28746581077576,0,0.8856395825119306
2010-12-29A,1.28746581077576,1.30778787834202,1.28507500444531,1.2904542772818,0,0.8856395825119306
2010-12-29C,1.2904542772818,1.29105208574048,1.27790243722445,1.28567266464233,0,0.8856395825119306
2010-12-30A,1.28567266464233,1.29105208574048,1.27790243722445,1.28567267040168,0,0.8856395825119306
2010-12-30C,1.28567267040168,1.29344289785436,1.27610930257491,1.28746581077576,0,0.8856395825119306
2010-12-31A,1.28746581077576,1.29344289785436,1.27610930257491,1.29105192387286,0,0.8856395825119306
2010-12-31C,1.29105192387286,1.30240828809402,1.28268388904546,1.30181062221527,0,0.8856395825119306
2011-01-04A,1.30181062221527,1.30240828809402,1.28268388904546,1.30420176792443,0,0.8856395825119306
2011-01-04C,1.30420176792443,1.33588034782881,1.30420176792443,1.32691478729248,1,0.8808523081069731
2011-01-05A,1.32691478729248,1.33588034782881,1.30420176792443,1.31974222485941,1,0.8856395825119306
2011-01-05C,1.31974222485941,1.32930559393517,1.31376513700019,1.32691478729248,1,0.8856394213113177
2011-01-06A,1.32691478729248,1.32930559393517,1.31376513700019,1.3269145457727,1,0.8800543322647267
2011-01-06C,1.3269145457727,1.32990301790585,1.31794884436326,1.31854665279388,1,0.8780595918804334
2011-01-07A,1.31854665279388,1.32990301790585,1.31794884436326,1.31555802111459,1,0.8864372253418
2011-01-07C,1.31555802111459,1.34185717406663,1.31077640876149,1.32810986042023,1,0.880852321647056
2011-01-10A,1.32810986042023,1.34185717406663,1.31077640876149,1.31974224514592,1,0.8744693207136391
2011-01-10C,1.31974224514592,1.33229422959674,1.30539726256428,1.31017887592316,0,0.8744693207136391
2011-01-11A,1.31017887592316,1.33229422959674,1.30539726256428,1.30778786585573,0,0.8744693207136391
2011-01-11C,1.30778786585573,1.32213284620643,1.30479939359746,1.32093751430511,1,0.8764478318335819
2011-01-12A,1.32093751430511,1.32213284620643,1.30479939359746,1.32392617211036,1,0.8784263147367325
2011-01-12C,1.32392617211036,1.3328918751517,1.31555827760845,1.32691478729248,1,0.8815916486111469
2011-01-13A,1.32691478729248,1.3328918751517,1.31555827760845,1.33169621090675,1,0.878821848412642
2011-01-13C,1.33169621090675,1.33647796601608,1.32452379200025,1.32751226425171,1,0.8800088803692546
2011-01-14A,1.32751226425171,1.33647796601608,1.32452379200025,1.32930534607291,1,0.871699480139611
2011-01-14C,1.32930534607291,1.32930534607291,1.31077641991573,1.31675350666046,0,0.871699480139611
2011-01-17A,1.31675350666046,1.32930534607291,1.31077641991573,1.31615589166572,0,0.871699480139611
2011-01-17C,1.31615589166572,1.31615589166572,1.2749139443143,1.27909803390503,0,0.871699480139611
2011-01-18A,1.27909803390503,1.31615589166572,1.2749139443143,1.27849984956785,0,0.871699480139611
2011-01-18C,1.27849984956785,1.27909765790795,1.26893648368096,1.27371823787689,0,0.871699480139611
2011-01-19A,1.27371823787689,1.27909765790795,1.26893648368096,1.274913879385,0,0.871699480139611
2011-01-19C,1.274913879385,1.30001770312585,1.2695346005516,1.29643142223358,0,0.871699480139611
2011-01-20A,1.29643142223358,1.30001770312585,1.2695346005516,1.29404050197547,0,0.871699480139611
2011-01-20C,1.29404050197547,1.29583364226387,1.26056878743371,1.26116645336151,0,0.871699480139611
2011-01-21A,1.26116645336151,1.29583364226387,1.26056878743371,1.26176405230753,0,0.871699480139611
2011-01-21C,1.26176405230753,1.29284495547283,1.25997091231685,1.27670669555664,0,0.871699480139611
2011-01-24A,1.27670669555664,1.29284495547283,1.25997091231685,1.27790248725646,0,0.871699480139611
2011-01-24C,1.27790248725646,1.28268410008313,1.26594831268477,1.27132773399353,0,0.871699480139611
2011-01-25A,1.27132773399353,1.28268410008313,1.26594831268477,1.27132769637036,0,0.871699480139611
2011-01-25C,1.27132769637036,1.27551164309613,1.26295966041381,1.26714360713959,0,0.871699480139611
2011-01-26A,1.26714360713959,1.27551164309613,1.26295966041381,1.26714345633169,0,0.871699480139611
2011-01-26C,1.26714345633169,1.27551149129232,1.26714345633169,1.27192521095276,0,0.871699480139611
2011-01-27A,1.27192521095276,1.27551149129232,1.26714345633169,1.26714361763904,0,0.871699480139611
2011-01-27C,1.26714361763904,1.29702919593647,1.26116653048055,1.29284524917603,1,0.8704904805523586
2011-01-28A,1.29284524917603,1.29702919593647,1.26116653048055,1.29105214340019,1,0.8741174533594911
2011-01-28C,1.29105214340019,1.29822456267971,1.28567272206179,1.29643142223358,1,0.8737143878045318
2011-01-31A,1.29643142223358,1.29822456267971,1.28567272206179,1.2958336228776,1,0.8809685248398383
2011-01-31C,1.2958336228776,1.30719013036588,1.29404048261603,1.30659246444702,1,0.8825805938863085
2011-02-01A,1.30659246444702,1.30719013036588,1.29404048261603,1.30898337536937,1,0.8829835695036864
2011-02-01C,1.30898337536937,1.3119718477078,1.3042016201209,1.30958104133606,1,0.8797593676809092
2011-02-09A,1.30958104133606,1.3119718477078,1.3042016201209,1.30479912497161,1,0.8745203015387981
2011-02-09C,1.30479912497161,1.31376468240564,1.29643109086023,1.29702889919281,1,0.8745203868474248
2011-02-10A,1.29702889919281,1.31376468240564,1.29643109086023,1.29702902571675,1,0.8858044712796055
2011-02-10C,1.29702902571675,1.31496028483894,1.28806332490316,1.31376481056213,1,0.8854015466797219
2011-02-11A,1.31376481056213,1.31496028483894,1.28806332490316,1.31316722026111,1,0.8866105695218793
2011-02-11C,1.31316722026111,1.31735116671328,1.30599465919739,1.31496036052704,1,0.8866105346316028
2011-02-14A,1.31496036052704,1.31735116671328,1.30599465919739,1.31496030878016,1,0.9200599090580734
2011-02-14C,1.31496030878016,1.36994956142472,1.31496030878016,1.36457014083862,1,0.9204628943017028
2011-02-15A,1.36457014083862,1.36994956142472,1.31496030878016,1.36516782108231,1,0.9180449447709575
2011-02-15C,1.36516782108231,1.37771980258177,1.36158168315887,1.36158168315887,1,0.9168360040310901
2011-02-16A,1.36158168315887,1.37771980258177,1.36158168315887,1.35978866466146,1,0.9236870698297306
2011-02-16C,1.35978866466146,1.37114503036133,1.35560457545045,1.36994969844818,1,0.9240900081539705
2011-02-17A,1.36994969844818,1.37114503036133,1.35560457545045,1.37054730910423,1,0.9220750340986534
2011-02-17C,1.37054730910423,1.37771987031369,1.36098394165995,1.36755883693695,1,0.9204629966912521
2011-02-18A,1.36755883693695,1.37771987031369,1.36098394165995,1.36516797293951,1,0.9148209536855353
2011-02-18C,1.36516797293951,1.36755892182774,1.3526161325488,1.3568000793457,1,0.9128060076796531
2011-02-21A,1.3568000793457,1.36755892182774,1.3526161325488,1.35381164877943,1,0.9289261859557325
2011-02-21C,1.35381164877943,1.37771999835968,1.35022536784139,1.37771999835968,1,0.9285231163561227
2011-02-22A,1.37771999835968,1.37771999835968,1.35022536784139,1.37712219300495,1,0.9039398732542305
2011-02-22C,1.37712219300495,1.38070847395116,1.33886886209037,1.34066200256348,0,0.9039398732542305
2011-02-23A,1.34066200256348,1.38070847395116,1.33886886209037,1.338271196101,0,0.9039398732542305
2011-02-23C,1.338271196101,1.34245514303658,1.33528258114416,1.34066200256348,0,0.9039398732542305
2011-02-24A,1.34066200256348,1.34245514303658,1.33528258114416,1.34125967074898,0,0.9039398732542305
2011-02-24C,1.34125967074898,1.35440932007162,1.33647805781621,1.34902989864349,0,0.9039398732542305
2011-02-25A,1.34902989864349,1.35440932007162,1.33647805781621,1.35142064668034,1,0.9051392711682308
2011-02-25C,1.35142064668034,1.35978868270841,1.33886880639574,1.35321378707886,1,0.9059389281790629
2011-02-28A,1.35321378707886,1.35978868270841,1.33886880639574,1.35440930132342,1,0.9135350834180134
2011-02-28C,1.35440930132342,1.36755895046404,1.34484593308525,1.36576581001282,1,0.9119358667773261
2011-03-01A,1.36576581001282,1.36755895046404,1.34484593308525,1.36337492711155,1,0.9175330892512392
2011-03-01C,1.36337492711155,1.38070852397625,1.36277726110052,1.37174296379089,1,0.9139349894796103
2011-03-02A,1.37174296379089,1.38070852397625,1.36277726110052,1.36636368308421,1,0.9119359608215758
2011-03-02C,1.36636368308421,1.3729384373985,1.35859345411958,1.36337506771088,1,0.9115359658609578
2011-03-03A,1.36337506771088,1.3729384373985,1.35859345411958,1.36277706173245,1,0.9155339268609223
2011-03-03C,1.36277706173245,1.38250146226067,1.36277706173245,1.36875414848328,1,0.9155341419166181
2011-03-04A,1.36875414848328,1.38250146226067,1.36277706173245,1.36875446999881,1,0.9287274258474337
2011-03-04C,1.36875446999881,1.39146749049014,1.36696132930186,1.38847887516022,1,0.9291269837140287
2011-03-07A,1.38847887516022,1.39146749049014,1.36696132930186,1.38907622766832,1,0.9527149824256919
2011-03-07C,1.38907622766832,1.42493889100699,1.38907622766832,1.42434108257294,1,0.9523151954121745
2011-03-08A,1.42434108257294,1.42493889100699,1.38907622766832,1.42374338748245,1,0.9515156604125719
2011-03-08C,1.42374338748245,1.42732966799336,1.41657082646063,1.4225480556488,1,0.9515155176358383
2011-03-09A,1.4225480556488,1.42732966799336,1.41657082646063,1.42254784219276,1,0.9471176945223141
2011-03-09C,1.42254784219276,1.42732945381983,1.4153752822472,1.41597294807434,1,0.9463183325223677
2011-03-10A,1.41597294807434,1.42732945381983,1.4153752822472,1.41477787488102,1,0.9315257907201309
2011-03-10C,1.41477787488102,1.41477787488102,1.39086938486303,1.392662525177,0,0.9315257907201309
2011-03-11A,1.392662525177,1.41477787488102,1.39086938486303,1.39086939064621,0,0.9315257907201309
2011-03-11C,1.39086939064621,1.3962488116105,1.3783175509012,1.37951302528381,0,0.9315257907201309
2011-03-14A,1.37951302528381,1.3962488116105,1.3783175509012,1.37532941468459,0,0.9315257907201309
2011-03-14C,1.37532941468459,1.38489264206179,1.37234079925045,1.38070869445801,0,0.9315257907201309
2011-03-15A,1.38070869445801,1.38489264206179,1.37234079925045,1.38190390263212,0,0.9315257907201309
2011-03-15C,1.38190390263212,1.38190390263212,1.33886881771398,1.3568000793457,0,0.9315257907201309
2011-03-16A,1.3568000793457,1.38190390263212,1.33886881771398,1.35680023319096,0,0.9315257907201309
2011-03-16C,1.35680023319096,1.38011091870686,1.35680023319096,1.37592697143555,0,0.9315257907201309
2011-03-17A,1.37592697143555,1.38011091870686,1.35680023319096,1.36576560918611,0,0.9315257907201309
2011-03-17C,1.36576560918611,1.38011058818154,1.35739757414255,1.3627769947052,0,0.9315257907201309
2011-03-18A,1.3627769947052,1.38011058818154,1.35739757414255,1.36696107213287,0,0.9315257907201309
2011-03-18C,1.36696107213287,1.37712210583395,1.36457026582173,1.36636340618134,0,0.9315257907201309
2011-03-21A,1.36636340618134,1.37712210583395,1.36457026582173,1.36696111910816,0,0.9315257907201309
2011-03-21C,1.36696111910816,1.37234054037183,1.35620241908583,1.35859322547913,0,0.9315257907201309
2011-03-22A,1.35859322547913,1.37234054037183,1.35620241908583,1.35978858960954,0,0.9315257907201309
2011-03-22C,1.35978858960954,1.37234042903477,1.35321369443014,1.36875414848328,0,0.9315257907201309
2011-03-23A,1.36875414848328,1.37234042903477,1.35321369443014,1.3675591474663,0,0.9315257907201309
2011-03-23C,1.3675591474663,1.38549041205658,1.36397286604724,1.38369727134705,1,0.9315257907201309
2011-03-24A,1.38369727134705,1.38549041205658,1.36397286604724,1.38369727134705,1,0.9315257907201309
2011-03-24C,1.38369727134705,1.38788121883427,1.38070865599616,1.38369727134705,1,0.929916064360116
2011-03-25A,1.38369727134705,1.38788121883427,1.38070865599616,1.3813061684982,1,0.9444019005559344
2011-03-25C,1.3813061684982,1.40581218210075,1.3813061684982,1.40282356739044,1,0.9460116097518815
2011-03-28A,1.40282356739044,1.40581218210075,1.3813061684982,1.40521464474362,1,0.9411829332870975
2011-03-28C,1.40521464474362,1.41059392370641,1.39744441679181,1.39804208278656,1,0.9387685912598528
2011-03-29A,1.39804208278656,1.41059392370641,1.39744441679181,1.39445579617112,1,0.9399757603711715
2011-03-29C,1.39445579617112,1.41477800746564,1.3926626556891,1.39624893665314,1,0.9379637879095585
2011-03-30A,1.39624893665314,1.41477800746564,1.3926626556891,1.39326033361832,1,0.9375613342858279
2011-03-30C,1.39326033361832,1.39863961205525,1.3854901064261,1.392662525177,1,0.9375613421290656
2011-03-31A,1.392662525177,1.39863961205525,1.3854901064261,1.39266253682742,1,0.9299160663252578
2011-03-31C,1.39266253682742,1.39624881748537,1.37951303108826,1.38130617141724,0,0.9299160663252578
2011-04-01A,1.38130617141724,1.39624881748537,1.37951303108826,1.38608780113706,0,0.9299160663252578
2011-04-01C,1.38608780113706,1.40282358774159,1.38190385448592,1.40162825584412,1,0.9251573779011866
2011-04-06A,1.40162825584412,1.40282358774159,1.38190385448592,1.39445565995351,1,0.9473643256495791
2011-04-06C,1.39445565995351,1.43270912982639,1.39027171340585,1.42792737483978,1,0.9465713703478298
2011-04-07A,1.42792737483978,1.43270912982639,1.39027171340585,1.42673218250275,1,0.9465713703478298
2011-04-07C,1.42673218250275,1.4327092699418,1.42135276105609,1.42673218250275,1,0.9477610843840347
2011-04-08A,1.42673218250275,1.4327092699418,1.42135276105609,1.42852539467523,1,0.9517266079778802
2011-04-08C,1.42852539467523,1.43629562298645,1.42314597295861,1.43450248241425,1,0.9521231146697777
2011-04-11A,1.43450248241425,1.43629562298645,1.42314597295861,1.43510012235523,1,0.9513299721472087
2011-04-11C,1.43510012235523,1.45243371923486,1.43270931580408,1.43390464782715,1,0.9497436737869044
2011-04-12A,1.43390464782715,1.45243371923486,1.43270931580408,1.43151367870153,1,0.9521230065388546
2011-04-12C,1.43151367870153,1.44645646733298,1.42434111735763,1.43509995937347,1,0.9477610720767745
2011-04-13A,1.43509995937347,1.44645646733298,1.42434111735763,1.42852537612495,1,0.9580713576504544
2011-04-13C,1.42852537612495,1.44526116457487,1.42434128650746,1.44406569004059,1,0.9584677850984478
2011-04-14A,1.44406569004059,1.44526116457487,1.42434128650746,1.44466321054015,1,0.9576746427298863
2011-04-14C,1.44466321054015,1.45303110309681,1.44227240445324,1.4434677362442,1,0.9545024771857601
2011-04-15A,1.4434677362442,1.45303110309681,1.44227240445324,1.4386864478894,1,0.9608473339257603
2011-04-15C,1.4386864478894,1.45362909617459,1.43569783272935,1.44824981689453,1,0.9541057417149454
2011-04-18A,1.44824981689453,1.45362909617459,1.43569783272935,1.43808846311838,1,0.9636230729313827
2011-04-18C,1.43808846311838,1.4584106732032,1.43808846311838,1.45243358612061,1,0.9596574856459201
2011-04-19A,1.45243358612061,1.4584106732032,1.43808846311838,1.44645640238156,1,0.9437953940725171
2011-04-19C,1.44645640238156,1.44645640238156,1.41836396671608,1.4225480556488,0,0.9437953940725171
2011-04-20A,1.4225480556488,1.44645640238156,1.41836396671608,1.42374366441991,0,0.9437953940725171
2011-04-20C,1.42374366441991,1.43151389286997,1.4147781039037,1.41955971717834,0,0.9437953940725171
2011-04-21A,1.41955971717834,1.43151389286997,1.4147781039037,1.4237434456552,0,0.9437953940725171
2011-04-21C,1.4237434456552,1.43749075983874,1.4237434456552,1.43330681324005,0,0.9437953940725171
2011-04-22A,1.43330681324005,1.43749075983874,1.4237434456552,1.4333069245511,0,0.9437953940725171
2011-04-22C,1.4333069245511,1.43868634595503,1.42195041575558,1.4231458902359,0,0.9437953940725171
2011-04-25A,1.4231458902359,1.43868634595503,1.42195041575558,1.42254800458521,0,0.9437953940725171
2011-04-25C,1.42254800458521,1.42254800458521,1.3998349905014,1.3998349905014,0,0.9437953940725171
2011-04-26A,1.3998349905014,1.42254800458521,1.3998349905014,1.39923748485733,0,0.9437953940725171
2011-04-26C,1.39923748485733,1.40342143161405,1.38788097651479,1.39027178287506,0,0.9437953940725171
2011-04-27A,1.39027178287506,1.40342143161405,1.38788097651479,1.39983521543123,0,0.9437953940725171
2011-04-27C,1.39983521543123,1.40222602190185,1.38190395314407,1.38788104057312,0,0.9437953940725171
2011-04-28A,1.38788104057312,1.40222602190185,1.38190395314407,1.38847843197481,0,0.9437953940725171
2011-04-28C,1.38847843197481,1.40222574459342,1.37353578760978,1.377121925354,0,0.9437953940725171
2011-04-29A,1.377121925354,1.40222574459342,1.37353578760978,1.37712219769782,0,0.9437953940725171
2011-04-29C,1.37712219769782,1.38788104057312,1.36576583133613,1.38788104057312,0,0.9437953940725171
2011-05-03A,1.38788104057312,1.38788104057312,1.36576583133613,1.38668538904833,0,0.9437953940725171
2011-05-03C,1.38668538904833,1.39266247571429,1.37712202188179,1.39206480979919,0,0.9437953940725171
2011-05-04A,1.39206480979919,1.39266247571429,1.37712202188179,1.39027173067928,0,0.9437953940725171
2011-05-04C,1.39027173067928,1.39027173067928,1.35680001537713,1.35919082164764,0,0.9437953940725171
2011-05-05A,1.35919082164764,1.39027173067928,1.35680001537713,1.36576578716401,0,0.9437953940725171
2011-05-05C,1.36576578716401,1.36576578716401,1.34962752337302,1.35859322547913,0,0.9437953940725171
2011-05-06A,1.35859322547913,1.36576578716401,1.34962752337302,1.35381160699292,0,0.9437953940725171
2011-05-06C,1.35381160699292,1.36457030696995,1.34663904533822,1.3568000793457,0,0.9437953940725171
2011-05-09A,1.3568000793457,1.36457030696995,1.34663904533822,1.36038632218761,0,0.9437953940725171
2011-05-09C,1.36038632218761,1.36576574327842,1.35560456704967,1.35978865623474,0,0.9437953940725171
2011-05-10A,1.35978865623474,1.36576574327842,1.35560456704967,1.35978860979504,0,0.9437953940725171
2011-05-10C,1.35978860979504,1.36755883693695,1.35799546949267,1.36755883693695,0,0.9437953940725171
2011-05-11A,1.36755883693695,1.36755883693695,1.35799546949267,1.36755874937366,0,0.9437953940725171
2011-05-11C,1.36755874937366,1.36935174705623,1.35978852272927,1.3627769947052,0,0.9437953940725171
2011-05-12A,1.3627769947052,1.36935174705623,1.35978852272927,1.35978867115224,0,0.9437953940725171
2011-05-12C,1.35978867115224,1.35978867115224,1.34843216289316,1.34962749481201,0,0.9437953940725171
2011-05-13A,1.34962749481201,1.35978867115224,1.34843216289316,1.35082295441672,0,0.9437953940725171
2011-05-13C,1.35082295441672,1.35978865623474,1.34365039296231,1.35978865623474,0,0.9437953940725171
2011-05-16A,1.35978865623474,1.35978865623474,1.34365039296231,1.35919070115653,0,0.9437953940725171
2011-05-16C,1.35919070115653,1.35919070115653,1.34365024801837,1.34424805641174,0,0.9437953940725171
2011-05-17A,1.34424805641174,1.35919070115653,1.34365024801837,1.33886868261201,0,0.9437953940725171
2011-05-17C,1.33886868261201,1.35560446811086,1.33169612168109,1.35142052173614,0,0.9437953940725171
2011-05-18A,1.35142052173614,1.35560446811086,1.33169612168109,1.35201827831795,0,0.9437953940725171
2011-05-18C,1.35201827831795,1.36158164502422,1.344845717662,1.35739755630493,1,0.940886420970999
2011-05-19A,1.35739755630493,1.36158164502422,1.344845717662,1.35321377557856,0,0.940886420970999
2011-05-19C,1.35321377557856,1.36277714345436,1.34902982885259,1.34962749481201,0,0.940886420970999
2011-05-20A,1.34962749481201,1.36277714345436,1.34902982885259,1.34544351330549,0,0.940886420970999
2011-05-20C,1.34544351330549,1.35381154904612,1.34544351330549,1.34604132175446,0,0.940886420970999
2011-05-23A,1.34604132175446,1.35381154904612,1.34544351330549,1.34424830417234,0,0.940886420970999
2011-05-23C,1.34424830417234,1.34663911067157,1.30659263866832,1.30898344516754,0,0.940886420970999
2011-05-24A,1.30898344516754,1.34663911067157,1.30659263866832,1.30778790414469,0,0.940886420970999
2011-05-24C,1.30778790414469,1.30778790414469,1.29882234460239,1.30300629138947,0,0.940886420970999
2011-05-25A,1.30300629138947,1.30778790414469,1.29882234460239,1.30420160922986,0,0.940886420970999
2011-05-25C,1.30420160922986,1.30479941769655,1.28985662861422,1.2910521030426,0,0.940886420970999
2011-05-26A,1.2910521030426,1.30479941769655,1.28985662861422,1.2940405171034,0,0.940886420970999
2011-05-26C,1.2940405171034,1.30240841021041,1.29284518523382,1.29523599147797,0,0.940886420970999
2011-05-27A,1.29523599147797,1.30240841021041,1.29284518523382,1.29702911421798,0,0.940886420970999
2011-05-27C,1.29702911421798,1.30300620099988,1.2898565530777,1.2898565530777,0,0.940886420970999
2011-05-30A,1.2898565530777,1.30300620099988,1.2898565530777,1.28985655891793,0,0.940886420970999
2011-05-30C,1.28985655891793,1.29822445194949,1.28268399774518,1.29164969921112,0,0.940886420970999
2011-05-31A,1.29164969921112,1.29822445194949,1.28268399774518,1.29583367190686,0,0.940886420970999
2011-05-31C,1.29583367190686,1.30719017982483,1.29045425091861,1.30719017982483,1,0.9408864986330688
2011-06-01A,1.30719017982483,1.30719017982483,1.29045425091861,1.30719028772212,1,0.9383051733566983
2011-06-01C,1.30719028772212,1.30719028772212,1.30001772581242,1.30360400676727,0,0.9383051733566983
2011-06-02A,1.30360400676727,1.30719028772212,1.30001772581242,1.29643116775922,0,0.9383051733566983
2011-06-02C,1.29643116775922,1.29702897612726,1.27431596327122,1.28447699546814,0,0.9383051733566983
2011-06-03A,1.28447699546814,1.29702897612726,1.27431596327122,1.28029324622387,0,0.9383051733566983
2011-06-03C,1.28029324622387,1.29523603513722,1.28029324622387,1.29404056072235,0,0.9383051733566983
2011-06-07A,1.29404056072235,1.29523603513722,1.28029324622387,1.29284528384632,0,0.9383051733566983
2011-06-07C,1.29284528384632,1.29822456267971,1.2880635284883,1.29643142223358,1,0.9383051017869405
2011-06-08A,1.29643142223358,1.29822456267971,1.2880635284883,1.29643132334754,1,0.9374399684232619
2011-06-08C,1.29643132334754,1.29643132334754,1.28387948368702,1.29523599147797,1,0.9331140959594149
2011-06-09A,1.29523599147797,1.29643132334754,1.28387948368702,1.28925904799524,0,0.9331140959594149
2011-06-09C,1.28925904799524,1.29404066101531,1.27909801344884,1.28029334545136,0,0.9331140959594149
2011-06-10A,1.28029334545136,1.29404066101531,1.27909801344884,1.27909771769063,0,0.9331140959594149
2011-06-10C,1.27909771769063,1.28806327565646,1.27312063154509,1.28447699546814,0,0.9331140959594149
2011-06-13A,1.28447699546814,1.28806327565646,1.27312063154509,1.28148875009355,0,0.9331140959594149
2011-06-13C,1.28148875009355,1.28208641606222,1.26893676721643,1.28089094161987,0,0.9331140959594149
2011-06-14A,1.28089094161987,1.28208641606222,1.26893676721643,1.2808908949922,0,0.9331140959594149
2011-06-14C,1.2808908949922,1.29523601775814,1.27371847611422,1.28866112232208,1,0.9296516199749228
2011-06-15A,1.28866112232208,1.29523601775814,1.27371847611422,1.28387932960508,0,0.9296516199749228
2011-06-15C,1.28387932960508,1.29224722170784,1.28387932960508,1.28447699546814,1,0.925325859226709
2011-06-16A,1.28447699546814,1.29224722170784,1.28387932960508,1.27850019722502,0,0.925325859226709
2011-06-16C,1.27850019722502,1.27850019722502,1.26594835624436,1.27013230323792,0,0.925325859226709
2011-06-17A,1.27013230323792,1.27850019722502,1.26594835624436,1.2689366804429,0,0.925325859226709
2011-06-17C,1.2689366804429,1.27431610130809,1.25997112150591,1.26116645336151,0,0.925325859226709
2011-06-20A,1.26116645336151,1.27431610130809,1.25997112150591,1.25997129920593,0,0.925325859226709
2011-06-20C,1.25997129920593,1.26116663123012,1.25279873704076,1.25698268413544,0,0.925325859226709
2011-06-21A,1.25698268413544,1.26116663123012,1.25279873704076,1.25578718660849,0,0.925325859226709
2011-06-21C,1.25578718660849,1.26654588593333,1.25578718660849,1.26475274562836,0,0.925325859226709
2011-06-22A,1.26475274562836,1.26654588593333,1.25578718660849,1.26535069942474,0,0.925325859226709
2011-06-22C,1.26535069942474,1.26893683794165,1.26116660989583,1.26535069942474,0,0.925325859226709
2011-06-23A,1.26535069942474,1.26893683794165,1.26116660989583,1.26415530325091,0,0.925325859226709
2011-06-23C,1.26415530325091,1.28447737362772,1.25817821534567,1.28328204154968,1,0.9244637031977156
2011-06-24A,1.28328204154968,1.28447737362772,1.25817821534567,1.28208636616896,1,0.949891849155692
2011-06-24C,1.28208636616896,1.32273064306198,1.27790241954107,1.31735122203827,1,0.9460130811103966
2011-06-27A,1.31735122203827,1.32273064306198,1.27790241954107,1.31197197825487,1,0.9468750923332762
2011-06-27C,1.31197197825487,1.32392615380806,1.31017883767139,1.31316745281219,1,0.9481678353016093
2011-06-28A,1.31316745281219,1.32392615380806,1.31017883767139,1.31496028483894,1,0.9473058242809947
2011-06-28C,1.31496028483894,1.31675342500166,1.30360377797672,1.31376481056213,1,0.9473058129300591
2011-06-29A,1.31376481056213,1.31675342500166,1.30360377797672,1.31376479482016,1,0.9386861138469126
2011-06-29C,1.31376479482016,1.31496026908264,1.30061529045777,1.30181062221527,1,0.9378243829873788
2011-06-30A,1.30181062221527,1.31496026908264,1.30061529045777,1.300615536478,1,0.9460130267368595
2011-06-30C,1.300615536478,1.31914446476895,1.300615536478,1.31197190284729,1,0.9408411157661352
2011-07-01A,1.31197190284729,1.31914446476895,1.300615536478,1.30479927235929,1,0.9464439305991458
2011-07-01C,1.30479927235929,1.31794877708187,1.30420146395919,1.31256949901581,1,0.9503227494767135
2011-07-04A,1.31256949901581,1.31794877708187,1.30420146395919,1.31794881329561,1,0.9649763209260206
2011-07-04C,1.31794881329561,1.34245496823374,1.3149603412329,1.33827102184296,1,0.966269403773007
2011-07-05A,1.33827102184296,1.34245496823374,1.3149603412329,1.34006432522817,1,0.9641144272441641
2011-07-05C,1.34006432522817,1.34125965719679,1.33229409741217,1.33707571029663,1,0.964114414917408
2011-07-06A,1.33707571029663,1.34125965719679,1.33229409741217,1.33707569320135,1,0.9602355188680477
2011-07-06C,1.33707569320135,1.33827116765969,1.32273071222638,1.33169627189636,1,0.9632524037659065
2011-07-07A,1.33169627189636,1.33827116765969,1.32273071222638,1.33588021874302,1,0.9602355188680478
2011-07-07C,1.33588021874302,1.34066197407135,1.3275123250497,1.33169627189636,1,0.957218648651854
2011-07-08A,1.33169627189636,1.34066197407135,1.3275123250497,1.32751234541087,1,0.9593736251861984
2011-07-08C,1.32751234541087,1.33408724127504,1.3245238729767,1.33050096035004,1,0.9576494939933574
2011-07-11A,1.33050096035004,1.33408724127504,1.3245238729767,1.32810986042023,1,0.9576494939933574
2011-07-11C,1.32810986042023,1.33050080910177,1.32213277372636,1.32810986042023,1,0.9559256400614501
2011-07-12A,1.32810986042023,1.33050080910177,1.32213277372636,1.32571914500791,1,0.9404101590824696
2011-07-12C,1.32571914500791,1.32571914500791,1.30300627101817,1.30420160293579,0,0.9404101590824696
2011-07-13A,1.30420160293579,1.32571914500791,1.30300627101817,1.30181077313363,0,0.9404101590824696
2011-07-13C,1.30181077313363,1.32153517446884,1.30181077313363,1.31914436817169,0,0.9404101590824696
2011-07-14A,1.31914436817169,1.32153517446884,1.30181077313363,1.31794900370024,0,0.9404101590824696
2011-07-14C,1.31794900370024,1.32691470619361,1.31675367170446,1.32392609119415,1,0.9344663401958709
2011-07-15A,1.32392609119415,1.32691470619361,1.31675367170446,1.31555827760845,0,0.9344663401958709
2011-07-15C,1.31555827760845,1.32870792790075,1.31555827760845,1.32691478729248,1,0.9348871524641146
2011-07-18A,1.32691478729248,1.32870792790075,1.31555827760845,1.32751232836741,1,0.9332034511860788
2011-07-18C,1.32751232836741,1.3305009432682,1.32153524107081,1.32512152194977,1,0.9319405599398461
2011-07-19A,1.32512152194977,1.3305009432682,1.32153524107081,1.32332825343138,0,0.9319405599398461
2011-07-19C,1.32332825343138,1.3239259193517,1.31316722026111,1.31496036052704,0,0.9319405599398461
2011-07-20A,1.31496036052704,1.3239259193517,1.31316722026111,1.31794889096786,0,0.9319405599398461
2011-07-20C,1.31794889096786,1.32392597795052,1.30898333174638,1.31077647209167,0,0.9319405599398461
2011-07-21A,1.31077647209167,1.32392597795052,1.30898333174638,1.31496046578253,0,0.9319405599398461
2011-07-21C,1.31496046578253,1.31496046578253,1.30240848291631,1.30300629138947,0,0.9319405599398461
2011-07-22A,1.30300629138947,1.31496046578253,1.30240848291631,1.30300616628405,0,0.9319405599398461
2011-07-22C,1.30300616628405,1.30898325290671,1.30061536013598,1.30121302604675,0,0.9319405599398461
2011-07-25A,1.30121302604675,1.30898325290671,1.30061536013598,1.30300627229835,0,0.9319405599398461
2011-07-25C,1.30300627229835,1.30300627229835,1.26176432849502,1.26714360713959,0,0.9319405599398461
2011-07-26A,1.26714360713959,1.30300627229835,1.26176432849502,1.26714355186665,0,0.9319405599398461
2011-07-26C,1.26714355186665,1.2707298324766,1.25997113315176,1.26475274562836,0,0.9319405599398461
2011-07-27A,1.26475274562836,1.2707298324766,1.25997113315176,1.26116660074815,0,0.9319405599398461
2011-07-27C,1.26116660074815,1.27132777773822,1.25638498775695,1.27013230323792,0,0.9319405599398461
2011-07-28A,1.27013230323792,1.27132777773822,1.25638498775695,1.26415514372221,0,0.9319405599398461
2011-07-28C,1.26415514372221,1.2653506181544,1.25399410981606,1.26236200332642,0,0.9319405599398461
2011-07-29A,1.26236200332642,1.2653506181544,1.25399410981606,1.26236201476917,0,0.9319405599398461
2011-07-29C,1.26236201476917,1.2755116636225,1.25877573394508,1.26594829559326,0,0.9319405599398461
2011-08-01A,1.26594829559326,1.2755116636225,1.25877573394508,1.26415521574641,0,0.9319405599398461
2011-08-01C,1.26415521574641,1.27431625023147,1.25997126875285,1.27013230323792,0,0.9319405599398461
2011-08-02A,1.27013230323792,1.27431625023147,1.25997126875285,1.2671435401545,0,0.9319405599398461
2011-08-02C,1.2671435401545,1.2671435401545,1.24921227977552,1.26116645336151,0,0.9319405599398461
2011-08-03A,1.26116645336151,1.2671435401545,1.24921227977552,1.25997129920593,0,0.9319405599398461
2011-08-03C,1.25997129920593,1.26295977177141,1.25100559649947,1.25698268413544,0,0.9319405599398461
2011-08-04A,1.25698268413544,1.26295977177141,1.25100559649947,1.2611664241793,0,0.9319405599398461
2011-08-04C,1.2611664241793,1.26654584492001,1.25638481185754,1.25937342643738,0,0.9319405599398461
2011-08-05A,1.25937342643738,1.26654584492001,1.25638481185754,1.23128118738103,0,0.9319405599398461
2011-08-05C,1.23128118738103,1.24323536259794,1.22530409977258,1.23187899589539,0,0.9319405599398461
2011-08-08A,1.23187899589539,1.24323536259794,1.22530409977258,1.23008593745657,0,0.9319405599398461
2011-08-08C,1.23008593745657,1.23008593745657,1.1750965995344,1.18824625015259,0,0.9319405599398461
2011-08-09A,1.18824625015259,1.23008593745657,1.1750965995344,1.1816712368943,0,0.9319405599398461
2011-08-09C,1.1816712368943,1.2002001640185,1.15059032719759,1.18884372711182,0,0.9319405599398461
2011-08-10A,1.18884372711182,1.2002001640185,1.15059032719759,1.19721167840802,0,0.9319405599398461
2011-08-10C,1.19721167840802,1.21215446713578,1.19721167840802,1.19960248470306,0,0.9319405599398461
2011-08-11A,1.19960248470306,1.21215446713578,1.19721167840802,1.17808492025106,0,0.9319405599398461
2011-08-11C,1.17808492025106,1.21454524993896,1.17808492025106,1.21454524993896,0,0.9319405599398461
2011-08-12A,1.21454524993896,1.21454524993896,1.17808492025106,1.21574059342917,0,0.9319405599398461
2011-08-12C,1.21574059342917,1.22530396102075,1.21514292748751,1.21813154220581,0,0.9319405599398461
2011-08-15A,1.21813154220581,1.22530396102075,1.21514292748751,1.21275236101508,0,0.9319405599398461
2011-08-15C,1.21275236101508,1.23546523884426,1.21275236101508,1.23486757278442,1,0.9319402764706556
2011-08-16A,1.23486757278442,1.23546523884426,1.21275236101508,1.23486719717365,1,0.9278804888574769
2011-08-16C,1.23486719717365,1.24024661759102,1.22769463661716,1.22948777675629,1,0.9269784425520801
2011-08-17A,1.22948777675629,1.24024661759102,1.22769463661716,1.22829252055695,1,0.928782756864412
2011-08-17C,1.22829252055695,1.23426960722004,1.22530390597292,1.23068332672119,1,0.927880654223559
2011-08-18A,1.23068332672119,1.23426960722004,1.22530390597292,1.22948799587457,1,0.9175057112832232
2011-08-18C,1.22948799587457,1.22948799587457,1.21334987425132,1.21574068069458,0,0.9175057112832232
2011-08-19A,1.21574068069458,1.22948799587457,1.21334987425132,1.1954184685595,0,0.9175057112832232
2011-08-19C,1.1954184685595,1.20498183568865,1.19003911908216,1.20020008087158,0,0.9175057112832232
2011-08-22A,1.20020008087158,1.20498183568865,1.19003911908216,1.20139565005038,0,0.9175057112832232
2011-08-22C,1.20139565005038,1.20797040312481,1.18884373860898,1.19243001937866,0,0.9175057112832232
2011-08-23A,1.19243001937866,1.20797040312481,1.18884373860898,1.19541866433525,0,0.9175057112832232
2011-08-23C,1.19541866433525,1.20976364612579,1.19063697998757,1.20976364612579,1,0.9193190931967854
2011-08-24A,1.20976364612579,1.20976364612579,1.19063697998757,1.21215465414742,1,0.914332577797928
2011-08-24C,1.21215465414742,1.21753393351493,1.20378661706625,1.20557975769043,0,0.914332577797928
2011-08-25A,1.20557975769043,1.21753393351493,1.20378661706625,1.20557941632782,0,0.914332577797928
2011-08-25C,1.20557941632782,1.24741901986659,1.20557941632782,1.24622368812561,1,0.9121401372591226
2011-08-26A,1.24622368812561,1.24741901986659,1.20557941632782,1.24323541952334,1,0.9117016401151394
2011-08-26C,1.24323541952334,1.24443089410177,1.23426985895265,1.24263775348663,1,0.9068777997587539
2011-08-29A,1.24263775348663,1.24443089410177,1.23426985895265,1.23606292036153,1,0.8985457272363429
2011-08-29C,1.23606292036153,1.23606292036153,1.22052246436281,1.22470641136169,1,0.9038080550960862
2011-08-30A,1.22470641136169,1.23606292036153,1.22052246436281,1.23187889738345,1,0.897668573085199
2011-08-30C,1.23187889738345,1.24383307164439,1.22231552947369,1.22351086139679,1,0.898107174727471
2011-08-31A,1.22351086139679,1.24383307164439,1.22231552947369,1.22410866986334,1,0.897668573085199
2011-08-31C,1.22410866986334,1.22709714217607,1.21633844234322,1.22351086139679,1,0.9011770310935936
2011-09-01A,1.22351086139679,1.22709714217607,1.21633844234322,1.22829284509181,1,0.8950375479406342
2011-09-01C,1.22829284509181,1.23307445868366,1.2193271414758,1.21992480754852,0,0.8950375479406342
2011-09-02A,1.21992480754852,1.23307445868366,1.2193271414758,1.21992469587241,1,0.8853899828709652
2011-09-02C,1.21992469587241,1.22112017041345,1.20498204788699,1.20677518844604,0,0.8853899828709652
2011-09-05A,1.20677518844604,1.22112017041345,1.20498204788699,1.20438416309713,0,0.8853899828709652
2011-09-05C,1.20438416309713,1.20498182900658,1.18286655154961,1.18346428871155,0,0.8853899828709652
2011-09-06A,1.18346428871155,1.20498182900658,1.18286655154961,1.17748727016501,0,0.8853899828709652
2011-09-06C,1.17748727016501,1.18346435711996,1.17390098949104,1.17509639263153,0,0.8853899828709652
2011-09-07A,1.17509639263153,1.18346435711996,1.17390098949104,1.18346436977982,0,0.8853899828709652
2011-09-07C,1.18346436977982,1.20139563083649,1.1792804231171,1.20139563083649,0,0.8853899828709652
2011-09-08A,1.20139563083649,1.20139563083649,1.1792804231171,1.20617729637175,1,0.8774925988549566
2011-09-08C,1.20617729637175,1.20617729637175,1.1954185962677,1.1954185962677,0,0.8774925988549566
2011-09-09A,1.1954185962677,1.20617729637175,1.1954185962677,1.20020021480342,0,0.8774925988549566
2011-09-09C,1.20020021480342,1.21334986388651,1.19243005830295,1.19721174240112,0,0.8774925988549566
2011-09-13A,1.19721174240112,1.21334986388651,1.19243005830295,1.19302777844765,0,0.8774925988549566
2011-09-13C,1.19302777844765,1.19422318164195,1.18167126997059,1.19183230400085,0,0.8774925988549566
2011-09-14A,1.19183230400085,1.19422318164195,1.18167126997059,1.19482085903859,0,0.8774925988549566
2011-09-14C,1.19482085903859,1.19721173670254,1.17868273763001,1.1954185962677,0,0.8774925988549566
2011-09-15A,1.1954185962677,1.19721173670254,1.17868273763001,1.19960244536639,1,0.8739948633672094
2011-09-15C,1.19960244536639,1.20259106001593,1.19362535857228,1.1948207616806,0,0.8739948633672094
2011-09-16A,1.1948207616806,1.20259106001593,1.19362535857228,1.19541849886101,0,0.8739948633672094
2011-09-16C,1.19541849886101,1.20199325158303,1.19242995546396,1.1948207616806,0,0.8739948633672094
2011-09-19A,1.1948207616806,1.20199325158303,1.19242995546396,1.18944139994972,0,0.8739948633672094
2011-09-19C,1.18944139994972,1.20677499422754,1.17569408621283,1.17629182338715,0,0.8739948633672094
2011-09-20A,1.17629182338715,1.20677499422754,1.17569408621283,1.17569420200725,0,0.8739948633672094
2011-09-20C,1.17569420200725,1.18585523620398,1.17151025513242,1.18286669254303,0,0.8739948633672094
2011-09-21A,1.18286669254303,1.18585523620398,1.17151025513242,1.18286655007396,0,0.8739948633672094
2011-09-21C,1.18286655007396,1.21334972024514,1.17808486654187,1.21215438842773,1,0.8696853776350351
2011-09-22A,1.21215438842773,1.21334972024514,1.17808486654187,1.2061775088589,1,0.8494300975004029
2011-09-22C,1.2061775088589,1.2061775088589,1.17748754185725,1.17808520793915,0,0.8494300975004029
2011-09-23A,1.17808520793915,1.2061775088589,1.17748754185725,1.17210768085426,0,0.8494300975004029
2011-09-23C,1.17210768085426,1.18645273023787,1.162544385851,1.17449855804443,0,0.8494300975004029
2011-09-26A,1.17449855804443,1.18645273023787,1.162544385851,1.17449876520519,0,0.8494300975004029
2011-09-26C,1.17449876520519,1.17748730878067,1.1535788889243,1.15716516971588,0,0.8494300975004029
2011-09-27A,1.15716516971588,1.17748730878067,1.1535788889243,1.16433775983353,0,0.8494300975004029
2011-09-27C,1.16433775983353,1.17210798804622,1.16015381271977,1.166130900383,0,0.8494300975004029
2011-09-28A,1.166130900383,1.17210798804622,1.16015381271977,1.17151040880306,0,0.8494300975004029
2011-09-28C,1.17151040880306,1.17629209353831,1.15776309190891,1.16314244270325,0,0.8494300975004029
2011-09-29A,1.16314244270325,1.17629209353831,1.15776309190891,1.16134911647106,0,0.8494300975004029
2011-09-29C,1.16134911647106,1.16314225686685,1.14760180177333,1.15716516971588,0,0.8494300975004029
2011-09-30A,1.15716516971588,1.16314225686685,1.14760180177333,1.15477434157458,0,0.8494300975004029
2011-09-30C,1.15477434157458,1.16194683176995,1.15238346400779,1.15776288509369,0,0.8494300975004029
2011-10-10A,1.15776288509369,1.16194683176995,1.15238346400779,1.1577628180075,0,0.8494300975004029
2011-10-10C,1.1577628180075,1.1625445016115,1.14700404771161,1.15178573131561,0,0.8494300975004029
2011-10-11A,1.15178573131561,1.1625445016115,1.14700404771161,1.17151010759564,1,0.8299278431892104
2011-10-11C,1.17151010759564,1.18346428073397,1.13803839430734,1.14461314678192,0,0.8299278431892104
2011-10-12A,1.14461314678192,1.18346428073397,1.13803839430734,1.14162463483151,0,0.8299278431892104
2011-10-12C,1.14162463483151,1.17748722648329,1.13564754809829,1.17629182338715,1,0.8282409930153506
2011-10-13A,1.17629182338715,1.17748722648329,1.13564754809829,1.17390097931188,1,0.8320364212838671
2011-10-13C,1.17390097931188,1.18226894372774,1.17151017305163,1.17928040027618,1,0.8290844047621614
2011-10-14A,1.17928040027618,1.18226894372774,1.17151017305163,1.175096382442,1,0.8320364212838672
2011-10-14C,1.175096382442,1.18226894372774,1.16911929553888,1.17928040027618,1,0.8337233639474323
2011-10-17A,1.17928040027618,1.18226894372774,1.16911929553888,1.18167137544102,1,0.832458221010424
2011-10-17C,1.18167137544102,1.18824620047524,1.17808509428554,1.17987823486328,1,0.8320365019398467
2011-10-18A,1.17987823486328,1.18824620047524,1.17808509428554,1.17928051459331,1,0.8147463332305064
2011-10-18C,1.17928051459331,1.17928051459331,1.15357895291543,1.15477442741394,0,0.8147463332305064
2011-10-19A,1.15477442741394,1.17928051459331,1.15357895291543,1.1553720075269,0,0.8147463332305064
2011-10-19C,1.1553720075269,1.16254456897477,1.15417660436975,1.15776288509369,0,0.8147463332305064
2011-10-20A,1.15776288509369,1.16254456897477,1.15417660436975,1.15656742023811,0,0.8147463332305064
2011-10-20C,1.15656742023811,1.15656742023811,1.1266819848001,1.13086593151093,0,0.8147463332305064
2011-10-21A,1.13086593151093,1.15656742023811,1.1266819848001,1.1278773358625,0,0.8147463332305064
2011-10-21C,1.1278773358625,1.1404292466676,1.1278773358625,1.13684296607971,0,0.8147463332305064
2011-10-24A,1.13684296607971,1.1404292466676,1.1278773358625,1.12488900123471,0,0.8147463332305064
2011-10-24C,1.12488900123471,1.13863631770308,1.11173942205941,1.13564777374268,0,0.8147463332305064
2011-10-25A,1.13564777374268,1.13863631770308,1.11173942205941,1.1362453375821,0,0.8147463332305064
2011-10-25C,1.1362453375821,1.15656740490961,1.13206139092673,1.15596973896027,1,0.8088483315695989
2011-10-26A,1.15596973896027,1.15656740490961,1.13206139092673,1.14760159888738,0,0.8088483315695989
2011-10-26C,1.14760159888738,1.17091227740653,1.14461305584024,1.16015350818634,1,0.811765549354348
2011-10-27A,1.16015350818634,1.17091227740653,1.14461305584024,1.16433775424957,1,0.811765549354348
2011-10-27C,1.16433775424957,1.17091257914859,1.15955614114393,1.16433775424957,1,0.8159327555016287
2011-10-28A,1.16433775424957,1.17091257914859,1.15955614114393,1.17031489315486,1,0.8234336724887952
2011-10-28C,1.17031489315486,1.18824622809659,1.17031489315486,1.1810736656189,1,0.8234336906569177
2011-10-31A,1.1810736656189,1.18824622809659,1.17031489315486,1.18107369167794,1,0.818433095780667
2011-10-31C,1.18107369167794,1.18107369167794,1.1697172529252,1.17390120029449,1,0.8150990858948509
2011-11-01A,1.17390120029449,1.18107369167794,1.1697172529252,1.1691191378059,1,0.8188495680974596
2011-11-01C,1.1691191378059,1.18645273023787,1.16732599772639,1.17449855804443,1,0.8146824181150524
2011-11-02A,1.17449855804443,1.18645273023787,1.16732599772639,1.16852149969797,1,0.8296842479286135
2011-11-02C,1.16852149969797,1.19183210752775,1.16254441345931,1.19003903865814,1,0.8334347874130023
2011-11-03A,1.19003903865814,1.19183210752775,1.16254441345931,1.19541854105751,1,0.8317679392984579
2011-11-03C,1.19541854105751,1.20498190876665,1.19242999755496,1.19302773475647,1,0.8334348298720881
2011-11-04A,1.19302773475647,1.20498190876665,1.19242999755496,1.19541860195775,1,0.8346849908599707
2011-11-04C,1.19541860195775,1.20438430417463,1.19302779553491,1.19721174240112,1,0.8326013745739619
2011-11-07A,1.19721174240112,1.20438430417463,1.19302779553491,1.19422315399761,1,0.830101052691878
2011-11-07C,1.19422315399761,1.20020016983073,1.19003920728818,1.19063687324524,1,0.8301012264196199
2011-11-08A,1.19063687324524,1.20020016983073,1.19003920728818,1.19063712242774,1,0.8326015488249804
2011-11-08C,1.19063712242774,1.20199356176615,1.19063712242774,1.19422340393066,1,0.8346849159069768
2011-11-09A,1.19422340393066,1.20199356176615,1.19063712242774,1.19721163489397,1,0.8371852376582258
2011-11-09C,1.19721163489397,1.20199324731026,1.18944140783875,1.20079791545868,1,0.8317678647653121
2011-11-10A,1.20079791545868,1.20199324731026,1.18944140783875,1.19302762785152,1,0.8242669495688453
2011-11-10C,1.19302762785152,1.19362529374697,1.18226885795593,1.18226885795593,0,0.8242669495688453
2011-11-11A,1.18226885795593,1.19362529374697,1.18226885795593,1.18346434685787,0,0.8242669495688453
2011-11-11C,1.18346434685787,1.18764829343955,1.17808492589356,1.17928040027618,0,0.8242669495688453
2011-11-14A,1.17928040027618,1.18764829343955,1.17808492589356,1.18884365057735,1,0.8333840115516196
2011-11-14C,1.18884365057735,1.201993227005,1.18764824749347,1.201993227005,1,0.8313120878598531
2011-11-15A,1.201993227005,1.201993227005,1.18764824749347,1.1990048828445,1,0.8300688407745904
2011-11-15C,1.1990048828445,1.20079802328788,1.1960162679372,1.19721174240112,1,0.8292399603446714
2011-11-16A,1.19721174240112,1.20079802328788,1.1960162679372,1.19601624470864,1,0.8093481555723989
2011-11-16C,1.19601624470864,1.20199333190214,1.16553314277327,1.16732621192932,0,0.8093481555723989
2011-11-17A,1.16732621192932,1.20199333190214,1.16553314277327,1.16732621764541,0,0.8093481555723989
2011-11-17C,1.16732621764541,1.17987812931423,1.16672855167464,1.16911935806274,0,0.8093481555723989
2011-11-18A,1.16911935806274,1.17987812931423,1.16672855167464,1.15656735378724,0,0.8093481555723989
2011-11-18C,1.15656735378724,1.17748722864438,1.14461318029887,1.14760172367096,0,0.8093481555723989
2011-11-21A,1.14760172367096,1.17748722864438,1.14461318029887,1.14640632057262,0,0.8093481555723989
2011-11-21C,1.14640632057262,1.15178574139388,1.14162463692677,1.14760172367096,0,0.8093481555723989
2011-11-22A,1.14760172367096,1.15178574139388,1.14162463692677,1.14461334143698,0,0.8093481555723989
2011-11-22C,1.14461334143698,1.1476018852298,1.13744085058472,1.14580881595612,0,0.8093481555723989
2011-11-23A,1.14580881595612,1.1476018852298,1.13744085058472,1.14222238696154,0,0.8093481555723989
2011-11-23C,1.14222238696154,1.1517857543609,1.13385442267397,1.13684296607971,0,0.8093481555723989
2011-11-24A,1.13684296607971,1.1517857543609,1.13385442267397,1.13624533652356,0,0.8093481555723989
2011-11-24C,1.13624533652356,1.1416246863251,1.12668196881806,1.13325679302216,0,0.8093481555723989
2011-11-25A,1.13325679302216,1.1416246863251,1.12668196881806,1.1356474459991,0,0.8093481555723989
2011-11-25C,1.1356474459991,1.14042912920628,1.1236932736074,1.13026809692383,0,0.8093481555723989
2011-11-28A,1.13026809692383,1.14042912920628,1.1236932736074,1.13026839025582,0,0.8093481555723989
2011-11-28C,1.13026839025582,1.14102716245101,1.12548670580768,1.13265919685364,0,0.8093481555723989
2011-11-29A,1.13265919685364,1.14102716245101,1.12548670580768,1.13983149665302,0,0.8093481555723989
2011-11-29C,1.13983149665302,1.14879719802179,1.13385440990883,1.14760172367096,1,0.8089266181837337
2011-11-30A,1.14760172367096,1.14879719802179,1.13385440990883,1.14700401175861,1,0.7840560178289576
2011-11-30C,1.14700401175861,1.14700401175861,1.10576207212584,1.11173915863037,0,0.7840560178289576
2011-12-01A,1.11173915863037,1.14700401175861,1.10576207212584,1.1416246863251,0,0.7840560178289576
2011-12-01C,1.1416246863251,1.15059031682932,1.12967051231947,1.13325679302216,0,0.7840560178289576
2011-12-02A,1.13325679302216,1.15059031682932,1.12967051231947,1.1302683552273,0,0.7840560178289576
2011-12-02C,1.1302683552273,1.13206149574635,1.11532563632277,1.12130272388458,0,0.7840560178289576
2011-12-05A,1.12130272388458,1.13206149574635,1.11532563632277,1.11831431451741,0,0.7840560178289576
2011-12-05C,1.11831431451741,1.11831431451741,1.11054408550262,1.11054408550262,0,0.7840560178289576
2011-12-06A,1.11054408550262,1.11831431451741,1.11054408550262,1.11173919217696,0,0.7840560178289576
2011-12-06C,1.11173919217696,1.1153254726889,1.10635977140907,1.11472773551941,0,0.7840560178289576
2011-12-07A,1.11472773551941,1.1153254726889,1.10635977140907,1.11412999834992,0,0.7840560178289576
2011-12-07C,1.11412999834992,1.11891168194833,1.10635977140907,1.11472773551941,0,0.7840560178289576
2011-12-08A,1.11472773551941,1.11891168194833,1.10635977140907,1.11233685809396,0,0.7840560178289576
2011-12-08C,1.11233685809396,1.12249796246027,1.10396896523611,1.11472773551941,0,0.7840560178289576
2011-12-09A,1.11472773551941,1.12249796246027,1.10396896523611,1.11353262964273,0,0.7840560178289576
2011-12-09C,1.11353262964273,1.11472803304827,1.10636006670446,1.11054408550262,0,0.7840560178289576
2011-12-12A,1.11054408550262,1.11472803304827,1.10636006670446,1.10695758551551,0,0.7840560178289576
2011-12-12C,1.10695758551551,1.11054386627669,1.10098049841519,1.10157823562622,0,0.7840560178289576
2011-12-13A,1.10157823562622,1.11054386627669,1.10098049841519,1.09978497661658,0,0.7840560178289576
2011-12-13C,1.09978497661658,1.10157811680376,1.08603766351822,1.08723306655884,0,0.7840560178289576
2011-12-14A,1.08723306655884,1.10157811680376,1.08603766351822,1.08364697958269,0,0.7840560178289576
2011-12-14C,1.08364697958269,1.09201494486545,1.07647448880641,1.08065843582153,0,0.7840560178289576
2011-12-15A,1.08065843582153,1.09201494486545,1.07647448880641,1.07946292369951,0,0.7840560178289576
2011-12-15C,1.07946292369951,1.07946292369951,1.06153166294098,1.06153166294098,0,0.7840560178289576
2011-12-16A,1.06153166294098,1.07946292369951,1.06153166294098,1.06272697422686,0,0.7840560178289576
2011-12-16C,1.06272697422686,1.07826742737549,1.0513704673098,1.0770720243454,0,0.7840560178289576
2011-12-19A,1.0770720243454,1.07826742737549,1.0513704673098,1.07468148230418,0,0.7840560178289576
2011-12-19C,1.07468148230418,1.07468148230418,1.04838225117513,1.06989979743958,0,0.7840560178289576
2011-12-20A,1.06989979743958,1.07468148230418,1.04838225117513,1.06452017593358,0,0.7840560178289576
2011-12-20C,1.06452017593358,1.07886515562884,1.06392243875774,1.06691098213196,0,0.7840560178289576
2011-12-21A,1.06691098213196,1.07886515562884,1.06392243875774,1.07468118802396,0,0.7840560178289576
2011-12-21C,1.07468118802396,1.07587659109965,1.05316364765167,1.05316364765167,0,0.7840560178289576
2011-12-22A,1.05316364765167,1.07587659109965,1.05316364765167,1.05137063208956,0,0.7840560178289576
2011-12-22C,1.05137063208956,1.06332487802148,1.0400141946451,1.05495691299438,0,0.7840560178289576
2011-12-23A,1.05495691299438,1.06332487802148,1.0400141946451,1.05495672631873,0,0.7840560178289576
2011-12-23C,1.05495672631873,1.06810630188877,1.05495672631873,1.06332468986511,0,0.7840560178289576
2011-12-26A,1.06332468986511,1.06810630188877,1.05495672631873,1.06272714649965,0,0.7840560178289576
2011-12-26C,1.06272714649965,1.0687042338715,1.05615232188962,1.05675005912781,0,0.7840560178289576
2011-12-27A,1.05675005912781,1.0687042338715,1.05615232188962,1.05973847144668,0,0.7840560178289576
2011-12-27C,1.05973847144668,1.06093387452236,1.0507728415003,1.05316364765167,0,0.7840560178289576
2011-12-28A,1.05316364765167,1.06093387452236,1.0507728415003,1.04957752974596,0,0.7840560178289576
2011-12-28C,1.04957752974596,1.05196833610535,1.04001416180341,1.05196833610535,0,0.7840560178289576
2011-12-29A,1.05196833610535,1.05196833610535,1.04001416180341,1.04778427652214,0,0.7840560178289576
2011-12-29C,1.04778427652214,1.05555450323218,1.04778427652214,1.05376136302948,0,0.7840560178289576
2011-12-30A,1.05376136302948,1.05555450323218,1.04778427652214,1.05376143569512,0,0.7840560178289576
2011-12-30C,1.05376143569512,1.06691101266754,1.05376143569512,1.06153166294098,1,0.7889121942178289
2012-01-04A,1.06153166294098,1.06691101266754,1.05376143569512,1.06810642913165,1,0.7761095109763857
2012-01-04C,1.06810642913165,1.07169270982911,1.05077290534973,1.05077290534973,0,0.7761095109763857
2012-01-05A,1.05077290534973,1.07169270982911,1.05077290534973,1.04061197867434,0,0.7761095109763857
2012-01-05C,1.04061197867434,1.0633249258371,1.04061197867434,1.04718673229218,0,0.7761095109763857
2012-01-06A,1.04718673229218,1.0633249258371,1.04061197867434,1.04300273831496,0,0.7761095109763857
2012-01-06C,1.04300273831496,1.05615231621183,1.04300273831496,1.05495691299438,1,0.780946400894929
2012-01-09A,1.05495691299438,1.05615231621183,1.04300273831496,1.06153164295812,1,0.798095576601045
2012-01-09C,1.06153164295812,1.0848423242569,1.05017513527334,1.0848423242569,1,0.795896875669057
2012-01-10A,1.0848423242569,1.0848423242569,1.05017513527334,1.08185365485522,1,0.8178830093533036
2012-01-10C,1.08185365485522,1.11233682452933,1.07707204265359,1.11173915863037,1,0.8244787790610068
2012-01-11A,1.11173915863037,1.11233682452933,1.07707204265359,1.12070471407229,1,0.8121665638850837
2012-01-11C,1.12070471407229,1.12070471407229,1.10157805277659,1.10396885871887,1,0.8082092732973348
2012-01-12A,1.10396885871887,1.12070471407229,1.10157805277659,1.09858975821407,1,0.814805098731469
2012-01-12C,1.09858975821407,1.11353247686445,1.09679661772552,1.1075553894043,1,0.8121666654343399
2012-01-13A,1.1075553894043,1.11353247686445,1.09679661772552,1.10396899675363,1,0.8055708406674225
2012-01-13C,1.10396899675363,1.10815294330201,1.08842854242825,1.09500336647034,1,0.8086488751748423
2012-01-16A,1.09500336647034,1.10815294330201,1.08842854242825,1.09918730409269,1,0.7980955766010451
2012-01-16C,1.09918730409269,1.09918730409269,1.0842445870752,1.0848423242569,1,0.798535330101622
2012-01-17A,1.0848423242569,1.09918730409269,1.0842445870752,1.08544007623505,1,0.8293159002897438
2012-01-17C,1.08544007623505,1.12727975845337,1.07707218254288,1.12727975845337,1,0.8297556975118854
2012-01-18A,1.12727975845337,1.12727975845337,1.07707218254288,1.12787756986175,1,0.8183229113272958
2012-01-18C,1.12787756986175,1.13206158849983,1.10994630570715,1.11233711242676,1,0.8170036405212641
2012-01-19A,1.11233711242676,1.13206158849983,1.10994630570715,1.11054384248579,1,0.8323938986113344
2012-01-19C,1.11054384248579,1.13684299666278,1.11054384248579,1.13146364688873,1,0.8354719343281439
2012-01-20A,1.13146364688873,1.13684299666278,1.11054384248579,1.13564758615499,1,0.841628068975625
2012-01-20C,1.13564758615499,1.14760176002201,1.12727969294907,1.1440155506134,1,0.8442663915568652
2012-01-30A,1.1440155506134,1.14760176002201,1.12727969294907,1.14760179276921,1,0.8271172674173503
2012-01-30C,1.14760179276921,1.14760179276921,1.12369344435292,1.12429118156433,1,0.8288761020615465
2012-01-31A,1.12429118156433,1.14760179276921,1.12369344435292,1.12668194567747,1,0.8284363594410273
2012-01-31C,1.12668194567747,1.12727968286647,1.1195094556719,1.12608420848846,1,0.8222802256063612
2012-02-01A,1.12608420848846,1.12727968286647,1.1195094556719,1.1177162451349,1,0.8178830093533035
2012-02-01C,1.1177162451349,1.12787727794211,1.11054375557996,1.11173915863037,0,0.8178830093533035
2012-02-02A,1.11173915863037,1.12787727794211,1.11054375557996,1.11054398644005,0,0.8178830093533035
2012-02-02C,1.11054398644005,1.13445233742825,1.11054398644005,1.13265919685364,1,0.8178829752020026
2012-02-03A,1.13265919685364,1.13445233742825,1.11054398644005,1.13265914955863,1,0.8234937868877958
2012-02-03C,1.13265914955863,1.14580879905507,1.12369351831242,1.14042937755585,1,0.8239253876819203
2012-02-06A,1.14042937755585,1.14580879905507,1.12369351831242,1.14102708725668,1,0.8226305771009543
2012-02-06C,1.14102708725668,1.14700417460984,1.13445226266721,1.13923394680023,1,0.8200410005755829
2012-02-07A,1.13923394680023,1.14700417460984,1.13445226266721,1.13564772770303,1,0.8092509975648736
2012-02-07C,1.13564772770303,1.13564772770303,1.11353251754307,1.12070500850677,0,0.8092509975648736
2012-02-08A,1.12070500850677,1.13564772770303,1.11353251754307,1.11950958782781,0,0.8092509975648736
2012-02-08C,1.11950958782781,1.15118816628219,1.11771644730162,1.14580881595612,1,0.8062959487420474
2012-02-09A,1.14580881595612,1.15118816628219,1.11771644730162,1.14162479764417,1,0.8092509975648737
2012-02-09C,1.14162479764417,1.149395025756,1.13744085058472,1.14580881595612,1,0.8092509206239037
2012-02-10A,1.14580881595612,1.149395025756,1.13744085058472,1.14580870701632,1,0.8062958720820316
2012-02-10C,1.14580870701632,1.15477433754235,1.13803847964326,1.14162468910217,1,0.8050294711059719
2012-02-13A,1.14162468910217,1.15477433754235,1.13803847964326,1.13983160709514,1,0.8033409149872129
2012-02-13C,1.13983160709514,1.1464064316518,1.13086597611015,1.13744080066681,0,0.8033409149872129
2012-02-14A,1.13744080066681,1.1464064316518,1.13086597611015,1.13744091436942,0,0.8033409149872129
2012-02-14C,1.13744091436942,1.13803865166251,1.1284752824882,1.13564777374268,0,0.8033409149872129
2012-02-15A,1.13564777374268,1.13803865166251,1.1284752824882,1.13684300523779,0,0.8033409149872129
2012-02-15C,1.13684300523779,1.14999265367797,1.12847511191449,1.14162468910217,1,0.8041820988472438
2012-02-16A,1.14162468910217,1.14999265367797,1.12847511191449,1.14282009225514,1,0.8033409149872129
2012-02-16C,1.14282009225514,1.14700411016929,1.13445219893185,1.14162468910217,1,0.8046027844461741
2012-02-17A,1.14162468910217,1.14700411016929,1.13445219893185,1.14341792694416,1,0.8037616005144239
2012-02-17C,1.14341792694416,1.14760187396253,1.13744083941721,1.14222252368927,1,0.8092293517756476
2012-02-20A,1.14222252368927,1.14760187396253,1.13744083941721,1.149992724008,1,0.8029203972309009
2012-02-20C,1.149992724008,1.1553720741516,1.14102709293365,1.14102709293365,0,0.8029203972309009
2012-02-21A,1.14102709293365,1.1553720741516,1.14102709293365,1.14102704610649,0,0.8029203972309009
2012-02-21C,1.14102704610649,1.14939493959812,1.13564762493115,1.14879727363586,1,0.8016669909205605
2012-02-22A,1.14879727363586,1.14939493959812,1.13564762493115,1.14700393302944,1,0.8108575264055381
2012-02-22C,1.14700393302944,1.16075124529676,1.14580853006108,1.16015350818634,1,0.8112753665198633
2012-02-23A,1.16015350818634,1.16075124529676,1.14580853006108,1.16075134277344,1,0.8112753665198633
2012-02-23C,1.16075134277344,1.16672842936965,1.15836046538346,1.16075134277344,1,0.8125288690314084
2012-02-24A,1.16075134277344,1.16672842936965,1.15836046538346,1.162544821022,1,0.8233903969293194
2012-02-24C,1.162544821022,1.17868294527356,1.16015394293686,1.17808520793915,1,0.8242257903904048
2012-02-27A,1.17808520793915,1.17868294527356,1.16015394293686,1.1792804668139,1,0.8284033118482375
2012-02-27C,1.1792804668139,1.19482085088734,1.1792804668139,1.18525755405426,1,0.8271500877505528
2012-02-28A,1.18525755405426,1.19482085088734,1.1792804668139,1.18346447415289,1,0.8313276094220183
2012-02-28C,1.18346447415289,1.19003929895452,1.18047593037988,1.18944156169891,1,0.8313275880647113
2012-02-29A,1.18944156169891,1.19003929895452,1.18047593037988,1.18944153114144,1,0.8192127456487002
2012-02-29C,1.18944153114144,1.18944153114144,1.17091253172379,1.17210793495178,1,0.8187950504068662
2012-03-01A,1.17210793495178,1.18944153114144,1.17091253172379,1.17151030764441,1,0.8225548000187376
2012-03-01C,1.17151030764441,1.18107360503662,1.1685217638495,1.17688965797424,1,0.8225547939919418
2012-03-02A,1.17688965797424,1.18107360503662,1.1685217638495,1.17688964935126,1,0.8313276094220184
2012-03-02C,1.17688964935126,1.18944156169891,1.17688964935126,1.18944156169891,1,0.8317452511799593
2012-03-05A,1.18944156169891,1.18944156169891,1.17688964935126,1.19003911248294,1,0.8271499581414063
2012-03-05C,1.19003911248294,1.19541846193045,1.18107341131627,1.18346428871155,1,0.8246435709969908
2012-03-06A,1.18346428871155,1.19541846193045,1.18107341131627,1.1798782162589,1,0.8150352610042261
2012-03-06C,1.1798782162589,1.1822690940757,1.16314235655139,1.166130900383,0,0.8150352610042261
2012-03-07A,1.166130900383,1.1822690940757,1.16314235655139,1.16134925810178,0,0.8150352610042261
2012-03-07C,1.16134925810178,1.16493553933072,1.15596990751088,1.15656757354736,0,0.8150352610042261
2012-03-08A,1.15656757354736,1.16493553933072,1.15596990751088,1.15895826927852,0,0.8150352610042261
2012-03-08C,1.15895826927852,1.17151018035432,1.15895826927852,1.16672849655151,0,0.8150352610042261
2012-03-09A,1.16672849655151,1.17151018035432,1.15895826927852,1.17151001499608,0,0.8150352610042261
2012-03-09C,1.17151001499608,1.17688936398213,1.16493519178869,1.17449855804443,1,0.8142058382367428
2012-03-12A,1.17449855804443,1.17688936398213,1.16493519178869,1.17330332651148,0,0.8142058382367428
2012-03-12C,1.17330332651148,1.17987807942703,1.16254455571489,1.16852164268494,0,0.8142058382367428
2012-03-13A,1.16852164268494,1.17987807942703,1.16254455571489,1.16971729098282,0,0.8142058382367428
2012-03-13C,1.16971729098282,1.17928066064024,1.16493560615412,1.17868292331696,1,0.8158571956999837
2012-03-14A,1.17868292331696,1.17928066064024,1.16493560615412,1.18107350657098,1,0.7968645666320748
2012-03-14C,1.18107350657098,1.18705059366249,1.15298121149138,1.15357887744904,0,0.7968645666320748
2012-03-15A,1.15357887744904,1.18705059366249,1.15298121149138,1.15477434337745,0,0.7968645666320748
2012-03-15C,1.15477434337745,1.15716514969548,1.13923388855281,1.1434178352356,0,0.7968645666320748
2012-03-16A,1.1434178352356,1.15716514969548,1.13923388855281,1.14341784364397,0,0.7968645666320748
2012-03-16C,1.14341784364397,1.15596975503714,1.14341784364397,1.15357887744904,0,0.7968645666320748
2012-03-19A,1.15357887744904,1.15596975503714,1.14341784364397,1.15357900221985,0,0.7968645666320748
2012-03-19C,1.15357900221985,1.15895842393554,1.14760191448186,1.15537214279175,0,0.7968645666320748
2012-03-20A,1.15537214279175,1.15895842393554,1.14760191448186,1.15357878258483,0,0.7968645666320748
2012-03-20C,1.15357878258483,1.15656732588482,1.14401548677635,1.14640629291534,0,0.7968645666320748
2012-03-21A,1.14640629291534,1.15656732588482,1.14401548677635,1.1434178352356,0,0.7968645666320748
2012-03-21C,1.1434178352356,1.15298120301269,1.13863615134705,1.1434178352356,0,0.7968645666320748
2012-03-22A,1.1434178352356,1.15298120301269,1.13863615134705,1.14162479764417,0,0.7968645666320748
2012-03-22C,1.14162479764417,1.14879735974893,1.13803858784429,1.14580881595612,0,0.7968645666320748
2012-03-23A,1.14580881595612,1.14879735974893,1.13803858784429,1.14162471410518,0,0.7968645666320748
2012-03-23C,1.14162471410518,1.14162471410518,1.13265908338279,1.13445222377777,0,0.7968645666320748
2012-03-26A,1.13445222377777,1.14162471410518,1.13265908338279,1.13445215985612,0,0.7968645666320748
2012-03-26C,1.13445215985612,1.138038440444,1.13265901956218,1.13684296607971,0,0.7968645666320748
2012-03-27A,1.13684296607971,1.138038440444,1.13265901956218,1.13744091436942,0,0.7968645666320748
2012-03-27C,1.13744091436942,1.14162486166349,1.13385463311593,1.13564777374268,0,0.7968645666320748
2012-03-28A,1.13564777374268,1.14162486166349,1.13385463311593,1.13385449187133,0,0.7968645666320748
2012-03-28C,1.13385449187133,1.13445222908995,1.10875073998158,1.11353242397308,0,0.7968645666320748
2012-03-29A,1.11353242397308,1.13445222908995,1.10875073998158,1.11233705015613,0,0.7968645666320748
2012-03-29C,1.11233705015613,1.11233705015613,1.09799206813651,1.09978520870209,0,0.7968645666320748
2012-03-30A,1.09978520870209,1.11233705015613,1.09799206813651,1.09978512844018,0,0.7968645666320748
2012-03-30C,1.09978512844018,1.11054389979598,1.09978512844018,1.10456681251526,0,0.7968645666320748
2012-04-05A,1.10456681251526,1.11054389979598,1.09978512844018,1.10516447851229,0,0.7968645666320748
2012-04-05C,1.10516447851229,1.12787742442995,1.10098053166621,1.12727975845337,1,0.792639405936281
2012-04-06A,1.12727975845337,1.12787742442995,1.10098053166621,1.12130265979944,0,0.792639405936281
2012-04-06C,1.12130265979944,1.12787741299017,1.12130265979944,1.12369346618652,1,0.7905312577751094
2012-04-09A,1.12369346618652,1.12787741299017,1.12130265979944,1.12070482810378,0,0.7905312577751094
2012-04-09C,1.12070482810378,1.12369337146196,1.10695751440567,1.11652088165283,0,0.7905312577751094
2012-04-10A,1.11652088165283,1.12369337146196,1.10695751440567,1.11233695771663,0,0.7905312577751094
2012-04-10C,1.11233695771663,1.12488886938006,1.10635987049642,1.12369346618652,1,0.7888492786565823
2012-04-11A,1.12369346618652,1.12488886938006,1.10635987049642,1.12130263226672,1,0.7896902585104054
2012-04-11C,1.12130263226672,1.12967052566854,1.11652094835746,1.12249803543091,1,0.7905313061068688
2012-04-12A,1.12249803543091,1.12967052566854,1.11652094835746,1.12369353488726,1,0.8060896603071005
2012-04-12C,1.12369353488726,1.14700421922274,1.12369353488726,1.14580881595612,1,0.8069306223669442
2012-04-13A,1.14580881595612,1.14700421922274,1.12369353488726,1.14700419382722,1,0.8111355720302403
2012-04-13C,1.14700419382722,1.156567491001,1.14401565010057,1.15298128128052,1,0.8090330892490954
2012-04-16A,1.15298128128052,1.156567491001,1.14401565010057,1.14999272625413,1,0.8086125742361147
2012-04-16C,1.14999272625413,1.15238353271096,1.14222249839069,1.14939498901367,1,0.8073510005632558
2012-04-17A,1.14939498901367,1.15238353271096,1.14222249839069,1.14760173659087,1,0.7997820819566851
2012-04-17C,1.14760173659087,1.14999261406696,1.13624530015006,1.13684296607971,1,0.8023051362042024
2012-04-18A,1.13684296607971,1.14999261406696,1.13624530015006,1.14042933859172,1,0.8149199848563208
2012-04-18C,1.14042933859172,1.15955607493215,1.13744079494509,1.1583606004715,1,0.8153405529528943
2012-04-19A,1.1583606004715,1.15955607493215,1.13744079494509,1.15895841316715,1,0.8157610679861292
2012-04-19C,1.15895841316715,1.16134921973913,1.15357899150144,1.1595561504364,1,0.8132379407561547
2012-04-20A,1.1595561504364,1.16134921973913,1.15357899150144,1.15596967418414,1,0.8250118083026007
2012-04-20C,1.15596967418414,1.17449867137283,1.15596967418414,1.1727055311203,1,0.8241709300774556
2012-04-23A,1.1727055311203,1.17449867137283,1.15596967418414,1.17151027241527,1,0.8199659804445653
2012-04-23C,1.17151027241527,1.1744988161203,1.16553318500519,1.16553318500519,1,0.8170224154516804
2012-04-24A,1.16553318500519,1.1744988161203,1.16553318500519,1.16134908131888,1,0.8220683947412312
2012-04-24C,1.16134908131888,1.18286662291206,1.15357885400731,1.16852164268494,1,0.8216478389854802
2012-04-25A,1.16852164268494,1.18286662291206,1.15357885400731,1.16792384753104,1,0.8250118083026007
2012-04-25C,1.16792384753104,1.17509633728868,1.16015362060506,1.1727055311203,1,0.8254324185653167
2012-04-26A,1.1727055311203,1.17509633728868,1.16015362060506,1.17330340375263,1,0.8233298936382902
2012-04-26C,1.17330340375263,1.17688961341925,1.16732624513659,1.17031478881836,1,0.8233298936382902
2012-04-27A,1.17031478881836,1.17688961341925,1.16732624513659,1.17031478881836,1,0.8233298936382902
2012-04-27C,1.17031478881836,1.17330340375263,1.16672857915174,1.17031478881836,1,0.8308987316356637
2012-05-02A,1.17031478881836,1.17330340375263,1.16672857915174,1.18107344474831,1,0.8346832159816363
2012-05-02C,1.18107344474831,1.19362535548446,1.17748723543262,1.18645286560059,1,0.8346832354144175
2012-05-03A,1.18645286560059,1.19362535548446,1.17748723543262,1.18645289322314,1,0.8355242152463404
2012-05-03C,1.18645289322314,1.18884369948926,1.18226894663118,1.1876482963562,1,0.8363653254559449
2012-05-04A,1.1876482963562,1.18884369948926,1.18226894663118,1.18884388481343,1,0.8397292954349854
2012-05-04C,1.18884388481343,1.19422330662952,1.18226913093044,1.19362556934357,1,0.8376267174523027
2012-05-07A,1.19362556934357,1.19422330662952,1.18226913093044,1.19063687899382,1,0.83888821230517
2012-05-07C,1.19063687899382,1.19422315976351,1.18705059822413,1.19243001937866,1,0.8380473692559086
2012-05-08A,1.19243001937866,1.19422315976351,1.18705059822413,1.19123481067407,1,0.83426288407949
2012-05-08C,1.19123481067407,1.19302795135164,1.18286684459624,1.18585538864136,1,0.8321602530664282
2012-05-09A,1.18585538864136,1.19302795135164,1.18286684459624,1.18286662291206,1,0.822068394741231
2012-05-09C,1.18286662291206,1.18286662291206,1.16792390548693,1.16852164268494,0,0.822068394741231
2012-05-10A,1.16852164268494,1.18286662291206,1.16792390548693,1.16672854596147,0,0.822068394741231
2012-05-10C,1.16672854596147,1.17270563315497,1.16672854596147,1.16732621192932,0,0.822068394741231
2012-05-11A,1.16732621192932,1.17270563315497,1.16672854596147,1.1661309041356,0,0.822068394741231
2012-05-11C,1.1661309041356,1.17509653565928,1.1595561504364,1.1595561504364,0,0.822068394741231
2012-05-14A,1.1595561504364,1.17509653565928,1.1595561504364,1.16732616992893,0,0.822068394741231
2012-05-14C,1.16732616992893,1.17270559096103,1.15417659282684,1.15417659282684,0,0.822068394741231
2012-05-15A,1.15417659282684,1.17270559096103,1.15417659282684,1.15238354403419,0,0.822068394741231
2012-05-15C,1.15238354403419,1.15298128128052,1.14282017560791,1.15298128128052,0,0.822068394741231
2012-05-16A,1.15298128128052,1.15298128128052,1.14282017560791,1.15178596813089,0,0.822068394741231
2012-05-16C,1.15178596813089,1.15178596813089,1.13325696707535,1.13564777374268,0,0.822068394741231
2012-05-17A,1.13564777374268,1.15178596813089,1.13325696707535,1.13445215863321,0,0.822068394741231
2012-05-17C,1.13445215863321,1.15417655934032,1.13445215863321,1.15118801593781,0,0.822068394741231
2012-05-18A,1.15118801593781,1.15417655934032,1.13445215863321,1.14700418031655,0,0.822068394741231
2012-05-18C,1.14700418031655,1.14700418031655,1.13564767153755,1.14102709293365,0,0.822068394741231
2012-05-21A,1.14102709293365,1.14700418031655,1.13564767153755,1.13744074818804,0,0.822068394741231
2012-05-21C,1.13744074818804,1.14580871280612,1.13624534502903,1.1434178352356,0,0.822068394741231
2012-05-22A,1.1434178352356,1.14580871280612,1.13624534502903,1.14760176864955,0,0.822068394741231
2012-05-22C,1.14760176864955,1.15537199597203,1.14341782201514,1.15417659282684,1,0.82121693032968
2012-05-23A,1.15417659282684,1.15537199597203,1.14341782201514,1.15298114449222,0,0.82121693032968
2012-05-23C,1.15298114449222,1.15596968786432,1.14162463692677,1.14760172367096,0,0.82121693032968
2012-05-24A,1.14760172367096,1.15596968786432,1.14162463692677,1.15118801593781,0,0.82121693032968
2012-05-24C,1.15118801593781,1.15357882215882,1.14222238573026,1.15118801593781,0,0.82121693032968
2012-05-25A,1.15118801593781,1.15357882215882,1.14222238573026,1.14700435415167,0,0.82121693032968
2012-05-25C,1.14700435415167,1.14999289829605,1.12967075536277,1.13505017757416,0,0.82121693032968
2012-05-28A,1.13505017757416,1.14999289829605,1.12967075536277,1.1356477644355,0,0.82121693032968
2012-05-28C,1.1356477644355,1.14879741475553,1.1284752732398,1.14819967746735,1,0.8207893678517562
2012-05-29A,1.14819967746735,1.14879741475553,1.1284752732398,1.14760187306133,0,0.8207893678517562
2012-05-29C,1.14760187306133,1.16553320688061,1.14282018879302,1.16493546962738,1,0.8203682636682189
2012-05-30A,1.16493546962738,1.16553320688061,1.14282018879302,1.16433780204173,1,0.8148935218475429
2012-05-30C,1.16433780204173,1.16433780204173,1.15537217022189,1.15656757354736,1,0.8132089018101701
2012-05-31A,1.15656757354736,1.16433780204173,1.15537217022189,1.15417661465919,1,0.8127877485706543
2012-05-31C,1.15417661465919,1.15836056137274,1.14879726477783,1.15357887744904,1,0.8132089018101701
2012-06-01A,1.15357887744904,1.15836056137274,1.14879726477783,1.15417661465919,1,0.8127877485706543
2012-06-01C,1.15417661465919,1.15836056137274,1.14999266794563,1.15357887744904,1,0.8064707767406314
2012-06-04A,1.15357887744904,1.15836056137274,1.14999266794563,1.14461328306678,0,0.8064707767406314
2012-06-04C,1.14461328306678,1.14461328306678,1.12309574035479,1.12727975845337,0,0.8064707767406314
2012-06-05A,1.12727975845337,1.14461328306678,1.12309574035479,1.12429118156433,0,0.8064707767406314
2012-06-05C,1.12429118156433,1.13265907500903,1.12249804118261,1.12429118156433,0,0.8064707767406314
2012-06-06A,1.12429118156433,1.13265907500903,1.12249804118261,1.12847525879391,0,0.8064707767406314
2012-06-06C,1.12847525879391,1.12907299607445,1.11173939871653,1.12010729312897,0,0.8064707767406314
2012-06-07A,1.12010729312897,1.12907299607445,1.11173939871653,1.12787746612024,0,0.8064707767406314
2012-06-07C,1.12787746612024,1.13445229087318,1.11472788786685,1.11771643161774,0,0.8064707767406314
2012-06-08A,1.11771643161774,1.13445229087318,1.11472788786685,1.12727961204315,0,0.8064707767406314
2012-06-08C,1.12727961204315,1.12727961204315,1.10934828127706,1.11173915863037,0,0.8064707767406314
2012-06-11A,1.11173915863037,1.12727961204315,1.10934828127706,1.11472795908817,0,0.8064707767406314
2012-06-11C,1.11472795908817,1.12668213485546,1.11114167785697,1.12548673152924,0,0.8064707767406314
2012-06-12A,1.12548673152924,1.12668213485546,1.11114167785697,1.1213026678108,0,0.8064707767406314
2012-06-12C,1.1213026678108,1.1213026678108,1.10635987840102,1.11114156246185,0,0.8064707767406314
2012-06-13A,1.11114156246185,1.1213026678108,1.10635987840102,1.1123370811832,0,0.8064707767406314
2012-06-13C,1.1123370811832,1.1260843975661,1.10994627453075,1.12548673152924,1,0.8017594101434733
2012-06-14A,1.12548673152924,1.1260843975661,1.10994627453075,1.11891168783838,0,0.8017594101434733
2012-06-14C,1.11891168783838,1.12548651172736,1.11652088165283,1.11652088165283,0,0.8017594101434733
2012-06-15A,1.11652088165283,1.12548651172736,1.11652088165283,1.1219003039712,0,0.8017594101434733
2012-06-15C,1.1219003039712,1.12727972511637,1.11652095407854,1.12429118156433,1,0.8030381191894455
2012-06-18A,1.12429118156433,1.12727972511637,1.11652095407854,1.12608428967879,1,0.8051693732320594
2012-06-18C,1.12608428967879,1.13504999189779,1.12548662369919,1.12907290458679,1,0.8026119124503027
2012-06-19A,1.12907290458679,1.13504999189779,1.12548662369919,1.1254866284948,1,0.8009069193713305
2012-06-19C,1.1254866284948,1.12787743492839,1.12249808482657,1.12309575080872,1,0.8013331803440431
2012-06-20A,1.12309575080872,1.12787743492839,1.12249808482657,1.12369348804336,1,0.8009069193713305
2012-06-20C,1.12369348804336,1.12727976894624,1.12070494437513,1.12309575080872,1,0.8013330979432527
2012-06-21A,1.12309575080872,1.12727976894624,1.12070494437513,1.12369337249438,1,0.7859884158698085
2012-06-21C,1.12369337249438,1.12369337249438,1.10038269152769,1.10217583179474,0,0.7859884158698085
2012-06-25A,1.10217583179474,1.12369337249438,1.10038269152769,1.09858960749557,0,0.7859884158698085
2012-06-25C,1.09858960749557,1.10098041365063,1.0866353629628,1.09022164344788,0,0.7859884158698085
2012-06-26A,1.09022164344788,1.10098041365063,1.0866353629628,1.08902634803424,0,0.7859884158698085
2012-06-26C,1.08902634803424,1.08902634803424,1.07886524273946,1.08663547039032,0,0.7859884158698085
2012-06-27A,1.08663547039032,1.08902634803424,1.07886524273946,1.08544012573165,0,0.7859884158698085
2012-06-27C,1.08544012573165,1.09022181002486,1.08185384469862,1.08245158195496,0,0.7859884158698085
2012-06-28A,1.08245158195496,1.09022181002486,1.08185384469862,1.08424465576876,0,0.7859884158698085
2012-06-28C,1.08424465576876,1.08783093658117,1.07647442817688,1.07647442817688,0,0.7859884158698085
2012-06-29A,1.07647442817688,1.08783093658117,1.07647442817688,1.07707217357214,0,0.7859884158698085
2012-06-29C,1.07707217357214,1.08723320761442,1.07109508634109,1.08663547039032,0,0.7859884158698085
2012-07-02A,1.08663547039032,1.08723320761442,1.07109508634109,1.09141723535698,0,0.7859884158698085
2012-07-02C,1.09141723535698,1.09141723535698,1.07647451617131,1.08185386657715,0,0.7859884158698085
2012-07-03A,1.08185386657715,1.09141723535698,1.07647451617131,1.08185364599731,0,0.7859884158698085
2012-07-03C,1.08185364599731,1.09201474997381,1.08125598010324,1.08723306655884,0,0.7859884158698085
2012-07-04A,1.08723306655884,1.09201474997381,1.08125598010324,1.08723327749434,0,0.7859884158698085
2012-07-04C,1.08723327749434,1.08962408403943,1.08185385588915,1.0860378742218,0,0.7859884158698085
2012-07-05A,1.0860378742218,1.08962408403943,1.08185385588915,1.08364692430499,0,0.7859884158698085
2012-07-05C,1.08364692430499,1.08364692430499,1.07109508389989,1.0782675743103,0,0.7859884158698085
2012-07-06A,1.0782675743103,1.08364692430499,1.07109508389989,1.08603762980131,1,0.7846906824094533
2012-07-06C,1.08603762980131,1.08663529567682,1.06989943987023,1.0842444896698,0,0.7846906824094533
2012-07-09A,1.0842444896698,1.08663529567682,1.06989943987023,1.07886507144698,0,0.7846906824094533
2012-07-09C,1.07886507144698,1.08006054570538,1.05914067246568,1.06332468986511,0,0.7846906824094533
2012-07-10A,1.06332468986511,1.08006054570538,1.05914067246568,1.06033625980758,0,0.7846906824094533
2012-07-10C,1.06033625980758,1.06332480326733,1.05734771634782,1.06153166294098,0,0.7846906824094533
2012-07-11A,1.06153166294098,1.06332480326733,1.05734771634782,1.06033618028292,0,0.7846906824094533
2012-07-11C,1.06033618028292,1.06631326675415,1.05794530294293,1.06631326675415,0,0.7846906824094533
2012-07-12A,1.06631326675415,1.06631326675415,1.05794530294293,1.06691105449298,0,0.7846906824094533
2012-07-12C,1.06691105449298,1.07766982562037,1.05794542376224,1.07468128204346,1,0.7846906782136764
2012-07-13A,1.07468128204346,1.07766982562037,1.05794542376224,1.07468127629709,1,0.7833813964968658
2012-07-13C,1.07468127629709,1.07946296024509,1.07049732956229,1.07288813591003,1,0.7842542386772704
2012-07-16A,1.07288813591003,1.07946296024509,1.07049732956229,1.07408354599261,1,0.7742164821507995
2012-07-16C,1.07408354599261,1.07527894909488,1.05914075783061,1.06033623218536,0,0.7742164821507995
2012-07-17A,1.06033623218536,1.07527894909488,1.05914075783061,1.0603362569154,0,0.7742164821507995
2012-07-17C,1.0603362569154,1.06989955320903,1.0603362569154,1.06810641288757,0,0.7742164821507995
2012-07-18A,1.06810641288757,1.06989955320903,1.0603362569154,1.06870418917523,1,0.7772475178249677
2012-07-18C,1.06870418917523,1.07408361033641,1.06153169887949,1.07288813591003,1,0.7789794813836425
2012-07-19A,1.07288813591003,1.07408361033641,1.06153169887949,1.07527888417402,1,0.7802785112644559
2012-07-19C,1.07527888417402,1.08723305697989,1.07169260383126,1.0770720243454,1,0.7828765849333456
2012-07-20A,1.0770720243454,1.08723305697989,1.07169260383126,1.08065832388531,1,0.7737834266250208
2012-07-20C,1.08065832388531,1.08065832388531,1.06691100975743,1.06810641288757,0,0.7737834266250208
2012-07-23A,1.06810641288757,1.08065832388531,1.06691100975743,1.06272720553857,0,0.7737834266250208
2012-07-23C,1.06272720553857,1.06272720553857,1.0495776268405,1.05256617069244,0,0.7737834266250208
2012-07-24A,1.05256617069244,1.06272720553857,1.0495776268405,1.05077281977581,0,0.7737834266250208
2012-07-24C,1.05077281977581,1.05555450323218,1.04599113631944,1.05376136302948,0,0.7737834266250208
2012-07-25A,1.05376136302948,1.05555450323218,1.04599113631944,1.05196835795605,0,0.7737834266250208
2012-07-25C,1.05196835795605,1.0543592356176,1.04778441111397,1.05137062072754,0,0.7737834266250208
2012-07-26A,1.05137062072754,1.0543592356176,1.04778441111397,1.04897971983374,0,0.7737834266250208
2012-07-26C,1.04897971983374,1.05077286010527,1.043002633097,1.04419803619385,0,0.7737834266250208
2012-07-27A,1.04419803619385,1.05077286010527,1.043002633097,1.04778423700114,0,0.7737834266250208
2012-07-27C,1.04778423700114,1.05316358615385,1.04599109686607,1.04897964000702,0,0.7737834266250208
2012-07-30A,1.04897964000702,1.05316358615385,1.04599109686607,1.05555469769557,1,0.7676492177982771
2012-07-30C,1.05555469769557,1.05555469769557,1.04658906628283,1.04718673229218,0,0.7676492177982771
2012-07-31A,1.04718673229218,1.05555469769557,1.04658906628283,1.0471867160456,0,0.7676492177982771
2012-07-31C,1.0471867160456,1.05137066305613,1.0471867160456,1.04957759380341,0,0.7676492177982771
2012-08-01A,1.04957759380341,1.05137066305613,1.0471867160456,1.05077303568357,0,0.7676492177982771
2012-08-01C,1.05077303568357,1.05914093001225,1.04957763238698,1.05435931682587,1,0.7676491385337407
2012-08-02A,1.05435931682587,1.05914093001225,1.04957763238698,1.05435920795674,1,0.7646028732975494
2012-08-02C,1.05435920795674,1.0573477515159,1.04838204958593,1.05017518997192,0,0.7646028732975494
2012-08-03A,1.05017518997192,1.0573477515159,1.04838204958593,1.05196837497983,1,0.7680783479655183
2012-08-03C,1.05196837497983,1.05675005912781,1.04957756853209,1.05675005912781,1,0.7693815415109397
2012-08-06A,1.05675005912781,1.05675005912781,1.04957756853209,1.05854304009105,1,0.7750291805218495
2012-08-06C,1.05854304009105,1.0675086697979,1.05674989989918,1.06631326675415,1,0.7724226799926117
2012-08-07A,1.06631326675415,1.0675086697979,1.05674989989918,1.06272714875501,1,0.7741603914360303
2012-08-07C,1.06272714875501,1.06691109567368,1.06153174552861,1.06511795520782,1,0.7754636183872432
2012-08-08A,1.06511795520782,1.06691109567368,1.06153174552861,1.06691098213196,1,0.7754636183872432
2012-08-08C,1.06691098213196,1.07169266578121,1.06511784185693,1.06691098213196,1,0.7763325025383778
2012-08-09A,1.06691098213196,1.07169266578121,1.06511784185693,1.0681064244726,1,0.7789391213103762
2012-08-09C,1.0681064244726,1.07169270515442,1.05973853121835,1.07169270515442,1,0.7785046791674971
2012-08-10A,1.07169270515442,1.07169270515442,1.05973853121835,1.07109498389149,1,0.7772013698488097
2012-08-10C,1.07109498389149,1.0746811931356,1.06691096622795,1.06930184364319,1,0.7776357226551294
2012-08-13A,1.06930184364319,1.0746811931356,1.06691096622795,1.06989944199364,1,0.7624305690704579
2012-08-13C,1.06989944199364,1.06989944199364,1.04599109686607,1.04897964000702,0,0.7624305690704579
2012-08-14A,1.04897964000702,1.06989944199364,1.04599109686607,1.04718673229218,0,0.7624305690704579
2012-08-14C,1.04718673229218,1.05555469769557,1.04120964468368,1.04718673229218,0,0.7624305690704579
2012-08-15A,1.04718673229218,1.05555469769557,1.04120964468368,1.04599120118646,0,0.7624305690704579
2012-08-15C,1.04599120118646,1.04599120118646,1.03642783368065,1.03702557086945,0,0.7624305690704579
2012-08-16A,1.03702557086945,1.04599120118646,1.03642783368065,1.03702547341498,0,0.7624305690704579
2012-08-16C,1.03702547341498,1.0394162794405,1.03403693025682,1.03642773628235,0,0.7624305690704579
2012-08-17A,1.03642773628235,1.0394162794405,1.03403693025682,1.03523251641394,0,0.7624305690704579
2012-08-17C,1.03523251641394,1.0406119378018,1.03045083226446,1.0340371131897,0,0.7624305690704579
2012-08-20A,1.0340371131897,1.0406119378018,1.03045083226446,1.03104853056213,0,0.7624305690704579
2012-08-20C,1.03104853056213,1.03343933692032,1.02447370619835,1.02925539016724,0,0.7624305690704579
2012-08-21A,1.02925539016724,1.03343933692032,1.02447370619835,1.02805983799053,0,0.7624305690704579
2012-08-21C,1.02805983799053,1.03702546741311,1.02626669785551,1.03463459014893,0,0.7624305690704579
2012-08-22A,1.03463459014893,1.03702546741311,1.02626669785551,1.03164607106881,0,0.7624305690704579
2012-08-22C,1.03164607106881,1.03523235142248,1.02507131875707,1.02746212482452,0,0.7624305690704579
2012-08-23A,1.02746212482452,1.03523235142248,1.02507131875707,1.02507135225973,0,0.7624305690704579
2012-08-23C,1.02507135225973,1.03463464809459,1.02507135225973,1.03045070171356,0,0.7624305690704579
2012-08-24A,1.03045070171356,1.03463464809459,1.02507135225973,1.02865767811495,0,0.7624305690704579
2012-08-24C,1.02865767811495,1.02925541534537,1.02208292484283,1.02208292484283,0,0.7624305690704579
2012-08-27A,1.02208292484283,1.02925541534537,1.02208292484283,1.02148515625622,0,0.7624305690704579
2012-08-27C,1.02148515625622,1.02148515625622,1.00415156088363,1.0047492980957,0,0.7624305690704579
2012-08-28A,1.0047492980957,1.02148515625622,1.00415156088363,1.00534701051197,0,0.7624305690704579
2012-08-28C,1.00534701051197,1.01550804409909,1.00415153611731,1.0119217634201,0,0.7624305690704579
2012-08-29A,1.0119217634201,1.01550804409909,1.00415153611731,1.01012848574899,0,0.7624305690704579
2012-08-29C,1.01012848574899,1.01491009733026,1.00594446873665,1.00654220581055,0,0.7624305690704579
2012-08-30A,1.00654220581055,1.01491009733026,1.00594446873665,1.00534701051197,0,0.7624305690704579
2012-08-30C,1.00534701051197,1.0137149037596,1.00295613297515,1.0119217634201,0,0.7624305690704579
2012-08-31A,1.0119217634201,1.0137149037596,1.00295613297515,1.01192173577399,0,0.7624305690704579
2012-08-31C,1.01192173577399,1.01371487606449,1.00893319237399,1.01072633266449,0,0.7624305690704579
2012-09-03A,1.01072633266449,1.01371487606449,1.00893319237399,1.01550805568695,0,0.7624305690704579
2012-09-03C,1.01550805568695,1.0161057928911,1.00654242513969,1.01550805568695,1,0.7624305626163973
2012-09-04A,1.01550805568695,1.0161057928911,1.00654242513969,1.01550804709056,1,0.7548017874436087
2012-09-04C,1.01550804709056,1.01610578428965,1.00176073278397,1.00534701347351,0,0.7548017874436087
2012-09-05A,1.00534701347351,1.01610578428965,1.00176073278397,1.00534687616355,0,0.7548017874436087
2012-09-05C,1.00534687616355,1.00534687616355,0.99638124691671,0.99996745586395,0,0.7548017874436087
2012-09-06A,0.99996745586395,1.00534687616355,0.99638124691671,0.99996746188671,0,0.7548017874436087
2012-09-06C,0.99996746188671,1.00534688221871,0.99697891878643,1.00176060199738,0,0.7548017874436087
2012-09-07A,1.00176060199738,1.00534688221871,0.99697891878643,1.00714021843221,0,0.7548017874436087
2012-09-07C,1.00714021843221,1.051968448089,1.00714021843221,1.0418074131012,1,0.75913217552891
2012-09-10A,1.0418074131012,1.051968448089,1.00714021843221,1.04778438677021,1,0.7561008566480014
2012-09-10C,1.04778438677021,1.04778438677021,1.03881875606583,1.04360044002533,1,0.7565337442290188
2012-09-11A,1.04360044002533,1.04778438677021,1.03881875606583,1.04419792866201,1,0.7487388886994976
2012-09-11C,1.04419792866201,1.04419792866201,1.02985295047207,1.03343915939331,1,0.7530694493738683
2012-09-12A,1.03343915939331,1.04419792866201,1.02985295047207,1.03941637127661,1,0.7500381306409701
2012-09-12C,1.03941637127661,1.04240491469881,1.02925533789161,1.03523242473602,1,0.7491720384823795
2012-09-13A,1.03523242473602,1.04240491469881,1.02925533789161,1.03403700993142,1,0.7474398194951047
2012-09-13C,1.03403700993142,1.03822095642472,1.03104846654299,1.03164613246918,1,0.7491721413285135
2012-09-14A,1.03164613246918,1.03822095642472,1.03104846654299,1.03403715188374,1,0.7526365281553827
2012-09-14C,1.03403715188374,1.04479592380955,1.03284174861477,1.03881883621216,1,0.7522034180886958
2012-09-17A,1.03881883621216,1.04479592380955,1.03284174861477,1.03822104049192,1,0.7392120069369275
2012-09-17C,1.03822104049192,1.03822104049192,1.02028977870941,1.02028977870941,0,0.7392120069369275
2012-09-18A,1.02028977870941,1.03822104049192,1.02028977870941,1.01849651993227,0,0.7392120069369275
2012-09-18C,1.01849651993227,1.01849651993227,1.00594460964203,1.00594460964203,0,0.7392120069369275
2012-09-19A,1.00594460964203,1.01849651993227,1.00594460964203,1.00893337560889,0,0.7392120069369275
2012-09-19C,1.00893337560889,1.0137150601678,1.00594483166613,1.00833570957184,0,0.7392120069369275
2012-09-20A,1.00833570957184,1.0137150601678,1.00594483166613,1.00773770214199,0,0.7392120069369275
2012-09-20C,1.00773770214199,1.00773770214199,0.9945881265693,0.99518579244614,0,0.7392120069369275
2012-09-21A,0.99518579244614,1.00773770214199,0.9945881265693,0.99279513856621,0,0.7392120069369275
2012-09-21C,0.99279513856621,0.99996762895472,0.99219740134529,0.99817448854446,0,0.7392120069369275
2012-09-24A,0.99817448854446,0.99996762895472,0.99219740134529,0.9832316198796,0,0.7392120069369275
2012-09-24C,0.9832316198796,0.99996747572325,0.9832316198796,0.99518579244614,0,0.7392120069369275
2012-09-25A,0.99518579244614,0.99996747572325,0.9832316198796,0.99399064334944,0,0.7392120069369275
2012-09-25C,0.99399064334944,0.99937006513002,0.99219750275591,0.99638152122498,0,0.7392120069369275
2012-09-26A,0.99638152122498,0.99937006513002,0.99219750275591,0.99339271016232,0,0.7392120069369275
2012-09-26C,0.99339271016232,0.99817439371789,0.989806500935,0.99100190401077,0,0.7392120069369275
2012-09-27A,0.99100190401077,0.99817439371789,0.989806500935,0.9910019163621,0,0.7392120069369275
2012-09-27C,0.9910019163621,1.02805991094033,0.98801337300917,1.01311719417572,1,0.7379036511745828
2012-09-28A,1.01311719417572,1.02805991094033,0.98801337300917,1.0113240445698,1,0.7531676007493718
2012-09-28C,1.0113240445698,1.03403698809267,1.00953090432412,1.03224384784698,1,0.7527316801809727
2012-10-08A,1.03224384784698,1.03403698809267,1.00953090432412,1.03164640270405,1,0.7488066842604983
2012-10-08C,1.03164640270405,1.03941663179984,1.01969222601899,1.02626705169678,1,0.7483702396672386
2012-10-09A,1.02626705169678,1.03941663179984,1.01969222601899,1.02566888835854,1,0.7597091929327053
2012-10-09C,1.02566888835854,1.04778416304251,1.02566888835854,1.04120934009552,1,0.7597093308230356
2012-10-10A,1.04120934009552,1.04778416304251,1.02566888835854,1.04120952907928,1,0.7592732491498241
2012-10-10C,1.04120952907928,1.04240493221775,1.03642784527289,1.04061186313629,1,0.760581461773683
2012-10-11A,1.04061186313629,1.04240493221775,1.03642784527289,1.04240481656566,1,0.754911984740931
2012-10-11C,1.04240481656566,1.04240481656566,1.03463459014893,1.03463459014893,1,0.7584010646219767
2012-10-12A,1.03463459014893,1.04240481656566,1.03463459014893,1.03941650222039,1,0.7579649829011633
2012-10-12C,1.03941650222039,1.04539358981779,1.03284174861477,1.03881883621216,1,0.7544759496821075
2012-10-15A,1.03881883621216,1.04539358981779,1.03284174861477,1.03403698809267,1,0.7531676007493718
2012-10-15C,1.03403698809267,1.03822093449761,1.02925530452167,1.03224384784698,1,0.756656522508867
2012-10-16A,1.03224384784698,1.03822093449761,1.02925530452167,1.03702554320705,1,0.7557843072067104
2012-10-16C,1.03702554320705,1.03941634939348,1.03045071931562,1.03583014011383,1,0.7562203379695965
2012-10-17A,1.03583014011383,1.03941634939348,1.03045071931562,1.03642773628235,1,0.7562203379695965
2012-10-17C,1.03642773628235,1.0412094195859,1.0298529840859,1.03642773628235,1,0.7579649485549107
2012-10-18A,1.03642773628235,1.0412094195859,1.0298529840859,1.03881878913936,1,0.7636344265787194
2012-10-18C,1.03881878913936,1.05017522655879,1.0382210519057,1.04658901691437,1,0.759273140435144
2012-10-19A,1.04658901691437,1.05017522655879,1.0382210519057,1.04061171413883,1,0.7631981348758187
2012-10-19C,1.04061171413883,1.0489796061625,1.04061171413883,1.04599106311798,1,0.7605815723851961
2012-10-22A,1.04599106311798,1.0489796061625,1.04061171413883,1.0424049681628,1,0.7675593992847191
2012-10-22C,1.0424049681628,1.05256607332144,1.04001416180341,1.05196833610535,1,0.7679956986498152
2012-10-23A,1.05196833610535,1.05256607332144,1.04001416180341,1.05256630040306,1,0.7588373053669426
2012-10-23C,1.05256630040306,1.05256630040306,1.04001438617706,1.04001438617706,0,0.7588373053669426
2012-10-24A,1.04001438617706,1.05256630040306,1.04001438617706,1.03762323680575,0,0.7588373053669426
2012-10-24C,1.03762323680575,1.04300265774745,1.03583016774434,1.03702557086945,0,0.7588373053669426
2012-10-25A,1.03702557086945,1.04300265774745,1.03583016774434,1.03702574892586,0,0.7588373053669426
2012-10-25C,1.03702574892586,1.0424050995387,1.03284180164337,1.03284180164337,0,0.7588373053669426
2012-10-26A,1.03284180164337,1.0424050995387,1.03284180164337,1.03403715308709,0,0.7588373053669426
2012-10-26C,1.03403715308709,1.03403715308709,1.01371501248081,1.01610589027405,0,0.7588373053669426
2012-10-29A,1.01610589027405,1.03403715308709,1.01371501248081,1.01311723781476,0,0.7588373053669426
2012-10-29C,1.01311723781476,1.01789885038341,1.01072636027794,1.0119217634201,0,0.7588373053669426
2012-10-30A,1.0119217634201,1.01789885038341,1.01072636027794,1.01012870010655,0,0.7588373053669426
2012-10-30C,1.01012870010655,1.01909433060274,1.00893322570506,1.01371490955353,0,0.7588373053669426
2012-10-31A,1.01371490955353,1.01909433060274,1.00893322570506,1.01550783896715,0,0.7588373053669426
2012-10-31C,1.01550783896715,1.01610557604374,1.00893301613463,1.01491010189056,0,0.7588373053669426
2012-11-01A,1.01491010189056,1.01610557604374,1.00893301613463,1.01610563814276,0,0.7588373053669426
2012-11-01C,1.01610563814276,1.03642770245392,1.01610563814276,1.03343915939331,1,0.7592761806722071
2012-11-02A,1.03343915939331,1.03642770245392,1.01610563814276,1.03403685131402,1,0.7645428207160423
2012-11-02C,1.03403685131402,1.04240474301702,1.03164597421853,1.04120934009552,1,0.7632263937186792
2012-11-05A,1.04120934009552,1.04240474301702,1.03164597421853,1.0394165352348,1,0.764981975845706
2012-11-05C,1.0394165352348,1.04539362302203,1.0394165352348,1.0418074131012,1,0.7671762254672321
2012-11-06A,1.0418074131012,1.04539362302203,1.0394165352348,1.04479569987668,1,0.7610317680140639
2012-11-06C,1.04479569987668,1.04479569987668,1.02507130078235,1.03642773628235,1,0.7619095327017915
2012-11-07A,1.03642773628235,1.04479569987668,1.02507130078235,1.03762313929511,1,0.7610317680140638
2012-11-07C,1.03762313929511,1.04001401657313,1.02925524695327,1.03642773628235,1,0.7583985505663061
2012-11-08A,1.03642773628235,1.04001401657313,1.02925524695327,1.03284163158446,0,0.7583985505663061
2012-11-08C,1.03284163158446,1.03284163158446,1.02268052681824,1.02447366714478,0,0.7583985505663061
2012-11-09A,1.02447366714478,1.03284163158446,1.02268052681824,1.02208288572322,0,0.7583985505663061
2012-11-09C,1.02208288572322,1.02387602609334,1.01610579865779,1.01730120182037,0,0.7583985505663061
2012-11-12A,1.01730120182037,1.02387602609334,1.01610579865779,1.01789893974424,0,0.7583985505663061
2012-11-12C,1.01789893974424,1.02566916772917,1.01730127374694,1.02507150173187,0,0.7583985505663061
2012-11-13A,1.02507150173187,1.02566916772917,1.01730127374694,1.02507147670868,0,0.7583985505663061
2012-11-13C,1.02507147670868,1.02507147670868,1.00893328388295,1.00953102111816,0,0.7583985505663061
2012-11-14A,1.00953102111816,1.02507147670868,1.00893328388295,1.00953082253843,0,0.7583985505663061
2012-11-14C,1.00953082253843,1.01610564582246,1.00953082253843,1.01431250572205,0,0.7583985505663061
2012-11-15A,1.01431250572205,1.01610564582246,1.00953082253843,1.01371469443494,0,0.7583985505663061
2012-11-15C,1.01371469443494,1.01431243150885,1.00534680291523,1.00654220581055,0,0.7583985505663061
2012-11-16A,1.00654220581055,1.01431243150885,1.00534680291523,1.0059447370061,0,0.7583985505663061
2012-11-16C,1.0059447370061,1.0059447370061,0.99279515914584,0.99339282512665,0,0.7583985505663061
2012-11-19A,0.99339282512665,1.0059447370061,0.99279515914584,0.99399047233852,0,0.7583985505663061
2012-11-19C,0.99399047233852,1.00235843658447,0.99100192894764,1.00235843658447,0,0.7583985505663061
2012-11-20A,1.00235843658447,1.00235843658447,0.99100192894764,1.00235847749093,0,0.7583985505663061
2012-11-20C,1.00235847749093,1.00355388064556,0.99219737254527,0.99279510974884,0,0.7583985505663061
2012-11-21A,0.99279510974884,1.00355388064556,0.99219737254527,0.99638140464169,0,0.7583985505663061
2012-11-21C,0.99638140464169,1.00534703530777,0.99219738666219,1.0047492980957,0,0.7583985505663061
2012-11-22A,1.0047492980957,1.00534703530777,0.99219738666219,1.0041515318484,0,0.7583985505663061
2012-11-22C,1.0041515318484,1.0041515318484,0.99697904177342,0.99936991930008,0,0.7583985505663061
2012-11-23A,0.99936991930008,1.0041515318484,0.99697904177342,0.99817424303835,0,0.7583985505663061
2012-11-23C,0.99817424303835,1.01012848574899,0.99817424303835,1.00654220581055,1,0.7583986523313557
2012-11-26A,1.00654220581055,1.01012848574899,0.99817424303835,1.00654234087254,1,0.7565971998766858
2012-11-26C,1.00654234087254,1.00654234087254,0.99936985128571,1.00415146350861,0,0.7565971998766858
2012-11-27A,1.00415146350861,1.00654234087254,0.99936985128571,0.99936993535391,0,0.7565971998766858
2012-11-27C,0.99936993535391,1.00116300446208,0.99638139183696,0.99697905778885,0,0.7565971998766858
2012-11-28A,0.99697905778885,1.00116300446208,0.99638139183696,0.99578354954262,0,0.7565971998766858
2012-11-28C,0.99578354954262,0.99578354954262,0.9892087259982,0.99040412902832,0,0.7565971998766858
2012-11-29A,0.99040412902832,0.99578354954262,0.9892087259982,0.99219736535856,0,0.7565971998766858
2012-11-29C,0.99219736535856,0.99339276850454,0.98622027837617,0.98681801557541,0,0.7565971998766858
2012-11-30A,0.98681801557541,0.99339276850454,0.98622027837617,0.98622021457948,0,0.7565971998766858
2012-11-30C,0.98622021457948,0.98980649503792,0.97844998775452,0.98920875787735,0,0.7565971998766858
2012-12-03A,0.98920875787735,0.98980649503792,0.97844998775452,0.98622032082199,0,0.7565971998766858
2012-12-03C,0.98622032082199,0.99219740806162,0.98143863677979,0.98143863677979,0,0.7565971998766858
2012-12-04A,0.98143863677979,0.99219740806162,0.98143863677979,0.98323188099335,0,0.7565971998766858
2012-12-04C,0.98323188099335,0.98920896886393,0.97904793373444,0.98801356554031,0,0.7565971998766858
2012-12-05A,0.98801356554031,0.98920896886393,0.97904793373444,0.98801347026391,0,0.7565971998766858
2012-12-05C,0.98801347026391,1.02507146848993,0.98502492661681,1.02208292484283,1,0.7561545804867744
2012-12-06A,1.02208292484283,1.02507146848993,0.98502492661681,1.02148499278505,1,0.7557121054022721
2012-12-06C,1.02148499278505,1.02327813288181,1.01730104672762,1.02088725566864,1,0.7543849917495671
2012-12-07A,1.02088725566864,1.02327813288181,1.01730104672762,1.01909446525919,1,0.7711982583843194
2012-12-07C,1.01909446525919,1.04240507912842,1.01789899069974,1.0418074131012,1,0.771198064156
2012-12-10A,1.0418074131012,1.04240507912842,1.01789899069974,1.04180715071925,1,0.7765075015601195
2012-12-10C,1.04180715071925,1.05196818314797,1.04180715071925,1.04897964000702,1,0.7765074041016434
2012-12-11A,1.04897964000702,1.05196818314797,1.04180715071925,1.04897950835091,1,0.7738526593604317
2012-12-11C,1.04897950835091,1.05256578817093,1.04360015987335,1.04539322853088,1,0.7738528917369806
2012-12-12A,1.04539322853088,1.05256578817093,1.04360015987335,1.04539354244706,1,0.7747378420795665
2012-12-12C,1.04539354244706,1.05017522655879,1.04300273601744,1.04658901691437,1,0.772525513739884
2012-12-13A,1.04658901691437,1.05017522655879,1.04300273601744,1.04360039493625,1,0.7676584981996453
2012-12-13C,1.04360039493625,1.04599120118646,1.03642783368065,1.03702557086945,1,0.7663311594416331
2012-12-14A,1.03702557086945,1.04599120118646,1.03642783368065,1.0352324763665,1,0.8061520775678688
2012-12-14C,1.0352324763665,1.0896239978643,1.0352324763665,1.08902633190155,1,0.8034973340013675
2012-12-17A,1.08902633190155,1.0896239978643,1.0352324763665,1.08544005366843,1,0.81234641521809
2012-12-17C,1.08544005366843,1.10157824599316,1.08544005366843,1.09739422798157,1,0.7964178914882595
2012-12-18A,1.09739422798157,1.10157824599316,1.08544005366843,1.07587647438049,1,0.7964178914882595
2012-12-18C,1.07587647438049,1.08783071759793,1.06750858250602,1.07587647438049,1,0.7946481437629928
2012-12-19A,1.07587647438049,1.08783071759793,1.06750858250602,1.07348573207855,1,0.7946481437629928
2012-12-19C,1.07348573207855,1.08006055554974,1.06989945177563,1.07348573207855,1,0.7937634037847691
2012-12-20A,1.07348573207855,1.08006055554974,1.06989945177563,1.07229054179128,1,0.7999577399176475
2012-12-20C,1.07229054179128,1.08304931358196,1.06631345426896,1.08065843582153,1,0.8017273873373393
2012-12-21A,1.08065843582153,1.08304931358196,1.06631345426896,1.08304904262123,1,0.7928783077930124
2012-12-21C,1.08304904262123,1.08723298858961,1.06989939635994,1.07109487056732,1,0.7919933986643213
2012-12-24A,1.07109487056732,1.08723298858961,1.06989939635994,1.06989945177563,1,0.7946481437629926
2012-12-24C,1.06989945177563,1.0806582214319,1.06989945177563,1.07348573207855,1,0.7906661510138595
2012-12-25A,1.07348573207855,1.0806582214319,1.06989945177563,1.06810648034936,0,0.7906661510138595
2012-12-25C,1.06810648034936,1.10934842533784,1.06631341116714,1.10456681251526,1,0.791521683997686
2012-12-26A,1.10456681251526,1.10934842533784,1.06631341116714,1.10576199880183,1,0.7902381263608291
2012-12-26C,1.10576199880183,1.10934820771525,1.09978491269364,1.10396885871887,1,0.7906661585253422
2012-12-27A,1.10396885871887,1.10934820771525,1.09978491269364,1.10456682300886,1,0.7876711730888258
2012-12-27C,1.10456682300886,1.11413011999737,1.09858973567136,1.10038280487061,1,0.7863877264246318
2012-12-28A,1.10038280487061,1.11413011999737,1.09858973567136,1.09858981981733,1,0.8017902694035544
2012-12-28C,1.09858981981733,1.12130276769004,1.09858981981733,1.12010729312897,1,0.8000789095394837
2012-12-31A,1.12010729312897,1.12130276769004,1.09858981981733,1.11771650998023,1,0.8129143877932491
2012-12-31C,1.11771650998023,1.13564777374268,1.11771650998023,1.13564777374268,1,0.8137700029057341
2013-01-04A,1.13564777374268,1.13564777374268,1.11771650998023,1.13684307476363,1,0.8167649883649918
2013-01-04C,1.13684307476363,1.15836061784305,1.13385453107218,1.14102709293365,1,0.8107749747165661
2013-01-07A,1.14102709293365,1.15836061784305,1.13385453107218,1.13265899689959,1,0.8244661895084916
2013-01-07C,1.13265899689959,1.15895822109538,1.13265899689959,1.15178573131561,1,0.8227548771060301
2013-01-08A,1.15178573131561,1.15895822109538,1.13265899689959,1.14939501447111,1,0.8176206963435773
2013-01-08C,1.14939501447111,1.15357896148948,1.13445229565373,1.14222252368927,1,0.8163371921949814
2013-01-09A,1.14222252368927,1.15357896148948,1.13445229565373,1.14042945832983,1,0.8129143877932495
2013-01-09C,1.14042945832983,1.14162486166349,1.13146382644861,1.13564777374268,1,0.8124864421911783
2013-01-10A,1.13564777374268,1.14162486166349,1.13146382644861,1.1350499303811,1,0.8159091950545452
2013-01-10C,1.1350499303811,1.14939491064904,1.1350499303811,1.13983154296875,1,0.8150534699248106
2013-01-11A,1.13983154296875,1.14939491064904,1.1350499303811,1.13863608825284,1,0.7992230601359375
2013-01-11C,1.13863608825284,1.14282003470379,1.11293460112202,1.11652088165283,0,0.7992230601359375
2013-01-14A,1.11652088165283,1.14282003470379,1.11293460112202,1.11353248843495,0,0.7992230601359375
2013-01-14C,1.11353248843495,1.16732627613528,1.11293475118172,1.16493546962738,1,0.7992230789845617
2013-01-15A,1.16493546962738,1.16732627613528,1.11293475118172,1.16493549710085,1,0.8000432049865299
2013-01-15C,1.16493549710085,1.17031484749675,1.15836067217031,1.166130900383,1,0.799633115284525
2013-01-16A,1.166130900383,1.17031484749675,1.15836067217031,1.16553315982292,1,0.7889713312890608
2013-01-16C,1.16553315982292,1.16672856302861,1.1386361958062,1.14999270439148,1,0.7877411022106284
2013-01-17A,1.14999270439148,1.16672856302861,1.1386361958062,1.14819954105484,1,0.7840504621855277
2013-01-17C,1.14819954105484,1.14999268145385,1.13504996354955,1.14282011985779,0,0.7840504621855277
2013-01-18A,1.14282011985779,1.14999268145385,1.13504996354955,1.14222225585539,0,0.7840504621855277
2013-01-18C,1.14222225585539,1.16852147755872,1.14222225585539,1.16194665431976,1,0.7844539362290439
2013-01-21A,1.16194665431976,1.16852147755872,1.14222225585539,1.16254459455139,1,0.7917136666702459
2013-01-21C,1.16254459455139,1.1733033657074,1.15716517334714,1.1733033657074,1,0.7917136382215649
2013-01-22A,1.1733033657074,1.1733033657074,1.15716517334714,1.17330332354704,1,0.7929235531855595
2013-01-22C,1.17330332354704,1.18944144407491,1.16314221872163,1.17509639263153,1,0.7909070126959127
2013-01-23A,1.17509639263153,1.18944144407491,1.16314221872163,1.17210792111311,1,0.7981667433219417
2013-01-23C,1.17210792111311,1.18346442977622,1.16613083379121,1.18286669254303,1,0.7945368649738136
2013-01-24A,1.18286669254303,1.18346442977622,1.16613083379121,1.1774872875103,1,0.7965534540492091
2013-01-24C,1.1774872875103,1.21514295013168,1.1715102004673,1.1804758310318,1,0.7949401422312513
2013-01-25A,1.1804758310318,1.21514295013168,1.1715102004673,1.17808493610901,1,0.7929235531855593
2013-01-25C,1.17808493610901,1.18286661992346,1.17270558635055,1.17509639263153,1,0.7905036720920015
2013-01-28A,1.17509639263153,1.18286661992346,1.17270558635055,1.17151017863623,0,0.7905036720920015
2013-01-28C,1.17151017863623,1.21813154220581,1.17151017863623,1.21813154220581,1,0.7889522308408241
2013-01-29A,1.21813154220581,1.21813154220581,1.17151017863623,1.21574083917601,1,0.8025281388463763
2013-01-29C,1.21574083917601,1.24682175450502,1.21454550705106,1.23666071891785,1,0.8048554132326536
2013-01-30A,1.23666071891785,1.24682175450502,1.21454550705106,1.24024694683478,1,0.8064069217291226
2013-01-30C,1.24024694683478,1.24502856013848,1.22948810314394,1.24263775348663,1,0.8079583637677527
2013-01-31A,1.24263775348663,1.24502856013848,1.22948810314394,1.24502845772986,1,0.8098978185875395
2013-01-31C,1.24502845772986,1.24981021314526,1.23785603836428,1.24801707267761,1,0.8071826411032028
2013-02-01A,1.24801707267761,1.24981021314526,1.23785603836428,1.24383310307301,1,0.8347222147025732
2013-02-01C,1.24383310307301,1.28686818850179,1.24084448817976,1.28627038002014,1,0.8354979039564397
2013-02-04A,1.28627038002014,1.28686818850179,1.24084448817976,1.28746568319259,1,0.8386009202247308
2013-02-04C,1.28746568319259,1.31496030953056,1.28627020889334,1.29224729537964,1,0.8339464859037674
2013-02-05A,1.29224729537964,1.31496030953056,1.28627020889334,1.28507501591067,1,0.8378253028972497
2013-02-05C,1.28507501591067,1.29643138170784,1.27491383953188,1.2910521030426,1,0.8362737058322933
2013-02-06A,1.2910521030426,1.29643138170784,1.27491383953188,1.28866115991059,1,0.838988960970258
2013-02-06C,1.28866115991059,1.30001766826321,1.28746582798189,1.29284524917603,1,0.8374372783668684
2013-02-07A,1.29284524917603,1.30001766826321,1.28746582798189,1.29045417423304,1,0.8234735199968707
2013-02-07C,1.29045417423304,1.29164964854994,1.24981004252821,1.26893663406372,1,0.8234736068777433
2013-02-08A,1.26893663406372,1.29164964854994,1.24981004252821,1.26893676794334,1,0.8215342445963875
2013-02-08C,1.26893676794334,1.2796956104156,1.25399412118297,1.26594829559326,0,0.8215342445963875
2013-02-18A,1.26594829559326,1.2796956104156,1.25399412118297,1.26714359287608,0,0.8215342445963875
2013-02-18C,1.26714359287608,1.27312082242276,1.25279861247705,1.25518941879272,0,0.8215342445963875
2013-02-19A,1.25518941879272,1.27312082242276,1.25279861247705,1.24981017880573,0,0.8215342445963875
2013-02-19C,1.24981017880573,1.25518945755587,1.23606286393482,1.23725819587708,0,0.8215342445963875
2013-02-20A,1.23725819587708,1.25518945755587,1.23606286393482,1.23725827498949,0,0.8215342445963875
2013-02-20C,1.23725827498949,1.24084455605556,1.21633853961241,1.23187899589539,0,0.8215342445963875
2013-02-21A,1.23187899589539,1.24084455605556,1.21633853961241,1.23128115699149,0,0.8215342445963875
2013-02-21C,1.23128115699149,1.23128115699149,1.17629196660144,1.18406212329864,0,0.8215342445963875
2013-02-22A,1.18406212329864,1.23128115699149,1.17629196660144,1.18047581662504,0,0.8215342445963875
2013-02-22C,1.18047581662504,1.18884370988211,1.16672850234342,1.16852164268494,0,0.8215342445963875
2013-02-25A,1.16852164268494,1.18884370988211,1.16672850234342,1.16971722711672,0,0.8215342445963875
2013-02-25C,1.16971722711672,1.18884389413473,1.16971722711672,1.1810736656189,0,0.8215342445963875
2013-02-26A,1.1810736656189,1.18884389413473,1.16971722711672,1.17987822190001,0,0.8215342445963875
2013-02-26C,1.17987822190001,1.19960262553345,1.16792404651642,1.16792404651642,0,0.8215342445963875
2013-02-27A,1.16792404651642,1.19960262553345,1.16792404651642,1.1685215448256,0,0.8215342445963875
2013-02-27C,1.1685215448256,1.19242989070357,1.1685215448256,1.18226885795593,0,0.8215342445963875
2013-02-28A,1.18226885795593,1.19242989070357,1.1685215448256,1.18764844891532,0,0.8215342445963875
2013-02-28C,1.18764844891532,1.22231564299472,1.18346450178591,1.22171783447266,1,0.8219362757096844
2013-03-01A,1.22171783447266,1.22231564299472,1.18346450178591,1.22231570191928,1,0.8187208227666973
2013-03-01C,1.22231570191928,1.22769498134212,1.1978095414735,1.21753394603729,1,0.812691991458673
2013-03-04A,1.21753394603729,1.22769498134212,1.1978095414735,1.20856836635697,0,0.812691991458673
2013-03-04C,1.20856836635697,1.20856836635697,1.15118822295646,1.15656757354736,0,0.812691991458673
2013-03-05A,1.15656757354736,1.20856836635697,1.15118822295646,1.15656753780262,0,0.812691991458673
2013-03-05C,1.15656753780262,1.21155680160018,1.15656753780262,1.20677518844604,1,0.8155097325456532
2013-03-06A,1.20677518844604,1.21155680160018,1.15656753780262,1.21095928287169,1,0.8243652481312017
2013-03-06C,1.21095928287169,1.23008602282463,1.20438452835882,1.22410893440247,1,0.8207423768139301
2013-03-07A,1.22410893440247,1.23008602282463,1.20438452835882,1.21872929332988,1,0.8130944372703971
2013-03-07C,1.21872929332988,1.22829266158989,1.19362546946049,1.20737278461456,1,0.8134968595366073
2013-03-08A,1.20737278461456,1.22829266158989,1.19362546946049,1.20797034582009,1,0.8110818068096162
2013-03-08C,1.20797034582009,1.21633838138739,1.19900478682619,1.20438420772552,1,0.8110818601456113
2013-03-11A,1.20438420772552,1.21633838138739,1.19900478682619,1.20438428692472,1,0.8026288391547748
2013-03-11C,1.20438428692472,1.20438428692472,1.18406207635918,1.19183230400085,0,0.8026288391547748
2013-03-12A,1.19183230400085,1.20438428692472,1.18406207635918,1.19243016820416,0,0.8026288391547748
2013-03-12C,1.19243016820416,1.20139579999486,1.1613492543277,1.17091262340546,0,0.8026288391547748
2013-03-13A,1.17091262340546,1.20139579999486,1.1613492543277,1.17151023897535,0,0.8026288391547748
2013-03-13C,1.17151023897535,1.17748732621481,1.15656744962418,1.16254460811615,0,0.8026288391547748
2013-03-14A,1.16254460811615,1.17748732621481,1.15656744962418,1.158360757968,0,0.8026288391547748
2013-03-14C,1.158360757968,1.16971726812078,1.15357907323275,1.16314244270325,0,0.8026288391547748
2013-03-15A,1.16314244270325,1.16971726812078,1.15357907323275,1.16433762186212,0,0.8026288391547748
2013-03-15C,1.16433762186212,1.19780933731084,1.15238344795222,1.17509639263153,0,0.8026288391547748
2013-03-18A,1.17509639263153,1.19780933731084,1.15238344795222,1.16553327661971,0,0.8026288391547748
2013-03-18C,1.16553327661971,1.17449890843956,1.1547745041854,1.15656757354736,0,0.8026288391547748
2013-03-19A,1.15656757354736,1.17449890843956,1.1547745041854,1.1553721283387,0,0.8026288391547748
2013-03-19C,1.1553721283387,1.16852177819979,1.15238358450709,1.166130900383,0,0.8026288391547748
2013-03-20A,1.166130900383,1.16852177819979,1.15238358450709,1.16672843049907,0,0.8026288391547748
2013-03-20C,1.16672843049907,1.21275205433644,1.16672843049907,1.21215438842773,1,0.8050035401071546
2013-03-21A,1.21215438842773,1.21275205433644,1.16672843049907,1.21574073374727,1,0.8010458075402844
2013-03-21C,1.21574073374727,1.21872934881051,1.20617736505191,1.20976364612579,1,0.8026289372776376
2013-03-22A,1.20976364612579,1.21872934881051,1.20617736505191,1.21215453661585,1,0.8038161720665308
2013-03-22C,1.21215453661585,1.21813162394855,1.20617730677814,1.21394753456116,1,0.8065866794672784
2013-03-25A,1.21394753456116,1.21813162394855,1.20617730677814,1.21813163876993,1,0.8018373628147885
2013-03-25C,1.21813163876993,1.22709719862557,1.20856827042024,1.21095907688141,1,0.7994626206527798
2013-03-26A,1.21095907688141,1.22709719862557,1.20856827042024,1.20737266932584,1,0.7856105586220328
2013-03-26C,1.20737266932584,1.20737266932584,1.17688949825376,1.18645286560059,0,0.7856105586220328
2013-03-27A,1.18645286560059,1.20737266932584,1.17688949825376,1.18585518932624,0,0.7856105586220328
2013-03-27C,1.18585518932624,1.20378645058311,1.18226897982637,1.19063687324524,0,0.7856105586220328
2013-03-28A,1.19063687324524,1.20378645058311,1.18226897982637,1.18226892560042,0,0.7856105586220328
2013-03-28C,1.18226892560042,1.18226892560042,1.13146361645038,1.13684296607971,0,0.7856105586220328
2013-03-29A,1.13684296607971,1.18226892560042,1.13146361645038,1.13744070326186,0,0.7856105586220328
2013-03-29C,1.13744070326186,1.14282005289119,1.13086587926824,1.13684296607971,0,0.7856105586220328
2013-04-01A,1.13684296607971,1.14282005289119,1.13086587926824,1.13684296607971,0,0.7856105586220328
2013-04-01C,1.13684296607971,1.14341779007333,1.13504989703827,1.13684296607971,0,0.7856105586220328
2013-04-02A,1.13684296607971,1.14341779007333,1.13504989703827,1.1416247198708,0,0.7856105586220328
2013-04-02C,1.1416247198708,1.14760180704924,1.1296705455139,1.13624536991119,0,0.7856105586220328
2013-04-03A,1.13624536991119,1.14760180704924,1.1296705455139,1.13803857105786,0,0.7856105586220328
2013-04-03C,1.13803857105786,1.14939500880206,1.13564769330737,1.14042937755585,0,0.7856105586220328
2013-04-08A,1.14042937755585,1.14939500880206,1.13564769330737,1.12309577899363,0,0.7856105586220328
2013-04-08C,1.12309577899363,1.13385455071977,1.1189118320036,1.13206148147583,0,0.7856105586220328
2013-04-09A,1.13206148147583,1.13385455071977,1.1189118320036,1.13564766588734,0,0.7856105586220328
2013-04-09C,1.13564766588734,1.14700417460984,1.13504999990352,1.13923394680023,0,0.7856105586220328
2013-04-10A,1.13923394680023,1.14700417460984,1.13504999990352,1.13923387420318,0,0.7856105586220328
2013-04-10C,1.13923387420318,1.13983154014891,1.12668196306042,1.13146364688873,0,0.7856105586220328
2013-04-11A,1.13146364688873,1.13983154014891,1.12668196306042,1.14042929935208,0,0.7856105586220328
2013-04-11C,1.14042929935208,1.14401558010564,1.13086593151093,1.13086593151093,0,0.7856105586220328
2013-04-12A,1.13086593151093,1.14401558010564,1.13086593151093,1.13385441373299,0,0.7856105586220328
2013-04-12C,1.13385441373299,1.13504988808785,1.12429111766153,1.12668192386627,0,0.7856105586220328
2013-04-15A,1.12668192386627,1.13504988808785,1.12429111766153,1.12668193682509,0,0.7856105586220328
2013-04-15C,1.12668193682509,1.12668193682509,1.11472776315891,1.11592316627502,0,0.7856105586220328
2013-04-16A,1.11592316627502,1.12668193682509,1.11472776315891,1.113532484617,0,0.7856105586220328
2013-04-16C,1.113532484617,1.11831416886891,1.10038283511111,1.11771643161774,0,0.7856105586220328
2013-04-17A,1.11771643161774,1.11831416886891,1.10038283511111,1.11771633139938,0,0.7856105586220328
2013-04-17C,1.11771633139938,1.11771633139938,1.0985896673592,1.10875070095062,0,0.7856105586220328
2013-04-18A,1.10875070095062,1.11771633139938,1.0985896673592,1.10635964706129,0,0.7856105586220328
2013-04-18C,1.10635964706129,1.113532207279,1.09201466913083,1.1129344701767,0,0.7856105586220328
2013-04-19A,1.1129344701767,1.113532207279,1.09201466913083,1.1111416189408,0,0.7856105586220328
2013-04-19C,1.1111416189408,1.15955612798478,1.1111416189408,1.15238356590271,1,0.7827581774043522
2013-04-22A,1.15238356590271,1.15955612798478,1.1111416189408,1.14819951159887,1,0.7880553482757782
2013-04-22C,1.14819951159887,1.15895828246446,1.14700410844769,1.15596973896027,1,0.7868329253203058
2013-04-23A,1.15596973896027,1.15895828246446,1.14700410844769,1.15417661117067,1,0.7652367968092504
2013-04-23C,1.15417661117067,1.15836055787158,1.10635984333061,1.12249803543091,0,0.7652367968092504
2013-04-24A,1.12249803543091,1.15836055787158,1.10635984333061,1.1219002876944,0,0.7652367968092504
2013-04-24C,1.1219002876944,1.14999265367797,1.11950948138846,1.14162468910217,1,0.7644355495919212
2013-04-25A,1.14162468910217,1.14999265367797,1.11950948138846,1.14042934197669,1,0.7568232722345994
2013-04-25C,1.14042934197669,1.14222248242049,1.12369348325539,1.12907290458679,1,0.7572238361646378
2013-04-26A,1.12907290458679,1.14222248242049,1.12369348325539,1.12967048911749,1,0.7548199341404302
2013-04-26C,1.12967048911749,1.13863611943757,1.12369340223744,1.12608420848846,0,0.7548199341404302
2013-05-02A,1.12608420848846,1.13863611943757,1.12369340223744,1.12130267117254,0,0.7548199341404302
2013-05-02C,1.12130267117254,1.12727975845337,1.11413010943354,1.12727975845337,1,0.754819866369708
2013-05-03A,1.12727975845337,1.12727975845337,1.11413010943354,1.12727965724173,1,0.768427403211099
2013-05-03C,1.12727965724173,1.16373991488225,1.12727965724173,1.14760172367096,1,0.7732301608002826
2013-05-06A,1.14760172367096,1.16373991488225,1.12727965724173,1.15477436335649,1,0.7748310307575444
2013-05-06C,1.15477436335649,1.16433766004654,1.15059034534882,1.15716516971588,1,0.774430832372197
2013-05-07A,1.15716516971588,1.16433766004654,1.15059034534882,1.1565674966567,1,0.7732302036927766
2013-05-07C,1.1565674966567,1.16134918089322,1.14939500592816,1.15477442741394,1,0.7784330450435824
2013-05-08A,1.15477442741394,1.16134918089322,1.14939500592816,1.16254456897477,1,0.775231257479199
2013-05-08C,1.16254456897477,1.17031472512246,1.15417660436975,1.15776288509369,1,0.7764320024325256
2013-05-09A,1.15776288509369,1.17031472512246,1.15417660436975,1.15955612798478,1,0.7716292968061652
2013-05-09C,1.15955612798478,1.15955612798478,1.14640647833598,1.15238356590271,1,0.7708288766968401
2013-05-10A,1.15238356590271,1.15955612798478,1.14640647833598,1.15118818492946,1,0.7764320174659991
2013-05-10C,1.15118818492946,1.16254469427763,1.14819964108823,1.1595561504364,1,0.7760317501285176
2013-05-13A,1.1595561504364,1.16254469427763,1.14819964108823,1.15895837440121,1,0.7732302036927764
2013-05-13C,1.15895837440121,1.16194691814247,1.15059040917417,1.15477442741394,1,0.7732300855345519
2013-05-14A,1.15477442741394,1.16194691814247,1.15059040917417,1.15477425095149,1,0.7664262696028333
2013-05-14C,1.15477425095149,1.15477425095149,1.14222234065525,1.14461314678192,0,0.7664262696028333
2013-05-15A,1.14461314678192,1.15477425095149,1.14222234065525,1.14461333781547,0,0.7664262696028333
2013-05-15C,1.14461333781547,1.15298130316038,1.14461333781547,1.15238356590271,1,0.7652337052624442
2013-05-16A,1.15238356590271,1.15298130316038,1.14461333781547,1.1505904494587,1,0.7767619190662747
2013-05-16C,1.1505904494587,1.16911944980428,1.14222255519119,1.16792404651642,1,0.7767618709955917
2013-05-17A,1.16792404651642,1.16911944980428,1.14222255519119,1.16792397423828,1,0.7866999612173696
2013-05-17C,1.16792397423828,1.1846598329901,1.16433769334414,1.18286669254303,1,0.7867000306655053
2013-05-20A,1.18286669254303,1.1846598329901,1.16433769334414,1.18286679696389,1,0.7938554657345614
2013-05-20C,1.18286679696389,1.2049820790092,1.18286679696389,1.19362556934357,1,0.7930603985146306
2013-05-21A,1.19362556934357,1.2049820790092,1.18286679696389,1.19243012180429,1,0.7894826574184969
2013-05-21C,1.19243012180429,1.19541866561823,1.18346449036245,1.18705070018768,1,0.7894825713240756
2013-05-22A,1.18705070018768,1.19541866561823,1.18346449036245,1.18705057073779,1,0.7922652743360188
2013-05-22C,1.18705057073779,1.19362539491248,1.16613076632152,1.19123458862305,1,0.7870975130746527
2013-05-23A,1.19123458862305,1.19362539491248,1.16613076632152,1.18346444374898,1,0.77954453598379
2013-05-23C,1.18346444374898,1.1876483906732,1.1697171284958,1.17210793495178,0,0.77954453598379
2013-05-24A,1.17210793495178,1.1876483906732,1.1697171284958,1.17210779395196,0,0.77954453598379
2013-05-24C,1.17210779395196,1.18047575804628,1.16672844444685,1.1727055311203,0,0.77954453598379
2013-05-27A,1.1727055311203,1.18047575804628,1.16672844444685,1.1727055311203,0,0.77954453598379
2013-05-27C,1.1727055311203,1.17987802087794,1.16852158469938,1.1727055311203,0,0.77954453598379
2013-05-28A,1.1727055311203,1.17987802087794,1.16852158469938,1.17390104232891,0,0.77954453598379
2013-05-28C,1.17390104232891,1.19302777844765,1.16732621788153,1.19183230400085,1,0.7799354813099605
2013-05-29A,1.19183230400085,1.19302777844765,1.16732621788153,1.19243001362143,1,0.778762637800166
2013-05-29C,1.19243001362143,1.20020016983073,1.19063687324524,1.19063687324524,1,0.777199008152646
2013-05-30A,1.19063687324524,1.20020016983073,1.19063687324524,1.18824626662896,1,0.7756352010086537
2013-05-30C,1.18824626662896,1.19183247673159,1.18406224796379,1.18585538864136,1,0.7752443158056558
2013-05-31A,1.18585538864136,1.19183247673159,1.18406224796379,1.18525777094207,1,0.7705529407865728
2013-05-31C,1.18525777094207,1.19123485927617,1.17808520793915,1.17808520793915,0,0.7705529407865728
2013-06-03A,1.17808520793915,1.19123485927617,1.17808520793915,1.17987806039121,0,0.7705529407865728
2013-06-03C,1.17987806039121,1.18764828757741,1.17569411383018,1.17748725414276,0,0.7705529407865728
2013-06-04A,1.17748725414276,1.18764828757741,1.17569411383018,1.17390106973748,0,0.7705529407865728
2013-06-04C,1.17390106973748,1.1774873506566,1.16792398237395,1.17031478881836,0,0.7705529407865728
2013-06-05A,1.17031478881836,1.1774873506566,1.16792398237395,1.17151032580131,0,0.7705529407865728
2013-06-05C,1.17151032580131,1.17151032580131,1.15417672877069,1.1595561504364,0,0.7705529407865728
2013-06-06A,1.1595561504364,1.17151032580131,1.15417672877069,1.15895823123641,0,0.7705529407865728
2013-06-06C,1.15895823123641,1.15895823123641,1.1458086546497,1.14760172367096,0,0.7705529407865728
2013-06-07A,1.14760172367096,1.15895823123641,1.1458086546497,1.14700435415167,0,0.7705529407865728
2013-06-07C,1.14700435415167,1.1535791085178,1.13086615877002,1.13505017757416,0,0.7705529407865728
2013-06-13A,1.13505017757416,1.1535791085178,1.13086615877002,1.1332566704272,0,0.7705529407865728
2013-06-13C,1.1332566704272,1.1332566704272,1.08245136514686,1.09619867801666,0,0.7705529407865728
2013-06-14A,1.09619867801666,1.1332566704272,1.08245136514686,1.09739433086381,0,0.7705529407865728
2013-06-14C,1.09739433086381,1.10396915585343,1.09619892757093,1.09978520870209,0,0.7705529407865728
2013-06-17A,1.09978520870209,1.10396915585343,1.09619892757093,1.10277368022585,0,0.7705529407865728
2013-06-17C,1.10277368022585,1.10576222388829,1.0914171715571,1.09201490879059,0,0.7705529407865728
2013-06-18A,1.09201490879059,1.10576222388829,1.0914171715571,1.09440564089194,0,0.7705529407865728
2013-06-18C,1.09440564089194,1.10277360532993,1.09201483462536,1.09858965873718,0,0.7705529407865728
2013-06-19A,1.09858965873718,1.10277360532993,1.09201483462536,1.0944057683821,0,0.7705529407865728
2013-06-19C,1.0944057683821,1.0944057683821,1.07468136500139,1.0860378742218,0,0.7705529407865728
2013-06-20A,1.0860378742218,1.0944057683821,1.07468136500139,1.08125614004062,0,0.7705529407865728
2013-06-20C,1.08125614004062,1.08125614004062,1.05077296610709,1.05495691299438,0,0.7705529407865728
2013-06-21A,1.05495691299438,1.08125614004062,1.05077296610709,1.05316383671133,0,0.7705529407865728
2013-06-21C,1.05316383671133,1.05435931125411,1.03045088918602,1.05256617069244,0,0.7705529407865728
2013-06-24A,1.05256617069244,1.05435931125411,1.03045088918602,1.04897982273422,0,0.7705529407865728
2013-06-24C,1.04897982273422,1.04897982273422,0.98622033458946,0.99339282512665,0,0.7705529407865728
2013-06-25A,0.99339282512665,1.04897982273422,0.98622033458946,0.99458837870132,0,0.7705529407865728
2013-06-25C,0.99458837870132,0.99458837870132,0.91090907827008,0.98024332523346,0,0.7705529407865728
2013-06-26A,0.98024332523346,0.99458837870132,0.91090907827008,0.98502501903984,0,0.7705529407865728
2013-06-26C,0.98502501903984,0.98801356296735,0.96111666761978,0.96769142150879,0,0.7705529407865728
2013-06-27A,0.96769142150879,0.98801356296735,0.96111666761978,0.97127756969757,0,0.7705529407865728
2013-06-27C,0.97127756969757,0.98980656801141,0.96948442933615,0.97845005989075,0,0.7705529407865728
2013-06-28A,0.97845005989075,0.98980656801141,0.96948442933615,0.97605919959748,0,0.7705529407865728
2013-06-28C,0.97605919959748,1.01550800035706,0.97008211289164,1.01311719417572,0,0.7705529407865728
2013-07-01A,1.01311719417572,1.01550800035706,0.97008211289164,1.01012867256511,0,0.7705529407865728
2013-07-01C,1.01012867256511,1.01311721598236,0.99757676171167,1.01251947879791,0,0.7705529407865728
2013-07-02A,1.01251947879791,1.01311721598236,0.99757676171167,1.01311716054039,0,0.7705529407865728
2013-07-02C,1.01311716054039,1.01311716054039,0.99936984732285,1.01012861728668,0,0.7705529407865728
2013-07-03A,1.01012861728668,1.01311716054039,0.99936984732285,1.00116295637423,0,0.7705529407865728
2013-07-03C,1.00116295637423,1.00355383382446,0.98801337978174,1.00056529045105,0,0.7705529407865728
2013-07-04A,1.00056529045105,1.00355383382446,0.98801337978174,0.99817465197906,0,0.7705529407865728
2013-07-04C,0.99817465197906,1.02028993523902,0.99100216041618,1.00893342494965,1,0.7691832621818792
2013-07-05A,1.00893342494965,1.02028993523902,0.99100216041618,1.00714001861432,1,0.7696397721120058
2013-07-05C,1.00714001861432,1.0149102454466,1.00415147531363,1.00773775577545,1,0.7627925038154808
2013-07-08A,1.00773775577545,1.0149102454466,1.00415147531363,0.99877219677452,0,0.7627925038154808
2013-07-08C,0.99877219677452,1.002956143442,0.98920882903243,0.99279510974884,0,0.7627925038154808
2013-07-09A,0.99279510974884,1.002956143442,0.98920882903243,0.99279513856621,0,0.7627925038154808
2013-07-09C,0.99279513856621,0.99996762895472,0.99040426093504,0.99817448854446,1,0.76370616347347
2013-07-10A,0.99817448854446,0.99996762895472,0.99040426093504,0.99937008466956,1,0.7783225241060884
2013-07-10C,0.99937008466956,1.01909448907898,0.99697920674728,1.01849675178528,1,0.780149491885445
2013-07-11A,1.01849675178528,1.01909448907898,0.99697920674728,1.02088748402193,1,0.8244554083934111
2013-07-11C,1.02088748402193,1.08962406142269,1.02088748402193,1.07886528968811,1,0.8217148032705095
2013-07-12A,1.07886528968811,1.08962406142269,1.02088748402193,1.07527899052658,1,0.8029875583997022
2013-07-12C,1.07527899052658,1.08125607752068,1.04718662465227,1.05077290534973,1,0.8020741707473736
2013-07-15A,1.05077290534973,1.08125607752068,1.04718662465227,1.04957766516561,1,0.8080120825637479
2013-07-15C,1.04957766516561,1.07169287622706,1.04778452453846,1.0573478937149,1,0.8066416260585786
2013-07-16A,1.0573478937149,1.07169287622706,1.04778452453846,1.05555454268657,1,0.8089254336519344
2013-07-16C,1.05555454268657,1.05914075197352,1.04300263205099,1.05854308605194,1,0.8061847562071953
2013-07-17A,1.05854308605194,1.05914075197352,1.04300263205099,1.05495669225155,1,0.7993333341626895
2013-07-17C,1.05495669225155,1.06212918130791,1.04599106311798,1.04599106311798,1,0.7993334953311018
2013-07-18A,1.04599106311798,1.06212918130791,1.04599106311798,1.04599127401963,1,0.7810630328619002
2013-07-18C,1.04599127401963,1.04599127401963,1.02208292484283,1.02208292484283,0,0.7810630328619002
2013-07-19A,1.02208292484283,1.04599127401963,1.02208292484283,1.03045068699698,0,0.7810630328619002
2013-07-19C,1.03045068699698,1.03045068699698,1.00295606045288,1.00415146350861,0,0.7810630328619002
2013-07-22A,1.00415146350861,1.03045068699698,1.00295606045288,0.99996759243919,0,0.7810630328619002
2013-07-22C,0.99996759243919,1.00534701347351,0.98920882162306,1.00534701347351,0,0.7810630328619002
2013-07-23A,1.00534701347351,1.00534701347351,0.98920882162306,1.00594490858067,0,0.7810630328619002
2013-07-23C,1.00594490858067,1.03702582496383,0.99877241682014,1.02626705169678,1,0.7792432815607011
2013-07-24A,1.02626705169678,1.03702582496383,0.99877241682014,1.02387601445122,1,0.771509949972694
2013-07-24C,1.02387601445122,1.02387601445122,1.00116299835785,1.01371490955353,0,0.771509949972694
2013-07-25A,1.01371490955353,1.02387601445122,1.00116299835785,1.01730134140012,0,0.771509949972694
2013-07-25C,1.01730134140012,1.02028988534288,1.00594483166613,1.00833570957184,0,0.771509949972694
2013-07-26A,1.00833570957184,1.02028988534288,1.00594483166613,1.00474942833952,0,0.771509949972694
2013-07-26C,1.00474942833952,1.01072651622504,0.99937007774356,1.00833570957184,0,0.771509949972694
2013-07-29A,1.00833570957184,1.01072651622504,0.99937007774356,1.00116281221713,0,0.771509949972694
2013-07-29C,1.00116281221713,1.00116281221713,0.97964534577838,0.98263388872147,0,0.771509949972694
2013-07-30A,0.98263388872147,1.00116281221713,0.97964534577838,0.98622037204351,0,0.771509949972694
2013-07-30C,0.98622037204351,1.01012879349628,0.98203642500897,0.9939906001091,0,0.771509949972694
2013-07-31A,0.9939906001091,1.01012879349628,0.98203642500897,0.99817446094513,0,0.771509949972694
2013-07-31C,0.99817446094513,1.01610579329935,0.99518591742818,0.99697905778885,0,0.771509949972694
2013-08-01A,0.99697905778885,1.01610579329935,0.99518591742818,0.996978913088,0,0.771509949972694
2013-08-01C,0.996978913088,1.01610564582246,0.99518577298758,1.01431250572205,1,0.7715101970072028
2013-08-02A,1.01431250572205,1.01610564582246,0.99518577298758,1.014312830501,1,0.7692370401153404
2013-08-02C,1.014312830501,1.02566926935244,1.01012888309533,1.01132428646088,1,0.7751470785973886
2013-08-05A,1.01132428646088,1.02566926935244,1.01012888309533,1.0190942782048,1,0.7756016773522273
2013-08-05C,1.0190942782048,1.02148508437986,1.00893317382955,1.01969194412231,1,0.7751471820718824
2013-08-06A,1.01969194412231,1.02148508437986,1.00893317382955,1.01909441424384,1,0.7796934954051579
2013-08-06C,1.01909441424384,1.02806004547589,1.01132418625891,1.02507150173187,1,0.7796935526603709
2013-08-07A,1.02507150173187,1.02806004547589,1.01132418625891,1.02507157700592,1,0.7746925859480024
2013-08-07C,1.02507157700592,1.03224406826775,1.01670361115669,1.01849675178528,1,0.7728738014350202
2013-08-08A,1.01849675178528,1.03224406826775,1.01670361115669,1.01610557604374,1,0.7719644956748027
2013-08-08C,1.01610557604374,1.02447346760105,1.01311703316577,1.01491010189056,1,0.7742378125034065
2013-08-09A,1.01491010189056,1.02447346760105,1.01311703316577,1.01789885620125,1,0.7710554042705778
2013-08-09C,1.01789885620125,1.02507141760021,1.00654241940707,1.01371490955353,1,0.7710554240727419
2013-08-12A,1.01371490955353,1.02507141760021,1.00654241940707,1.01371493558765,1,0.8001518602826918
2013-08-12C,1.01371493558765,1.05256607332144,1.01371493558765,1.05196833610535,1,0.799697155496417
2013-08-13A,1.05196833610535,1.05256607332144,1.01371493558765,1.05137053078716,1,0.8065166788663585
2013-08-13C,1.05137053078716,1.06332477556727,1.0441980409211,1.06033623218536,1,0.806971198860282
2013-08-14A,1.06033623218536,1.06332477556727,1.0441980409211,1.06093379455504,1,0.8046980426909511
2013-08-14C,1.06093379455504,1.07886505309623,1.05555444549368,1.05794525146484,1,0.8046982520531915
2013-08-15A,1.05794525146484,1.07886505309623,1.05555444549368,1.05794552671565,1,0.8019704964580989
2013-08-15C,1.05794552671565,1.06989970218662,1.05435931682587,1.05435931682587,1,0.799697281275024
2013-08-16A,1.05435931682587,1.06989970218662,1.05435931682587,1.05137069614966,1,0.8006065873315803
2013-08-16C,1.05137069614966,1.10576229400864,1.04001425801326,1.05256617069244,1,0.7937870498620517
2013-08-19A,1.05256617069244,1.10576229400864,1.04001425801326,1.04360045075736,1,0.8078805879928769
2013-08-19C,1.04360045075736,1.06750879954823,1.04360045075736,1.06212937831879,1,0.80515277419237
2013-08-20A,1.06212937831879,1.06750879954823,1.04360045075736,1.05854309190572,1,0.8065166788663582
2013-08-20C,1.05854309190572,1.07946289557904,1.05376140824418,1.06033623218536,1,0.806516660934963
2013-08-21A,1.06033623218536,1.07946289557904,1.05376140824418,1.06033620861076,1,0.8010610423603064
2013-08-21C,1.06033620861076,1.06332475192622,1.04599115794507,1.05316364765167,1,0.800151934303302
2013-08-22A,1.05316364765167,1.06332475192622,1.04599115794507,1.05196843342105,1,0.8006065873315802
2013-08-22C,1.05196843342105,1.06989969653274,1.0495776268405,1.05256617069244,1,0.8015158503676123
2013-08-23A,1.05256617069244,1.06989969653274,1.0495776268405,1.05376158867567,1,0.7924232232458963
2013-08-23C,1.05376158867567,1.06332495763626,1.0268646936331,1.0418074131012,0,0.7924232232458963
2013-08-26A,1.0418074131012,1.06332495763626,1.0268646936331,1.04240471497605,0,0.7924232232458963
2013-08-26C,1.04240471497605,1.06212911203394,1.04061164626827,1.06093370914459,1,0.7915305250930451
2013-08-27A,1.06093370914459,1.06212911203394,1.04061164626827,1.05973852261463,1,0.7928698416072542
2013-08-27C,1.05973852261463,1.06691101266754,1.05435917288807,1.06153166294098,1,0.7901911955446388
2013-08-28A,1.06153166294098,1.06691101266754,1.05435917288807,1.05794536483748,1,0.7888518790525234
2013-08-28C,1.05794536483748,1.06212931136163,1.04658892837874,1.05615222454071,1,0.7888519475227056
2013-08-29A,1.05615222454071,1.06212931136163,1.04658892837874,1.05615231621183,1,0.7879590875235508
2013-08-29C,1.05615231621183,1.06212940355154,1.05137063208956,1.05495691299438,0,0.7879590875235508
2013-08-30A,1.05495691299438,1.06212940355154,1.05137063208956,1.05495698284791,0,0.7879590875235508
2013-08-30C,1.05495698284791,1.06153180785795,1.04718675454128,1.05435931682587,0,0.7879590875235508
2013-09-02A,1.05435931682587,1.06153180785795,1.04718675454128,1.05794546235168,1,0.7870687497254101
2013-09-02C,1.05794546235168,1.06332488373784,1.05137063774165,1.05675005912781,1,0.7901848216836496
2013-09-03A,1.05675005912781,1.06332488373784,1.05137063774165,1.06093382227082,1,0.7995334996171904
2013-09-03C,1.06093382227082,1.07468113509536,1.0585430162372,1.07348573207855,1,0.795527005139945
2013-09-04A,1.07348573207855,1.07468113509536,1.0585430162372,1.06810645196204,1,0.7990884092525056
2013-09-04C,1.06810645196204,1.07766981985803,1.06810645196204,1.07288813591003,1,0.7990883886866814
2013-09-05A,1.07288813591003,1.07766981985803,1.06810645196204,1.07288810829753,1,0.7981980509486908
2013-09-05C,1.07288810829753,1.07707212617715,1.07049730201131,1.07169270515442,1,0.7977529622694615
2013-09-06A,1.07169270515442,1.07707212617715,1.07049730201131,1.07109511124886,1,0.8039853799235132
2013-09-06C,1.07109511124886,1.08484242645046,1.07049737401085,1.07946300506592,1,0.8084370938047374
2013-09-09A,1.07946300506592,1.08484242645046,1.07049737401085,1.08544005460428,1,0.8511738373025493
2013-09-09C,1.08544005460428,1.14640640065582,1.08544005460428,1.14282011985779,1,0.8529545829181164
2013-09-10A,1.14282011985779,1.14640640065582,1.08544005460428,1.14521102031623,1,0.8565159871254604
2013-09-10C,1.14521102031623,1.15118810759717,1.13325684575435,1.14999270439148,1,0.8565159437787361
2013-09-11A,1.14999270439148,1.15118810759717,1.13325684575435,1.14999264619243,1,0.8596321524015971
2013-09-11C,1.14999264619243,1.16852164432662,1.14999264619243,1.15417659282684,1,0.8596322119466163
2013-09-12A,1.15417659282684,1.16852164432662,1.14999264619243,1.15417667277437,1,0.8729874381716528
2013-09-12C,1.15417667277437,1.19063693436944,1.14461330444542,1.17210793495178,1,0.8725423046855759
2013-09-13A,1.17210793495178,1.19063693436944,1.14461330444542,1.17151028088675,1,0.8587418828850089
2013-09-13C,1.17151028088675,1.17151028088675,1.14700419382722,1.15298128128052,1,0.8591869025947128
2013-09-16A,1.15298128128052,1.17151028088675,1.14700419382722,1.15357878258483,1,0.8538448234267748
2013-09-16C,1.15357878258483,1.16134900941531,1.13863606608486,1.14640629291534,1,0.8569611337933128
2013-09-17A,1.14640629291534,1.16134900941531,1.13863606608486,1.15059037615489,1,0.8409348943830833
2013-09-17C,1.15059037615489,1.15656746346589,1.12847516735469,1.12907290458679,0,0.8409348943830833
2013-09-18A,1.12907290458679,1.15656746346589,1.12847516735469,1.12907290458679,0,0.8409348943830833
2013-09-18C,1.12907290458679,1.13445225466569,1.11771639594439,1.12907290458679,0,0.8409348943830833
2013-09-23A,1.12907290458679,1.13445225466569,1.11771639594439,1.13265898611418,0,0.8409348943830833
2013-09-23C,1.13265898611418,1.13983147582564,1.12429109332622,1.13385438919067,0,0.8409348943830833
2013-09-24A,1.13385438919067,1.13983147582564,1.12429109332622,1.13385459625661,0,0.8409348943830833
2013-09-24C,1.13385459625661,1.13385459625661,1.10277375432925,1.1081531047821,0,0.8409348943830833
2013-09-25A,1.1081531047821,1.13385459625661,1.10277375432925,1.10994607056077,0,0.8409348943830833
2013-09-25C,1.10994607056077,1.11652089452556,1.1015781775624,1.10576212406158,0,0.8409348943830833
2013-09-26A,1.10576212406158,1.11652089452556,1.1015781775624,1.10516432592562,0,0.8409348943830833
2013-09-26C,1.10516432592562,1.10516432592562,1.08185364599731,1.08723306655884,0,0.8409348943830833
2013-09-27A,1.08723306655884,1.10516432592562,1.08185364599731,1.086635393297,0,0.8409348943830833
2013-09-27C,1.086635393297,1.09201481417479,1.0812560436717,1.0848423242569,0,0.8409348943830833
2013-09-30A,1.0848423242569,1.09201481417479,1.0812560436717,1.08603794547324,0,0.8409348943830833
2013-09-30C,1.08603794547324,1.09500357748427,1.08603794547324,1.0938081741333,0,0.8409348943830833
2013-10-08A,1.0938081741333,1.09500357748427,1.08603794547324,1.08783082483194,0,0.8409348943830833
2013-10-08C,1.08783082483194,1.10576208454696,1.07886512372194,1.10098040103912,0,0.8409348943830833
2013-10-09A,1.10098040103912,1.10576208454696,1.07886512372194,1.09978503727632,0,0.8409348943830833
2013-10-09C,1.09978503727632,1.10994607056077,1.09560101952464,1.10576212406158,0,0.8409348943830833
2013-10-10A,1.10576212406158,1.10994607056077,1.09560101952464,1.10635963596463,0,0.8409348943830833
2013-10-10C,1.10635963596463,1.10875051309738,1.08723297516503,1.08842837810516,0,0.8409348943830833
2013-10-11A,1.08842837810516,1.10875051309738,1.08723297516503,1.09081940709842,0,0.8409348943830833
2013-10-11C,1.09081940709842,1.10994607056077,1.08842852963282,1.10576212406158,0,0.8409348943830833
2013-10-14A,1.10576212406158,1.10994607056077,1.08842852963282,1.10576221000675,0,0.8409348943830833
2013-10-14C,1.10576221000675,1.10934841960515,1.1003827887304,1.10277366638184,0,0.8409348943830833
2013-10-15A,1.10277366638184,1.10934841960515,1.1003827887304,1.10516461284627,0,0.8409348943830833
2013-10-15C,1.10516461284627,1.10516461284627,1.08902648947692,1.0938081741333,0,0.8409348943830833
2013-10-16A,1.0938081741333,1.10516461284627,1.08902648947692,1.09321032026752,0,0.8409348943830833
2013-10-16C,1.09321032026752,1.09321032026752,1.0776698646044,1.07946300506592,0,0.8409348943830833
2013-10-17A,1.07946300506592,1.09321032026752,1.0776698646044,1.08304930793392,0,0.8409348943830833
2013-10-17C,1.08304930793392,1.08723325492723,1.07707222044277,1.07886528968811,0,0.8409348943830833
2013-10-18A,1.07886528968811,1.08723325492723,1.07707222044277,1.0818536979128,0,0.8409348943830833
2013-10-18C,1.0818536979128,1.08723311873247,1.0776697514436,1.08125603199005,0,0.8409348943830833
2013-10-21A,1.08125603199005,1.08723311873247,1.0776697514436,1.08245168587599,0,0.8409348943830833
2013-10-21C,1.08245168587599,1.09440586213044,1.07587686043504,1.09321045875549,1,0.8409348136489289
2013-10-22A,1.09321045875549,1.09440586213044,1.07587686043504,1.09321035380156,1,0.8326587981808626
2013-10-22C,1.09321035380156,1.09321035380156,1.08125617869478,1.08245158195496,0,0.8326587981808626
2013-10-23A,1.08245158195496,1.09321035380156,1.08125617869478,1.08603762980131,0,0.8326587981808626
2013-10-23C,1.08603762980131,1.1039688886114,1.08125594653478,1.0842444896698,0,0.8326587981808626
2013-10-24A,1.0842444896698,1.1039688886114,1.08125594653478,1.08304918520891,0,0.8326587981808626
2013-10-24C,1.08304918520891,1.08304918520891,1.06989953721642,1.0704972743988,0,0.8326587981808626
2013-10-25A,1.0704972743988,1.08304918520891,1.06989953721642,1.07049734890607,0,0.8326587981808626
2013-10-25C,1.07049734890607,1.08006071697486,1.06093398083727,1.06392252445221,0,0.8326587981808626
2013-10-28A,1.06392252445221,1.08006071697486,1.06093398083727,1.07527903294047,0,0.8326587981808626
2013-10-28C,1.07527903294047,1.07587669891195,1.0597385776418,1.06392252445221,0,0.8326587981808626
2013-10-29A,1.06392252445221,1.07587669891195,1.0597385776418,1.06452011439824,0,0.8326587981808626
2013-10-29C,1.06452011439824,1.095600949443,1.06452011439824,1.0770720243454,0,0.8326587981808626
2013-10-30A,1.0770720243454,1.095600949443,1.06452011439824,1.07886519073979,1,0.8432688560771828
2013-10-30C,1.07886519073979,1.09440564529249,1.0776697876017,1.09261250495911,1,0.8460366880088787
2013-10-31A,1.09261250495911,1.09440564529249,1.0776697876017,1.0961987488461,1,0.8345040287241873
2013-10-31C,1.0961987488461,1.0961987488461,1.07946289171683,1.08125603199005,1,0.8349652878124647
2013-11-01A,1.08125603199005,1.0961987488461,1.07946289171683,1.08185367940018,1,0.8414236098966175
2013-11-01C,1.08185367940018,1.095600992923,1.08006061041014,1.09022164344788,1,0.8441915410275631
2013-11-04A,1.09022164344788,1.095600992923,1.08006061041014,1.09380801586605,1,0.8405010788110271
2013-11-04C,1.09380801586605,1.09858969983056,1.08663545429305,1.08902633190155,1,0.8377332759890543
2013-11-05A,1.08902633190155,1.09858969983056,1.08663545429305,1.08544012573165,1,0.8354267438191703
2013-11-05C,1.08544012573165,1.08544012573165,1.069302003588,1.08245158195496,1,0.8354266404543693
2013-11-06A,1.08245158195496,1.08544012573165,1.069302003588,1.08245144802653,1,0.826200512916335
2013-11-06C,1.08245144802653,1.08245144802653,1.06989953721642,1.0704972743988,0,0.826200512916335
2013-11-07A,1.0704972743988,1.08245144802653,1.06989953721642,1.0704972743988,0,0.826200512916335
2013-11-07C,1.0704972743988,1.07408355498812,1.06691099380949,1.0704972743988,0,0.826200512916335
2013-11-08A,1.0704972743988,1.07408355498812,1.06691099380949,1.06989960592632,0,0.826200512916335
2013-11-08C,1.06989960592632,1.07348588674595,1.05914083471993,1.06212937831879,0,0.826200512916335
2013-11-11A,1.06212937831879,1.07348588674595,1.05914083471993,1.05674984847926,0,0.826200512916335
2013-11-11C,1.05674984847926,1.06212919754062,1.0543590425081,1.05794525146484,0,0.826200512916335
2013-11-12A,1.05794525146484,1.06212919754062,1.0543590425081,1.06093390119931,0,0.826200512916335
2013-11-12C,1.06093390119931,1.06989953137112,1.05674995470297,1.06870412826538,0,0.826200512916335
2013-11-13A,1.06870412826538,1.06989953137112,1.05674995470297,1.06631352959201,0,0.826200512916335
2013-11-13C,1.06631352959201,1.06631352959201,1.04180744051841,1.04300284385681,0,0.826200512916335
2013-11-14A,1.04300284385681,1.06631352959201,1.04180744051841,1.0430025657469,0,0.826200512916335
2013-11-14C,1.0430025657469,1.04778424907802,1.03224379606499,1.03822088241577,0,0.826200512916335
2013-11-15A,1.03822088241577,1.04778424907802,1.03224379606499,1.03583025332635,0,0.826200512916335
2013-11-15C,1.03583025332635,1.06750883064763,1.03583025332635,1.05675005912781,0,0.826200512916335
2013-11-18A,1.05675005912781,1.06750883064763,1.03583025332635,1.05973859672507,1,0.8578878230895203
2013-11-18C,1.05973859672507,1.10038280487061,1.05794545627332,1.10038280487061,1,0.8578879192325167
2013-11-19A,1.10038280487061,1.10038280487061,1.05794545627332,1.10038292818988,1,0.8527620653751296
2013-11-19C,1.10038292818988,1.10038292818988,1.08185392686608,1.0938081741333,1,0.8550919164594405
2013-11-20A,1.0938081741333,1.10038292818988,1.08185392686608,1.09679659290098,1,0.8513639878204188
2013-11-20C,1.09679659290098,1.09918739932993,1.08424468101776,1.09201490879059,1,0.8485680015634304
2013-11-21A,1.09201490879059,1.09918739932993,1.08424468101776,1.0884285946863,1,0.8490340134604728
2013-11-21C,1.0884285946863,1.09022173507955,1.07587668318604,1.08902633190155,1,0.8508979021845285
2013-11-22A,1.08902633190155,1.09022173507955,1.07587668318604,1.09141707699309,1,0.8457720493565529
2013-11-22C,1.09141707699309,1.09261248010399,1.0842445870752,1.0848423242569,1,0.8453060067070104
2013-11-25A,1.0848423242569,1.09261248010399,1.0842445870752,1.08424454759649,1,0.8420440903806421
2013-11-25C,1.08424454759649,1.09141703725322,1.0776697238472,1.08006060123444,1,0.8411119812702841
2013-11-26A,1.08006060123444,1.09141703725322,1.0776697238472,1.07886501737173,1,0.8387820333379682
2013-11-26C,1.07886501737173,1.08484217460669,1.0746810714345,1.07587647438049,0,0.8387820333379682
2013-11-27A,1.07587647438049,1.08484217460669,1.0746810714345,1.07468133217556,0,0.8387820333379682
2013-11-27C,1.07468133217556,1.09321033171776,1.07408366618379,1.08304929733276,1,0.8406335890470793
2013-11-28A,1.08304929733276,1.09321033171776,1.07408366618379,1.08544005682691,1,0.844799753846955
2013-11-28C,1.08544005682691,1.10038277476181,1.08484239086101,1.09081947803497,1,0.8457254743202592
2013-11-29A,1.09081947803497,1.10038277476181,1.08484239086101,1.09201478369042,1,0.8443367528443284
2013-11-29C,1.09201478369042,1.095600992923,1.09022164344788,1.09022164344788,1,0.8461882693809263
2013-12-02A,1.09022164344788,1.095600992923,1.09022164344788,1.09261235236183,1,0.8549834678240926
2013-12-02C,1.09261235236183,1.11173908491001,1.08842840633659,1.10396885871887,1,0.8512803514289442
2013-12-03A,1.10396885871887,1.11173908491001,1.08842840633659,1.09918733330428,1,0.8586868295825336
2013-12-03C,1.09918733330428,1.11054384129087,1.09679652701894,1.10875070095062,1,0.8517433069905817
2013-12-04A,1.10875070095062,1.11054384129087,1.09679652701894,1.09978510921721,1,0.8623900990177434
2013-12-04C,1.09978510921721,1.12010717711546,1.09978510921721,1.11353242397308,1,0.861001389901164
2013-12-05A,1.11353242397308,1.12010717711546,1.09978510921721,1.11173929968914,1,0.8605384643001384
2013-12-05C,1.11173929968914,1.11413010609331,1.10755535285561,1.11114156246185,1,0.8572981487644903
2013-12-06A,1.11114156246185,1.11413010609331,1.10755535285561,1.10695761320622,1,0.8540578351117563
2013-12-06C,1.10695761320622,1.10875075363167,1.09918738553094,1.10277366638184,1,0.8531320390941795
2013-12-09A,1.10277366638184,1.10875075363167,1.09918738553094,1.10157826318237,1,0.8540578351117563
2013-12-09C,1.10157826318237,1.10815301640569,1.10098052595639,1.10277366638184,1,0.8559094315699093
2013-12-10A,1.10277366638184,1.10815301640569,1.10098052595639,1.10516447849183,1,0.855446561149958
2013-12-10C,1.10516447849183,1.10755535615562,1.1015782688749,1.10456681251526,1,0.8535949068291513
2013-12-11A,1.10456681251526,1.10755535615562,1.1015782688749,1.10217592569205,1,0.8415593930911484
2013-12-11C,1.10217592569205,1.10217592569205,1.08185378635498,1.08663547039032,0,0.8415593930911484
2013-12-12A,1.08663547039032,1.10217592569205,1.08185378635498,1.08484248166679,0,0.8415593930911484
2013-12-12C,1.08484248166679,1.08783102550392,1.08185386657715,1.08185386657715,0,0.8415593930911484
2013-12-13A,1.08185386657715,1.08783102550392,1.08185386657715,1.08006056155831,0,0.8415593930911484
2013-12-13C,1.08006056155831,1.08065822744379,1.0716925978891,1.07527887821198,0,0.8415593930911484
2013-12-16A,1.07527887821198,1.08065822744379,1.0716925978891,1.07527903294047,0,0.8415593930911484
2013-12-16C,1.07527903294047,1.07587669891195,1.06332485848072,1.06392252445221,0,0.8415593930911484
2013-12-17A,1.06392252445221,1.07587669891195,1.06332485848072,1.06332477556727,0,0.8415593930911484
2013-12-17C,1.06332477556727,1.06750872205143,1.05794535472834,1.06033623218536,0,0.8415593930911484
2013-12-18A,1.06033623218536,1.06750872205143,1.05794535472834,1.05794555975561,0,0.8415593930911484
2013-12-18C,1.05794555975561,1.06212950705062,1.0573478937149,1.0573478937149,0,0.8415593930911484
2013-12-19A,1.0573478937149,1.06212950705062,1.0573478937149,1.05973859478227,0,0.8415593930911484
2013-12-19C,1.05973859478227,1.06272713844554,1.04599127968071,1.04658901691437,0,0.8415593930911484
2013-12-20A,1.04658901691437,1.06272713844554,1.04599127968071,1.04658889258003,0,0.8415593930911484
2013-12-20C,1.04658889258003,1.05017510179842,1.02805989556797,1.03045070171356,0,0.8415593930911484
2013-12-23A,1.03045070171356,1.05017510179842,1.02805989556797,1.03164617464942,0,0.8415593930911484
2013-12-23C,1.03164617464942,1.03403705220941,1.0238760185238,1.02985310554504,0,0.8415593930911484
2013-12-24A,1.02985310554504,1.03403705220941,1.0238760185238,1.02925533488579,0,0.8415593930911484
2013-12-24C,1.02925533488579,1.03762322794253,1.02387598524253,1.02686452865601,0,0.8415593930911484
2013-12-25A,1.02686452865601,1.03762322794253,1.02387598524253,1.0268647137391,0,0.8415593930911484
2013-12-25C,1.0268647137391,1.03343946768229,1.02507157311732,1.03284180164337,0,0.8415593930911484
2013-12-26A,1.03284180164337,1.03343946768229,1.02507157311732,1.0292551504563,0,0.8415593930911484
2013-12-26C,1.0292551504563,1.03343909623496,1.01491010189056,1.01491010189056,0,0.8415593930911484
2013-12-27A,1.01491010189056,1.03343909623496,1.01491010189056,1.01491034390928,0,0.8415593930911484
2013-12-27C,1.01491034390928,1.03822102666766,1.01491034390928,1.03104853630066,0,0.8415593930911484
2013-12-30A,1.03104853630066,1.03822102666766,1.01491034390928,1.03164620226728,0,0.8415593930911484
2013-12-30C,1.03164620226728,1.03881876388678,1.02865765867666,1.03104853630066,0,0.8415593930911484
2013-12-31A,1.03104853630066,1.03881876388678,1.02865765867666,1.03224389866199,0,0.8415593930911484
2013-12-31C,1.03224389866199,1.04300266941324,1.02805995205108,1.04061186313629,1,0.8401093122133074
2014-01-02A,1.04061186313629,1.04300266941324,1.02805995205108,1.03881879733918,1,0.8362422880582474
2014-01-02C,1.03881879733918,1.03881879733918,1.03224397272708,1.0340371131897,0,0.8362422880582474
2014-01-03A,1.0340371131897,1.03881879733918,1.03224397272708,1.02985314682775,0,0.8362422880582474
2014-01-03C,1.02985314682775,1.03045081280233,1.01849663828066,1.02028977870941,0,0.8362422880582474
2014-01-06A,1.02028977870941,1.03045081280233,1.01849663828066,1.0202897235827,0,0.8362422880582474
2014-01-06C,1.0202897235827,1.0202897235827,0.99697904177342,0.99936991930008,0,0.8362422880582474
2014-01-07A,0.99936991930008,1.0202897235827,0.99697904177342,0.99817440714545,0,0.8362422880582474
2014-01-07C,0.99817440714545,1.00534696820155,0.98980651425,0.99877214431763,0,0.8362422880582474
2014-01-08A,0.99877214431763,1.00534696820155,0.98980651425,0.99877218210529,0,0.8362422880582474
2014-01-08C,0.99877218210529,1.01012869003879,0.99339276110969,0.99936991930008,0,0.8362422880582474
2014-01-09A,0.99936991930008,1.01012869003879,0.99339276110969,0.99996756185441,0,0.8362422880582474
2014-01-09C,0.99996756185441,1.00295610525346,0.99100193165727,0.99219733476639,0,0.8362422880582474
2014-01-10A,0.99219733476639,1.00295610525346,0.99100193165727,0.9880133330654,0,0.8362422880582474
2014-01-10C,0.9880133330654,0.99339268238218,0.98562252698071,0.98980647325516,0,0.8362422880582474
2014-01-13A,0.98980647325516,0.99339268238218,0.98562252698071,0.98980670615199,0,0.8362422880582474
2014-01-13C,0.98980670615199,0.99518605673451,0.98502502160502,0.98801356554031,0,0.8362422880582474
2014-01-14A,0.98801356554031,0.99518605673451,0.98502502160502,0.98801347503688,0,0.8362422880582474
2014-01-14C,0.98801347503688,0.99458829959326,0.98502493137535,0.99339282512665,0,0.8362422880582474
2014-01-15A,0.99339282512665,0.99458829959326,0.98502493137535,0.99339286285309,0,0.8362422880582474
2014-01-15C,0.99339286285309,0.99518600336861,0.98681810929952,0.9939906001091,0,0.8362422880582474
2014-01-16A,0.9939906001091,0.99518600336861,0.98681810929952,0.99399063781287,0,0.8362422880582474
2014-01-16C,0.99399063781287,0.99817458500612,0.98681814673123,0.99458837509155,0,0.8362422880582474
2014-01-17A,0.99458837509155,0.99817458500612,0.98681814673123,0.99458833533589,1,0.8287040536234334
2014-01-17C,0.99458833533589,0.99458833533589,0.98323182626243,0.98562270402908,0,0.8287040536234334
2014-01-20A,0.98562270402908,0.99458833533589,0.98323182626243,0.98382949699411,0,0.8287040536234334
2014-01-20C,0.98382949699411,0.98920884691346,0.97426612907916,0.97964555025101,0,0.8287040536234334
2014-01-21A,0.97964555025101,0.98920884691346,0.97426612907916,0.99762648447936,1,0.8142828531273978
2014-01-21C,0.99762648447936,0.99762648447936,0.97964569301169,0.98026567697525,0,0.8142828531273978
2014-01-22A,0.98026567697525,0.99762648447936,0.97964569301169,0.98026551571497,0,0.8142828531273978
2014-01-22C,0.98026551571497,1.00134651918528,0.98026551571497,1.00072646141052,1,0.8147874810992247
2014-01-23A,1.00072646141052,1.00134651918528,0.98026551571497,1.00134663235313,1,0.8122649216588314
2014-01-23C,1.00134663235313,1.0025866741296,0.99576633348921,0.99824649095535,1,0.8112557903434424
2014-01-24A,0.99824649095535,1.0025866741296,0.99576633348921,0.99700630223411,1,0.8173099200795705
2014-01-24C,0.99700630223411,1.00754676665039,0.99576618672722,1.00444662570953,1,0.8152918633322658
2014-01-27A,1.00444662570953,1.00754676665039,0.99576618672722,1.00196650129097,1,0.8117602326675124
2014-01-27C,1.00196650129097,1.00258648510572,0.99452610420853,0.99762624502182,1,0.8122647685174897
2014-01-28A,0.99762624502182,1.00258648510572,0.99452610420853,0.99824630274975,1,0.8117602326675124
2014-01-28C,0.99824630274975,1.00506664210426,0.99452610420853,0.99762624502182,1,0.8132738884614065
2014-01-29A,0.99762624502182,1.00506664210426,0.99452610420853,0.99948647749583,1,0.8183190070633738
2014-01-29C,0.99948647749583,1.01064700069369,0.99886641968527,1.00568675994873,1,0.8173097672118247
2014-01-30A,1.00568675994873,1.01064700069369,0.99886641968527,1.00444643784017,1,0.8127691256520869
2014-01-30C,1.00444643784017,1.00568647920194,0.99824615711814,0.99886614084244,1,0.8122648106494145
2014-02-07A,0.99886614084244,1.00568647920194,0.99824615711814,0.99824635452848,1,0.8137783581353074
2014-02-07C,0.99824635452848,1.00134649550257,0.9901859732132,1.00010645389557,1,0.8168054814309867
2014-02-10A,1.00010645389557,1.00134649550257,0.9901859732132,1.00382668743887,1,0.8314363618558678
2014-02-10C,1.00382668743887,1.02366765095253,1.00134660395626,1.02180755138397,1,0.831436185712486
2014-02-11A,1.02180755138397,1.02366765095253,1.00134660395626,1.02180733490963,1,0.8400128737210671
2014-02-11C,1.02180733490963,1.03482795521785,1.01746715277796,1.03234779834747,1,0.8384995542153739
2014-02-12A,1.03234779834747,1.03482795521785,1.01746715277796,1.03048797916044,1,0.8415266496961893
2014-02-12C,1.03048797916044,1.03606827820008,1.02924793734492,1.0342081785202,1,0.8410221738777601
2014-02-13A,1.0342081785202,1.03606827820008,1.02924793734492,1.03358819456904,1,0.8415266496961893
2014-02-13C,1.03358819456904,1.04350860300641,1.02986799520928,1.0342081785202,1,0.8405174637374375
2014-02-14A,1.0342081785202,1.04350860300641,1.02986799520928,1.03296792264409,1,0.8485896765851095
2014-02-14C,1.03296792264409,1.04288840293884,1.03234786490822,1.04288840293884,1,0.8490941499938067
2014-02-17A,1.04288840293884,1.04288840293884,1.03234786490822,1.04350838392852,1,0.8501031615613887
2014-02-17C,1.04350838392852,1.04784864024144,1.03854814379461,1.0447484254837,1,0.8506076386346362
2014-02-18A,1.0447484254837,1.04784864024144,1.03854814379461,1.04536841097699,1,0.8420309506890592
2014-02-18C,1.04536841097699,1.04536841097699,1.03358790614709,1.03482794761658,1,0.8420310859059355
2014-02-19A,1.03482794761658,1.04536841097699,1.03358790614709,1.03482811379361,1,0.8495987635689124
2014-02-19C,1.03482811379361,1.05218891889385,1.03296801433409,1.04412853717804,1,0.8506078754365399
2014-02-20A,1.04412853717804,1.05218891889385,1.03296801433409,1.04536870199863,1,0.8556529944728722
2014-02-20C,1.04536870199863,1.06520966668671,1.04536870199863,1.05156898498535,1,0.8516166982480542
2014-02-21A,1.05156898498535,1.06520966668671,1.04536870199863,1.0466085115789,1,0.8460671046250351
2014-02-21C,1.0466085115789,1.05032871011073,1.03172786527794,1.03978824615479,1,0.8415265993312827
2014-02-24A,1.03978824615479,1.05032871011073,1.03172786527794,1.03420811662341,0,0.8415265993312827
2014-02-24C,1.03420811662341,1.03420811662341,1.01312711136845,1.02180755138397,0,0.8415265993312827
2014-02-25A,1.02180755138397,1.03420811662341,1.01312711136845,1.0218074839406,0,0.8415265993312827
2014-02-25C,1.0218074839406,1.0261476667053,0.99514625565292,1.00196659564972,0,0.8415265993312827
2014-02-26A,1.00196659564972,1.0261476667053,0.99514625565292,1.00010642735139,0,0.8415265993312827
2014-02-26C,1.00010642735139,1.00258651049956,0.99018594693233,1.00134646892548,0,0.8415265993312827
2014-02-27A,1.00134646892548,1.00258651049956,0.99018594693233,1.00382641501278,0,0.8415265993312827
2014-02-27C,1.00382641501278,1.01994717501436,1.00196638986222,1.00816667079926,0,0.8415265993312827
2014-02-28A,1.00816667079926,1.01994717501436,1.00196638986222,1.00568678280668,0,0.8415265993312827
2014-02-28C,1.00568678280668,1.01436722278595,0.99638635891595,1.01436722278595,0,0.8415265993312827
2014-03-03A,1.01436722278595,1.01436722278595,0.99638635891595,1.01250690138054,0,0.8415265993312827
2014-03-03C,1.01250690138054,1.02242738092231,1.00568656245642,1.01746714115143,0,0.8415265993312827
2014-03-04A,1.01746714115143,1.02242738092231,1.00568656245642,1.01622718698962,0,0.8415265993312827
2014-03-04C,1.01622718698962,1.01622718698962,1.00444660728256,1.0112669467926,0,0.8415265993312827
2014-03-05A,1.0112669467926,1.01622718698962,1.00444660728256,1.01126703171123,0,0.8415265993312827
2014-03-05C,1.01126703171123,1.0137471150614,1.00630679109769,1.00692677497864,0,0.8415265993312827
2014-03-06A,1.00692677497864,1.0137471150614,1.00630679109769,1.00506674942261,0,0.8415265993312827
2014-03-06C,1.00506674942261,1.00878687444786,0.99576625207648,1.00692677497864,0,0.8415265993312827
2014-03-07A,1.00692677497864,1.00878687444786,0.99576625207648,1.00568683706501,0,0.8415265993312827
2014-03-07C,1.00568683706501,1.01188711999335,1.00134665379782,1.00382673740387,0,0.8415265993312827
2014-03-10A,1.00382673740387,1.01188711999335,1.00134665379782,0.99886622625989,0,0.8415265993312827
2014-03-10C,0.99886622625989,1.0019664407992,0.97220500209261,0.9734451174736,0,0.8415265993312827
2014-03-11A,0.9734451174736,1.0019664407992,0.97220500209261,0.97344534660903,0,0.8415265993312827
2014-03-11C,0.97344534660903,0.97840551364784,0.96848510565703,0.97282528877258,0,0.8415265993312827
2014-03-12A,0.97282528877258,0.97840551364784,0.96848510565703,0.9728250597831,0,0.8415265993312827
2014-03-12C,0.9728250597831,0.98460563851028,0.96724476230818,0.9734451174736,0,0.8415265993312827
2014-03-13A,0.9734451174736,0.98460563851028,0.96724476230818,0.97530530745638,0,0.8415265993312827
2014-03-13C,0.97530530745638,0.99328617047292,0.97530530745638,0.98770594596863,0,0.8415265993312827
2014-03-14A,0.98770594596863,0.99328617047292,0.97530530745638,0.9833658254172,0,0.8415265993312827
2014-03-14C,0.9833658254172,0.99018616645652,0.98150572568709,0.98584598302841,0,0.8415265993312827
2014-03-17A,0.98584598302841,0.99018616645652,0.98150572568709,0.9877057730783,0,0.8415265993312827
2014-03-17C,0.9877057730783,0.99514609575272,0.9833655170978,0.99514609575272,1,0.8415265993312827
2014-03-18A,0.99514609575272,0.99514609575272,0.9833655170978,0.99514609575272,1,0.8415265993312827
2014-03-18C,0.99514609575272,1.00134637696693,0.9877057730783,0.99514609575272,1,0.8399539454988468
2014-03-19A,0.99514609575272,1.00134637696693,0.9877057730783,0.99328635617638,1,0.8373323688900576
2014-03-19C,0.99328635617638,0.99328635617638,0.98460598889946,0.99018621444702,0,0.8373323688900576
2014-03-20A,0.99018621444702,0.99328635617638,0.98460598889946,0.98646596009006,0,0.8373323688900576
2014-03-20C,0.98646596009006,0.99824654235612,0.98026567697525,0.98026567697525,0,0.8373323688900576
2014-03-21A,0.98026567697525,0.99824654235612,0.98026567697525,0.98088561491628,0,0.8373323688900576
2014-03-21C,0.98088561491628,1.00506676045526,0.97158519138125,1.00258660316467,1,0.8378502847853269
2014-03-24A,1.00258660316467,1.00506676045526,0.97158519138125,1.00320673390063,1,0.8440642363696595
2014-03-24C,1.00320673390063,1.01684734129439,0.99824649287203,1.01064705848694,1,0.8456177525278104
2014-03-25A,1.01064705848694,1.01684734129439,0.99824649287203,1.01250717347333,1,0.846653400852542
2014-03-25C,1.01250717347333,1.02180759782562,1.00878697416714,1.013747215271,1,0.8461355329876867
2014-03-26A,1.013747215271,1.02180759782562,1.00878697416714,1.01312714204464,1,0.8440642363696598
2014-03-26C,1.01312714204464,1.01622735736157,1.00692685923718,1.01064705848694,1,0.8440641881023493
2014-03-27A,1.01064705848694,1.01622735736157,1.00692685923718,1.01064700069369,1,0.8399215333729401
2014-03-27C,1.01064700069369,1.0143671997307,0.99328619504294,1.00568675994873,1,0.839403649504976
2014-03-28A,1.00568675994873,1.0143671997307,0.99328619504294,1.00506666756092,1,0.8362966433607469
2014-03-28C,1.00506666756092,1.00878679228318,0.99576617097231,1.00134646892548,1,0.8357788394938943
2014-03-31A,1.00134646892548,1.00878679228318,0.99576617097231,1.00072647232764,1,0.8321540399243014
2014-03-31C,1.00072647232764,1.00320662954054,0.99390620629685,0.99638628959656,0,0.8321540399243014
2014-04-01A,0.99638628959656,1.00320662954054,0.99390620629685,0.99824651233365,0,0.8321540399243014
2014-04-01C,0.99824651233365,1.00568683706501,0.99762645447553,1.00382673740387,1,0.8306120396984302
2014-04-02A,1.00382673740387,1.00568683706501,0.99762645447553,1.00196662379323,1,0.8372938878599719
2014-04-02C,1.00196662379323,1.01312707295501,1.00196662379323,1.0100269317627,1,0.8378078232481478
2014-04-03A,1.0100269317627,1.01312707295501,1.00196662379323,1.0106468916009,1,0.8300979426343179
2014-04-03C,1.0106468916009,1.01436709023635,0.99948636960775,1.00134646892548,0,0.8300979426343179
2014-04-04A,1.00134646892548,1.01436709023635,0.99948636960775,0.99886627773951,0,0.8300979426343179
2014-04-04C,0.99886627773951,1.00630667475621,0.99576613695361,1.00506663322449,1,0.8306099338355174
2014-04-08A,1.00506663322449,1.00630667475621,0.99576613695361,1.00568654232967,1,0.8475088992079488
2014-04-08C,1.00568654232967,1.03048766677458,1.00196641801085,1.02614748477936,1,0.8490454120150117
2014-04-09A,1.02614748477936,1.03048766677458,1.00196641801085,1.02800786495209,1,0.8490454120150117
2014-04-09C,1.02800786495209,1.03296810597983,1.02614776532753,1.02800786495209,1,0.852629875885888
2014-04-10A,1.02800786495209,1.03296810597983,1.02614776532753,1.03234786490822,1,0.8613354468841068
2014-04-10C,1.03234786490822,1.04970866846745,1.0236675000852,1.04288840293884,1,0.8618474560527454
2014-04-11A,1.04288840293884,1.04970866846745,1.0236675000852,1.04350833379865,1,0.8633837368006898
2014-04-11C,1.04350833379865,1.04784858990306,1.03854809390303,1.04536843299866,1,0.8623595982155503
2014-04-14A,1.04536843299866,1.04784858990306,1.03854809390303,1.04412842568524,1,0.8603112034692803
2014-04-14C,1.04412842568524,1.05094876500416,1.03544798710543,1.04164826869965,1,0.8597992765890309
2014-04-15A,1.04164826869965,1.05094876500416,1.03544798710543,1.04102843747304,1,0.8495574844941532
2014-04-15C,1.04102843747304,1.04102843747304,1.0267677729335,1.02862787246704,1,0.8490454120150117
2014-04-16A,1.02862787246704,1.04102843747304,1.0267677729335,1.02800786495209,0,0.8490454120150117
2014-04-16C,1.02800786495209,1.0317280642012,1.02366768177026,1.02800786495209,0,0.8490454120150117
2014-04-17A,1.02800786495209,1.0317280642012,1.02366768177026,1.02738791118584,0,0.8490454120150117
2014-04-17C,1.02738791118584,1.03110811081182,1.02304772756433,1.02490782737732,0,0.8490454120150117
2014-04-18A,1.02490782737732,1.03110811081182,1.02304772756433,1.02304772756433,0,0.8490454120150117
2014-04-18C,1.02304772756433,1.02986806890756,1.01684744412983,1.02490782737732,0,0.8490454120150117
2014-04-21A,1.02490782737732,1.02986806890756,1.01684744412983,1.01994740505169,0,0.8490454120150117
2014-04-21C,1.01994740505169,1.02614768738713,1.01188702323298,1.0125070810318,0,0.8490454120150117
2014-04-22A,1.0125070810318,1.02614768738713,1.01188702323298,1.01126698623365,0,0.8490454120150117
2014-04-22C,1.01126698623365,1.01560716885787,1.00506670422386,1.01498711109161,0,0.8490454120150117
2014-04-23A,1.01498711109161,1.01560716885787,1.00506670422386,1.01374714636004,0,0.8490454120150117
2014-04-23C,1.01374714636004,1.01498718807341,1.00940696340664,1.01312708854675,0,0.8490454120150117
2014-04-24A,1.01312708854675,1.01498718807341,1.00940696340664,1.01312706491743,0,0.8490454120150117
2014-04-24C,1.01312706491743,1.01684726388397,1.01002692374971,1.0125070810318,0,0.8490454120150117
2014-04-25A,1.0125070810318,1.01684726388397,1.01002692374971,1.01250716955048,0,0.8490454120150117
2014-04-25C,1.01250716955048,1.01560731098923,1.00506684488011,1.00630688667297,0,0.8490454120150117
2014-04-28A,1.00630688667297,1.01560731098923,1.00506684488011,1.00568680824383,0,0.8490454120150117
2014-04-28C,1.00568680824383,1.00568680824383,0.99204620097505,0.99266618490219,0,0.8490454120150117
2014-04-29A,0.99266618490219,1.00568680824383,0.99204620097505,0.99328611418729,0,0.8490454120150117
2014-04-29C,0.99328611418729,1.00072643774247,0.9926660564272,1.00010645389557,0,0.8490454120150117
2014-04-30A,1.00010645389557,1.00072643774247,0.9926660564272,1.00010644317497,0,0.8490454120150117
2014-04-30C,1.00010644317497,1.00816682440384,0.99762628607437,1.00444662570953,0,0.8490454120150117
2014-05-05A,1.00444662570953,1.00816682440384,0.99762628607437,1.00258652636238,0,0.8490454120150117
2014-05-05C,1.00258652636238,1.00692670889694,0.99576618672722,1.00444662570953,0,0.8490454120150117
2014-05-06A,1.00444662570953,1.00692670889694,0.99576618672722,1.00258659215924,0,0.8490454120150117
2014-05-06C,1.00258659215924,1.01002691612295,1.00258659215924,1.00692677497864,0,0.8490454120150117
2014-05-07A,1.00692677497864,1.01002691612295,1.00258659215924,1.00630675964378,0,0.8490454120150117
2014-05-07C,1.00630675964378,1.00630675964378,0.9994864197742,1.00072646141052,0,0.8490454120150117
2014-05-08A,1.00072646141052,1.00630675964378,0.9994864197742,0.99824637813787,0,0.8490454120150117
2014-05-08C,0.99824637813787,1.01002688455276,0.99824637813787,1.00072646141052,0,0.8490454120150117
2014-05-09A,1.00072646141052,1.01002688455276,0.99824637813787,1.00072647232764,0,0.8490454120150117
2014-05-09C,1.00072647232764,1.00258657175902,0.9926660907338,0.99638628959656,0,0.8490454120150117
2014-05-12A,0.99638628959656,1.00258657175902,0.9926660907338,0.99948670856471,0,0.8490454120150117
2014-05-12C,0.99948670856471,1.01684751822906,0.99824666657008,1.01560747623444,1,0.8490452771599464
2014-05-13A,1.01560747623444,1.01684751822906,0.99824666657008,1.01560731492409,1,0.8474902383154094
2014-05-13C,1.01560731492409,1.01684735672176,1.00940703202257,1.013747215271,1,0.8459351419671703
2014-05-14A,1.013747215271,1.01684735672176,1.00940703202257,1.01188704683338,1,0.8469718138626429
2014-05-14C,1.01188704683338,1.01498718807341,1.00940696340664,1.01312708854675,1,0.8469718750991492
2014-05-15A,1.01312708854675,1.01498718807341,1.00940696340664,1.01312716179637,1,0.839196742634073
2014-05-15C,1.01312716179637,1.01312716179637,1.00320675345896,1.00382673740387,0,0.839196742634073
2014-05-16A,1.00382673740387,1.01312716179637,1.00320675345896,1.00320661067963,0,0.839196742634073
2014-05-16C,1.00320661067963,1.00506671007603,0.99886635411695,1.00320661067963,0,0.839196742634073
2014-05-19A,1.00320661067963,1.00506671007603,0.99886635411695,1.00010643803644,0,0.839196742634073
2014-05-19C,1.00010643803644,1.00010643803644,0.99266604068606,0.99700629711151,0,0.839196742634073
2014-05-20A,0.99700629711151,1.00010643803644,0.99266604068606,0.99638613721292,0,0.839196742634073
2014-05-20C,0.99638613721292,1.00072631928024,0.99390605429251,0.99514609575272,0,0.839196742634073
2014-05-21A,0.99514609575272,1.00072631928024,0.99390605429251,0.99514620288696,0,0.839196742634073
2014-05-21C,0.99514620288696,1.00444662570953,0.98894592100524,1.00444662570953,1,0.8376426925182415
2014-05-22A,1.00444662570953,1.00444662570953,0.98894592100524,1.00258656082161,1,0.8360886135589343
2014-05-22C,1.00258656082161,1.01126700010227,0.99762632036311,1.00072646141052,0,0.8360886135589343
2014-05-23A,1.00072646141052,1.01126700010227,0.99762632036311,1.00072649269001,0,0.8360886135589343
2014-05-23C,1.00072649269001,1.00692677497864,0.99824640933984,1.00692677497864,1,0.8371183338062482
2014-05-26A,1.00692677497864,1.00692677497864,0.99824640933984,1.00816689817963,1,0.840722148456564
2014-05-26C,1.00816689817963,1.01374712271625,1.00816689817963,1.0125070810318,1,0.8386628015217499
2014-05-27A,1.0125070810318,1.01374712271625,1.00816689817963,1.01002694730673,1,0.8412369636709888
2014-05-27C,1.01002694730673,1.01498718807341,1.01002694730673,1.01312708854675,1,0.8412369129054847
2014-05-28A,1.01312708854675,1.01498718807341,1.01002694730673,1.01312702740832,1,0.8453555843703028
2014-05-28C,1.01312702740832,1.01870732565154,1.01002688635538,1.01808726787567,1,0.8443260273836198
2014-05-29A,1.01808726787567,1.01870732565154,1.01002688635538,1.01684734129439,1,0.8391777028132815
2014-05-29C,1.01684734129439,1.01808738307325,1.00940701670809,1.01064705848694,1,0.8376331360456852
2014-05-30A,1.01064705848694,1.01808738307325,1.00940701670809,1.00878689006841,1,0.8386627886149657
2014-05-30C,1.00878689006841,1.01312707295501,1.00506676498555,1.0100269317627,1,0.8386627756287017
2014-06-03A,1.0100269317627,1.01312707295501,1.00506676498555,1.01002691612295,1,0.8360886135589343
2014-06-03C,1.01002691612295,1.01250707338632,1.00630679109769,1.00692677497864,0,0.8360886135589343
2014-06-04A,1.00692677497864,1.01250707338632,1.00630679109769,1.00630678643175,0,0.8360886135589343
2014-06-04C,1.00630678643175,1.00692677030983,0.99700636304194,0.99948644638062,0,0.8360886135589343
2014-06-05A,0.99948644638062,1.00692677030983,0.99700636304194,0.99824640933984,0,0.8360886135589343
2014-06-05C,0.99824640933984,1.00692677497864,0.9976263515457,1.00692677497864,1,0.8355737918513485
2014-06-06A,1.00692677497864,1.00692677497864,0.9976263515457,1.00630675964378,0,0.8355737918513485
2014-06-06C,1.00630675964378,1.00630675964378,0.99886636199944,1.00072646141052,0,0.8355737918513485
2014-06-09A,1.00072646141052,1.00630675964378,0.99886636199944,0.99824632803367,0,0.8355737918513485
2014-06-09C,0.99824632803367,1.00754675070909,0.99824632803367,1.00134646892548,0,0.8355737918513485
2014-06-10A,1.00134646892548,1.00754675070909,0.99824632803367,1.00196662379323,0,0.8355737918513485
2014-06-10C,1.00196662379323,1.01312707295501,1.0001065242952,1.0100269317627,1,0.8355738047105938
2014-06-11A,1.0100269317627,1.01312707295501,1.0001065242952,1.01002694730673,1,0.8381384856015058
2014-06-11C,1.01002694730673,1.01374714636004,1.00630682216661,1.01312708854675,1,0.8355737151968021
2014-06-12A,1.01312708854675,1.01374714636004,1.00630682216661,1.01002683910403,1,0.8345478551796951
2014-06-12C,1.01002683910403,1.01188693843141,1.00754675594297,1.0087867975235,1,0.833522125048334
2014-06-13A,1.0087867975235,1.01188693843141,1.00754675594297,1.00754691294658,1,0.8442938097734821
2014-06-13C,1.00754691294658,1.02428766167534,1.00568681332934,1.02056753635406,1,0.8417290908814888
2014-06-16A,1.02056753635406,1.02428766167534,1.00568681332934,1.017467349179,1,0.8509619543523251
2014-06-16C,1.017467349179,1.029867914185,1.01684729136342,1.02862787246704,1,0.8494231495730956
2014-06-17A,1.02862787246704,1.029867914185,1.01684729136342,1.02676779226239,1,0.8453196478258262
2014-06-17C,1.02676779226239,1.02676779226239,1.01684731050556,1.02180755138397,1,0.845319679392284
2014-06-18A,1.02180755138397,1.02676779226239,1.01684731050556,1.02180758954095,1,0.8407032779709809
2014-06-18C,1.02180758954095,1.02180758954095,1.01560730668969,1.0162273645401,1,0.8401902502849292
2014-06-19A,1.0162273645401,1.02180758954095,1.01560730668969,1.01560722567899,1,0.8294185662986733
2014-06-19C,1.01560722567899,1.01746732516863,1.00010651978728,1.00258660316467,0,0.8294185662986733
2014-06-20A,1.00258660316467,1.01746732516863,1.00010651978728,1.00444669162847,0,0.8294185662986733
2014-06-20C,1.00444669162847,1.00816689056692,1.00072649269001,1.00692677497864,0,0.8294185662986733
2014-06-23A,1.00692677497864,1.00816689056692,1.00072649269001,1.00506686015944,0,0.8294185662986733
2014-06-23C,1.00506686015944,1.01188712708045,1.00506686015944,1.00940704345703,0,0.8294185662986733
2014-06-24A,1.00940704345703,1.01188712708045,1.00506686015944,1.00940694787215,0,0.8294185662986733
2014-06-24C,1.00940694787215,1.01064698956644,1.00630680667983,1.0100269317627,0,0.8294185662986733
2014-06-25A,1.0100269317627,1.01064698956644,1.00630680667983,1.01002691612295,0,0.8294185662986733
2014-06-25C,1.01002691612295,1.01002691612295,1.00506674942261,1.00692677497864,0,0.8294185662986733
2014-06-26A,1.00692677497864,1.01002691612295,1.00506674942261,1.00754691708321,0,0.8294185662986733
2014-06-26C,1.00754691708321,1.01188710026579,1.00692685923718,1.01064705848694,1,0.828400963600125
2014-06-27A,1.01064705848694,1.01188710026579,1.00692685923718,1.00940710894182,0,0.828400963600125
2014-06-27C,1.00940710894182,1.0162274502185,1.00754700914698,1.01188719272614,1,0.8284007124778741
2014-06-30A,1.01188719272614,1.0162274502185,1.00754700914698,1.0118868859817,1,0.8344919369005332
2014-06-30C,1.0118868859817,1.02180736593808,1.0118868859817,1.01932728290558,1,0.836522421920933
2014-07-01A,1.01932728290558,1.02180736593808,1.0118868859817,1.02180750912144,1,0.834999615601882
2014-07-01C,1.02180750912144,1.02304755081146,1.01746732624979,1.01994740962982,1,0.8344921980118022
2014-07-02A,1.01994740962982,1.02304755081146,1.01746732624979,1.01932760185155,1,0.8390605572477757
2014-07-02C,1.01932760185155,1.02614786928158,1.01808748603408,1.02490782737732,1,0.837029931461327
2014-07-03A,1.02490782737732,1.02614786928158,1.01808748603408,1.02242742921651,1,0.8405831053869095
2014-07-03C,1.02242742921651,1.03110779379069,1.02118731378033,1.0267676115036,1,0.84159840636701
2014-07-04A,1.0267676115036,1.03110779379069,1.02118731378033,1.02800779603219,1,0.8410907840882583
2014-07-04C,1.02800779603219,1.02986789553204,1.02490765483684,1.02738773822784,1,0.8405832248132059
2014-07-07A,1.02738773822784,1.02986789553204,1.02490765483684,1.02676775738216,1,0.8395680407631563
2014-07-07C,1.02676775738216,1.02800779908134,1.02180751667225,1.02552771568298,1,0.8375375470472363
2014-07-08A,1.02552771568298,1.02800779908134,1.02180751667225,1.02304747884559,1,0.8426135274133603
2014-07-08C,1.02304747884559,1.03110786013348,1.02304747884559,1.0292477607727,1,0.8405831008127341
2014-07-09A,1.0292477607727,1.03110786013348,1.02304747884559,1.02676760591627,1,0.8344919369005331
2014-07-09C,1.02676760591627,1.03048773046503,1.01808716747614,1.01932728290558,0,0.8344919369005331
2014-07-10A,1.01932728290558,1.03048773046503,1.01808716747614,1.0193273331359,0,0.8344919369005331
2014-07-10C,1.0193273331359,1.02118735854534,1.01684717606799,1.01870727539062,0,0.8344919369005331
2014-07-11A,1.01870727539062,1.02118735854534,1.01684717606799,1.01870726477248,0,0.8344919369005331
2014-07-11C,1.01870726477248,1.02428748876902,1.01684716546924,1.02304744720459,1,0.834492043743085
2014-07-14A,1.02304744720459,1.02428748876902,1.01684716546924,1.02304757818848,1,0.8451128657133837
2014-07-14C,1.02304757818848,1.03668825888326,1.02304757818848,1.03606820106506,1,0.8430899216727487
2014-07-15A,1.03606820106506,1.03668825888326,1.02304757818848,1.03358816783155,1,0.8446071303504177
2014-07-15C,1.03358816783155,1.03668830924675,1.03172806819978,1.03544819355011,1,0.8435954242197874
2014-07-16A,1.03544819355011,1.03668830924675,1.03172806819978,1.03420788992524,1,0.8441012005112489
2014-07-16C,1.03420788992524,1.04226827034668,1.03420788992524,1.03482794761658,1,0.8430897144116131
2014-07-17A,1.03482794761658,1.04226827034668,1.03420788992524,1.03358791373925,1,0.842078161821267
2014-07-17C,1.03358791373925,1.03544793900055,1.02986771539028,1.03234779834747,1,0.8420783906171283
2014-07-18A,1.03234779834747,1.03544793900055,1.02986771539028,1.03234807884032,1,0.8435956596244774
2014-07-18C,1.03234807884032,1.03978847755985,1.03048797916044,1.0342081785202,1,0.8435954867898643
2014-07-21A,1.0342081785202,1.03978847755985,1.03048797916044,1.03420796663318,1,0.8425839944223427
2014-07-21C,1.03420796663318,1.03544800819464,1.03172788351025,1.03296792507172,1,0.8420781733749939
2014-07-22A,1.03296792507172,1.03544800819464,1.03172788351025,1.03234781251179,1,0.8526989933960246
2014-07-22C,1.03234781251179,1.0528087558855,1.03048771331179,1.04536843299866,1,0.8526988901747632
2014-07-23A,1.04536843299866,1.0528087558855,1.03048771331179,1.0453683064543,1,0.854721934847897
2014-07-23C,1.0453683064543,1.05280862844047,1.0428882237633,1.04784846305847,1,0.8542162438042105
2014-07-24A,1.04784846305847,1.05280862844047,1.0428882237633,1.04722850987685,1,0.8678715404755944
2014-07-24C,1.04722850987685,1.06644941134525,1.04722850987685,1.06396925449371,1,0.8678717317711435
2014-07-25A,1.06396925449371,1.06644941134525,1.04722850987685,1.06396948901296,1,0.8759637924736068
2014-07-25C,1.06396948901296,1.07513001252193,1.06334950509831,1.07388997077942,1,0.8759636271339581
2014-07-28A,1.07388997077942,1.07513001252193,1.06334950509831,1.07388976808087,1,0.8951822224569295
2014-07-28C,1.07388976808087,1.10427119156034,1.07388976808087,1.0974508523941,1,0.8977112034632603
2014-07-29A,1.0974508523941,1.10427119156034,1.07388976808087,1.10055126289317,1,0.9002399650390277
2014-07-29C,1.10055126289317,1.10985168735606,1.09621107959313,1.1036514043808,1,0.8972053237849924
2014-07-30A,1.1036514043808,1.10985168735606,1.09621107959313,1.09993107845452,1,0.895688055058005
2014-07-30C,1.09993107845452,1.10613136029962,1.09497083819579,1.09807097911835,1,0.8951822466424838
2014-07-31A,1.09807097911835,1.10613136029962,1.09497083819579,1.09745088204444,1,0.9083318280846351
2014-07-31C,1.09745088204444,1.11419170155691,1.09621084050248,1.11357164382935,1,0.9047915269990207
2014-08-01A,1.11357164382935,1.11419170155691,1.09621084050248,1.10923140298601,1,0.9042857507046796
2014-08-01C,1.10923140298601,1.12349206474944,1.10861134529114,1.10861134529114,1,0.903780252533871
2014-08-04A,1.10861134529114,1.12349206474944,1.10861134529114,1.1079916285625,1,0.9159183447196734
2014-08-04C,1.1079916285625,1.12349241048578,1.1079916285625,1.1228723526001,1,0.9164241623020832
2014-08-05A,1.1228723526001,1.12349241048578,1.1079916285625,1.12349246091218,1,0.9154126093566991
2014-08-05C,1.12349246091218,1.124732502826,1.11729217742985,1.12225234508514,1,0.914400846916463
2014-08-06A,1.12225234508514,1.124732502826,1.11729217742985,1.12101197242737,1,0.914400846916463
2014-08-06C,1.12101197242737,1.12473217098444,1.1110915661305,1.12101197242737,1,0.9118720901246902
2014-08-07A,1.12101197242737,1.12473217098444,1.1110915661305,1.11791183680469,1,0.9047915833057469
2014-08-07C,1.11791183680469,1.12225201919935,1.10675131499473,1.10923147201538,1,0.9007456695500473
2014-08-08A,1.10923147201538,1.12225201919935,1.10675131499473,1.10427137407273,0,0.9007456695500473
2014-08-08C,1.10427137407273,1.11357179779302,1.10427137407273,1.10985159873962,1,0.9007455136224272
2014-08-11A,1.10985159873962,1.11357179779302,1.10427137407273,1.10985140661378,0,0.9007455136224272
2014-08-11C,1.10985140661378,1.1296923662463,1.10985140661378,1.12907230854034,1,0.8997563158129381
2014-08-12A,1.12907230854034,1.1296923662463,1.10985140661378,1.12783236247625,1,0.9002509823102633
2014-08-12C,1.12783236247625,1.13031244568358,1.12349217990683,1.12845242023468,1,0.8992617106321985
2014-08-13A,1.12845242023468,1.13031244568358,1.12349217990683,1.12721238157733,1,0.8987671030672368
2014-08-13C,1.12721238157733,1.1321726222434,1.1185320158466,1.12659239768982,1,0.8982723901885971
2014-08-14A,1.12659239768982,1.1321726222434,1.1185320158466,1.12597228179304,1,0.894809901548145
2014-08-14C,1.12597228179304,1.12969248057894,1.12039205752737,1.12163209915161,0,0.894809901548145
2014-08-15A,1.12163209915161,1.12969248057894,1.12039205752737,1.12163208054473,0,0.894809901548145
2014-08-15C,1.12163208054473,1.12969246183835,1.11853193957897,1.12845242023468,1,0.8933351491799381
2014-08-18A,1.12845242023468,1.12969246183835,1.11853193957897,1.12659259740944,1,0.8977600066033089
2014-08-18C,1.12659259740944,1.13465298068158,1.12473249759076,1.13217282295227,1,0.8977598721881314
2014-08-19A,1.13217282295227,1.13465298068158,1.12473249759076,1.13217265344014,1,0.8982515489880938
2014-08-19C,1.13217265344014,1.13465281079812,1.12721241263739,1.13279271125793,1,0.897268092168387
2014-08-20A,1.13279271125793,1.13465281079812,1.12721241263739,1.131552465451,1,0.89530144393293
2014-08-20C,1.131552465451,1.13341249074251,1.12659222554287,1.12907230854034,0,0.89530144393293
2014-08-21A,1.12907230854034,1.13341249074251,1.12659222554287,1.12907235335889,0,0.89530144393293
2014-08-21C,1.12907235335889,1.12907235335889,1.11295159149585,1.12101197242737,0,0.89530144393293
2014-08-22A,1.12101197242737,1.12907235335889,1.11295159149585,1.11853204234335,0,0.89530144393293
2014-08-22C,1.11853204234335,1.12535238265991,1.11605188499496,1.12535238265991,0,0.89530144393293
2014-08-25A,1.12535238265991,1.12535238265991,1.11605188499496,1.12597226592129,0,0.89530144393293
2014-08-25C,1.12597226592129,1.12597226592129,1.11605178524085,1.11853194236755,0,0.89530144393293
2014-08-26A,1.11853194236755,1.12597226592129,1.11605178524085,1.11605171860866,0,0.89530144393293
2014-08-26C,1.11605171860866,1.12101195865274,1.10737135396642,1.10799133777618,0,0.89530144393293
2014-08-27A,1.10799133777618,1.12101195865274,1.10737135396642,1.10861134529114,0,0.89530144393293
2014-08-27C,1.10861134529114,1.11481162658713,1.1067512461197,1.10861134529114,0,0.89530144393293
2014-08-28A,1.10861134529114,1.11481162658713,1.1067512461197,1.10861164554365,0,0.89530144393293
2014-08-28C,1.10861164554365,1.11047174521886,1.09745112140554,1.1036514043808,0,0.89530144393293
2014-08-29A,1.1036514043808,1.11047174521886,1.09745112140554,1.10365135009286,0,0.89530144393293
2014-08-29C,1.10365135009286,1.11481187368199,1.10179125050914,1.11419188976288,0,0.89530144393293
2014-09-01A,1.11419188976288,1.11481187368199,1.10179125050914,1.1172919007608,0,0.89530144393293
2014-09-01C,1.1172919007608,1.12225206718783,1.1117116026606,1.11853194236755,0,0.89530144393293
2014-09-02A,1.11853194236755,1.12225206718783,1.1117116026606,1.11791177697921,0,0.89530144393293
2014-09-02C,1.11791177697921,1.13403253805459,1.11667173549184,1.13341248035431,1,0.8953015566663102
2014-09-03A,1.13341248035431,1.13403253805459,1.11667173549184,1.13341262306984,1,0.90215838063967
2014-09-03C,1.13341262306984,1.14581326124455,1.13341262306984,1.14209306240082,1,0.9026481575408929
2014-09-04A,1.14209306240082,1.14581326124455,1.13341262306984,1.14271309854194,1,0.9090151290155926
2014-09-04C,1.14271309854194,1.15139346379536,1.13961295753526,1.15077340602875,1,0.9090152258060603
2014-09-05A,1.15077340602875,1.15139346379536,1.13961295753526,1.15077352856125,1,0.9212595512314474
2014-09-05C,1.15077352856125,1.16875439266247,1.15077352856125,1.16627430915833,1,0.9207694279612235
2014-09-09A,1.16627430915833,1.16875439266247,1.15077352856125,1.1656538345292,1,0.9173410460929141
2014-09-09C,1.1656538345292,1.16627389214012,1.15945355407265,1.16131365299225,1,0.9168515285677111
2014-09-10A,1.16131365299225,1.16627389214012,1.15945355407265,1.16069394520983,1,0.9129333516578998
2014-09-10C,1.16069394520983,1.16069394520983,1.15387360508673,1.15573370456696,1,0.9129334604334656
2014-09-11A,1.15573370456696,1.16069394520983,1.15387360508673,1.15573384227207,1,0.9139130485665837
2014-09-11C,1.15573384227207,1.17061456597372,1.15325375861173,1.15697395801544,1,0.9114637533069537
2014-09-12A,1.15697395801544,1.17061456597372,1.15325375861173,1.15387325731385,1,0.9173410460929142
2014-09-12C,1.15387325731385,1.16255369430092,1.15077311708557,1.16131365299225,1,0.9173414016168838
2014-09-15A,1.16131365299225,1.16255369430092,1.15077311708557,1.16131410307005,1,0.9183209313324155
2014-09-15C,1.16131410307005,1.16565428628908,1.15573380414855,1.16255414485931,1,0.9197901169271943
2014-09-16A,1.16255414485931,1.16565428628908,1.15573380414855,1.16441406958116,1,0.906566263405502
2014-09-16C,1.16441406958116,1.16999429375119,1.14705326539979,1.14767324924469,0,0.906566263405502
2014-09-17A,1.14767324924469,1.16999429375119,1.14705326539979,1.14891336476087,0,0.906566263405502
2014-09-17C,1.14891336476087,1.15015340636385,1.14085298347167,1.14767324924469,0,0.906566263405502
2014-09-18A,1.14767324924469,1.15015340636385,1.14085298347167,1.14767326502207,0,0.906566263405502
2014-09-18C,1.14767326502207,1.16317404396865,1.14271309854194,1.15077340602875,0,0.906566263405502
2014-09-19A,1.15077340602875,1.16317404396865,1.14271309854194,1.14953346848237,0,0.906566263405502
2014-09-19C,1.14953346848237,1.16565423274188,1.14891348457282,1.16503417491913,1,0.9002940842935863
2014-09-22A,1.16503417491913,1.16565423274188,1.14891348457282,1.15697375693143,1,0.8896796490165094
2014-09-22C,1.15697375693143,1.15697375693143,1.14209303581608,1.14333307743073,0,0.8896796490165094
2014-09-23A,1.14333307743073,1.15697375693143,1.14209303581608,1.14333317737652,0,0.8896796490165094
2014-09-23C,1.14333317737652,1.1532536589873,1.14333317737652,1.15015351772308,0,0.8896796490165094
2014-09-24A,1.15015351772308,1.1532536589873,1.14333317737652,1.14705340330504,0,0.8896796490165094
2014-09-24C,1.14705340330504,1.16875439266247,1.1445732458877,1.16627430915833,1,0.8925173741870545
2014-09-25A,1.16627430915833,1.16875439266247,1.1445732458877,1.16999426157774,1,0.8915714219877199
2014-09-25C,1.16999426157774,1.17743465881743,1.16255393825123,1.16875422000885,1,0.8844768444606089
2014-09-26A,1.16875422000885,1.17743465881743,1.16255393825123,1.15945399209721,1,0.8901526149936869
2014-09-26C,1.15945399209721,1.17123457376309,1.15945399209721,1.16689431667328,1,0.8892065172827397
2014-09-29A,1.16689431667328,1.17123457376309,1.15945399209721,1.16565408435432,1,0.8972471955888985
2014-09-29C,1.16565408435432,1.17619454860687,1.16565408435432,1.17619454860687,1,0.8977202644560298
2014-09-30A,1.17619454860687,1.17619454860687,1.16565408435432,1.17681469099948,1,0.9000851733269961
2014-09-30C,1.17681469099948,1.17991483211517,1.17495459154742,1.17991483211517,1,0.8986662988680145
2014-10-08A,1.17991483211517,1.17991483211517,1.17495459154742,1.17805484034031,1,0.9033961170422787
2014-10-08C,1.17805484034031,1.18549516491541,1.17371465716427,1.18425512313843,1,0.903395987778651
2014-10-09A,1.18425512313843,1.18549516491541,1.17371465716427,1.18425495368772,1,0.9038689920819485
2014-10-09C,1.18425495368772,1.18797515239956,1.17867472953315,1.18487501144409,1,0.9033959309291272
2014-10-10A,1.18487501144409,1.18797515239956,1.17867472953315,1.18425487916411,1,0.897720161566084
2014-10-10C,1.18425487916411,1.18425487916411,1.17309435764409,1.17681455612183,1,0.8939364603415464
2014-10-13A,1.17681455612183,1.18425487916411,1.17309435764409,1.17185453086264,0,0.8939364603415464
2014-10-13C,1.17185453086264,1.17185453086264,1.15945396554873,1.16813433170319,0,0.8939364603415464
2014-10-14A,1.16813433170319,1.17185453086264,1.15945396554873,1.16689430849228,0,0.8939364603415464
2014-10-14C,1.16689430849228,1.18301507322175,1.16317418318693,1.16937446594238,0,0.8939364603415464
2014-10-15A,1.16937446594238,1.18301507322175,1.16317418318693,1.16937438598113,0,0.8939364603415464
2014-10-15C,1.16937438598113,1.1730945110321,1.16069394636914,1.1730945110321,0,0.8939364603415464
2014-10-16A,1.1730945110321,1.1730945110321,1.16069394636914,1.17123441952652,0,0.8939364603415464
2014-10-16C,1.17123441952652,1.1842549673417,1.1650340636309,1.170614361763,0,0.8939364603415464
2014-10-17A,1.170614361763,1.1842549673417,1.1650340636309,1.16875438953416,0,0.8939364603415464
2014-10-17C,1.16875438953416,1.17433468827334,1.15325368289177,1.16813433170319,0,0.8939364603415464
2014-10-20A,1.16813433170319,1.17433468827334,1.15325368289177,1.16627419485067,0,0.8939364603415464
2014-10-20C,1.16627419485067,1.17371451854706,1.16565413707881,1.17371451854706,1,0.893936515583067
2014-10-21A,1.17371451854706,1.17371451854706,1.16565413707881,1.17371459107769,1,0.8868530317486204
2014-10-21C,1.17371459107769,1.17371459107769,1.16255406788683,1.16441416740417,0,0.8868530317486204
2014-10-22A,1.16441416740417,1.17371459107769,1.16255406788683,1.16317399851201,0,0.8868530317486204
2014-10-22C,1.16317399851201,1.16689412322673,1.15821375831253,1.15883374214172,0,0.8868530317486204
2014-10-23A,1.15883374214172,1.16689412322673,1.15821375831253,1.15821398906144,0,0.8868530317486204
2014-10-23C,1.15821398906144,1.15821398906144,1.14209322367972,1.14395332336426,0,0.8868530317486204
2014-10-24A,1.14395332336426,1.15821398906144,1.14209322367972,1.14395313519464,0,0.8868530317486204
2014-10-24C,1.14395313519464,1.14767326003859,1.14147297805216,1.14333307743073,0,0.8868530317486204
2014-10-27A,1.14333307743073,1.14767326003859,1.14147297805216,1.14271323537728,0,0.8868530317486204
2014-10-27C,1.14271323537728,1.14271323537728,1.12969261202479,1.13465285301208,0,0.8868530317486204
2014-10-28A,1.13465285301208,1.14271323537728,1.12969261202479,1.1358930089968,0,0.8868530317486204
2014-10-28C,1.1358930089968,1.15387380123138,1.1358930089968,1.15387380123138,0,0.8868530317486204
2014-10-29A,1.15387380123138,1.15387380123138,1.1358930089968,1.15449364077031,0,0.8868530317486204
2014-10-29C,1.15449364077031,1.17681468627908,1.15449364077031,1.17247450351715,1,0.8863841135006535
2014-10-30A,1.17247450351715,1.17681468627908,1.15449364077031,1.17185456462052,1,0.8999847369773085
2014-10-30C,1.17185456462052,1.19417561239385,1.16875442320273,1.18983542919159,1,0.9027986327419056
2014-10-31A,1.18983542919159,1.19417561239385,1.16875442320273,1.19355557325316,1,0.9210891151025401
2014-10-31C,1.19355557325316,1.21959682070128,1.19107548964534,1.21773672103882,1,0.9215579049145584
2014-11-03A,1.21773672103882,1.21959682070128,1.19107548964534,1.21835649013519,1,0.9215579049145584
2014-11-03C,1.21835649013519,1.22393671388682,1.21277619247038,1.21835649013519,1,0.9196821285100502
2014-11-04A,1.21835649013519,1.22393671388682,1.21277619247038,1.21587659783077,1,0.9206201449520598
2014-11-04C,1.21587659783077,1.2214568967101,1.21029637286463,1.21711671352386,1,0.9234340265555335
2014-11-05A,1.21711671352386,1.2214568967101,1.21029637286463,1.22083683886355,1,0.9206201449520599
2014-11-05C,1.22083683886355,1.22455703811645,1.20905633108473,1.21711671352386,1,0.9201511545498856
2014-11-06A,1.21711671352386,1.22455703811645,1.20905633108473,1.21649667923491,1,0.9210891151025404
2014-11-06C,1.21649667923491,1.21835677889738,1.20595621303187,1.21773672103882,1,0.9210890972655451
2014-11-07A,1.21773672103882,1.21835677889738,1.20595621303187,1.21773669745721,1,0.9206201449520599
2014-11-07C,1.21773669745721,1.23571756196192,1.21277645642442,1.21711671352386,1,0.9220269210451294
2014-11-10A,1.21711671352386,1.23571756196192,1.21277645642442,1.21897655843867,1,0.9450073141306259
2014-11-10C,1.21897655843867,1.24997804181716,1.21897655843867,1.24935805797577,1,0.9525109748899747
2014-11-11A,1.24935805797577,1.24997804181716,1.21897655843867,1.25927836112457,1,0.9473521648830067
2014-11-11C,1.25927836112457,1.2704389569654,1.23137709326206,1.25245809555054,1,0.938910495287995
2014-11-12A,1.25245809555054,1.2704389569654,1.23137709326206,1.24129768676471,1,0.9562629584189515
2014-11-12C,1.24129768676471,1.26485869901822,1.23447734706195,1.26423871517181,1,0.9590770303769325
2014-11-13A,1.26423871517181,1.26485869901822,1.23447734706195,1.26795909217192,1,0.9539181076665783
2014-11-13C,1.26795909217192,1.27353924322685,1.25555852654212,1.26113867759705,1,0.953449163981487
2014-11-14A,1.26113867759705,1.27353924322685,1.25555852654212,1.26051870507097,1,0.9506352264440162
2014-11-14C,1.26051870507097,1.26113868901015,1.24811813932894,1.25679850578308,1,0.9590768714257759
2014-11-17A,1.25679850578308,1.26113868901015,1.24811813932894,1.26795888202867,1,0.9515730765757425
2014-11-17C,1.26795888202867,1.27911933011527,1.25555831845405,1.2580384016037,1,0.9492281786037985
2014-11-18A,1.2580384016037,1.27911933011527,1.25555831845405,1.25493830160175,1,0.9398484621369363
2014-11-18C,1.25493830160175,1.25803851669221,1.2388176118279,1.2425377368927,0,0.9398484621369363
2014-11-19A,1.2425377368927,1.25803851669221,1.2388176118279,1.23881759923945,0,0.9398484621369363
2014-11-19C,1.23881759923945,1.24253772426644,1.23509740029926,1.23757755756378,0,0.9398484621369363
2014-11-20A,1.23757755756378,1.24253772426644,1.23509740029926,1.23385756954847,0,0.9398484621369363
2014-11-20C,1.23385756954847,1.24005785289992,1.2295173859851,1.23881781101227,0,0.9398484621369363
2014-11-21A,1.23881781101227,1.24005785289992,1.2295173859851,1.23881763913869,0,0.9398484621369363
2014-11-21C,1.23881763913869,1.26423882691795,1.23261735664748,1.25865852832794,1,0.9463302302856913
2014-11-24A,1.25865852832794,1.26423882691795,1.23261735664748,1.26733900511515,1,0.9546639210983134
2014-11-24C,1.26733900511515,1.28717996995325,1.25865863843338,1.27849960327148,1,0.9546638049475178
2014-11-25A,1.27849960327148,1.28717996995325,1.25865863843338,1.27849944772067,1,0.9717940201342772
2014-11-25C,1.27849944772067,1.30144047737122,1.27539923266786,1.30144047737122,1,0.9717941197250498
2014-11-26A,1.30144047737122,1.30144047737122,1.27539923266786,1.30144061074461,1,0.9801278103777946
2014-11-26C,1.30144061074461,1.31322119263037,1.30082062680107,1.31260120868683,1,0.9805906591137216
2014-11-27A,1.31260120868683,1.31322119263037,1.30082062680107,1.31322106234651,1,0.9833685557223729
2014-11-27C,1.31322106234651,1.32314154359103,1.30764076392902,1.3169412612915,1,0.9833684571466207
2014-11-28A,1.3169412612915,1.32314154359103,1.30764076392902,1.31694112927744,1,1.0083693033525067
2014-11-28C,1.31694112927744,1.3510426045932,1.30888074831341,1.35042262077332,1,1.011147223451722
2014-12-01A,1.35042262077332,1.3510426045932,1.30888074831341,1.35414285117721,1,1.0129991175877433
2014-12-01C,1.35414285117721,1.37212371281397,1.35290273568191,1.35662293434143,1,1.0120732659690548
2014-12-02A,1.35662293434143,1.37212371281397,1.35290273568191,1.35538302058642,1,1.0444818009787724
2014-12-02C,1.35538302058642,1.40746536041229,1.34546253970855,1.39878499507904,1,1.0449446932728201
2014-12-03A,1.39878499507904,1.40746536041229,1.34546253970855,1.39940490707238,1,1.0454076392057359
2014-12-03C,1.39940490707238,1.42606613338845,1.37336366458359,1.40002489089966,1,1.047259705062941
2014-12-04A,1.40002489089966,1.42606613338845,1.37336366458359,1.40250520403535,1,1.0889278218055198
2014-12-04C,1.40250520403535,1.46202794190693,1.3938246908129,1.45830774307251,1,1.0921687331102474
2014-12-05A,1.45830774307251,1.46202794190693,1.3938246908129,1.46264801793339,1,1.0958726321727266
2014-12-05C,1.46264801793339,1.49984971296895,1.41366574178866,1.46760833263397,1,1.083835265954469
2014-12-08A,1.46760833263397,1.49984971296895,1.41366574178866,1.45148771930151,1,1.1259663356874448
2014-12-08C,1.45148771930151,1.51907084998305,1.43846702120829,1.50791025161743,1,1.119484575580487
2014-12-09A,1.50791025161743,1.51907084998305,1.43846702120829,1.49922978559991,1,1.0819831894670087
2014-12-09C,1.49922978559991,1.55627244593598,1.44466720879446,1.44900739192963,1,1.0833721705856003
2014-12-10A,1.44900739192963,1.55627244593598,1.44466720879446,1.45086753534746,1,1.1208735578315483
2014-12-10C,1.45086753534746,1.50233004625032,1.42110623642859,1.50108993053436,1,1.1111509841372091
2014-12-11A,1.50108993053436,1.50233004625032,1.42110623642859,1.48806932052043,1,1.118558561699586
2014-12-11C,1.48806932052043,1.52465103265715,1.47876882259312,1.49798965454102,1,1.118095485457999
2014-12-12A,1.49798965454102,1.52465103265715,1.47876882259312,1.4973694962025,1,1.113465694829342
2014-12-12C,1.4973694962025,1.50666999304644,1.48062874970977,1.49116921424866,1,1.113002740865188
2014-12-15A,1.49116921424866,1.50666999304644,1.48062874970977,1.49054921966583,1,1.1167065291882683
2014-12-15C,1.49054921966583,1.5004697002858,1.46698805971511,1.49550938606262,1,1.1134655764311692
2014-12-16A,1.49550938606262,1.5004697002858,1.46698805971511,1.49116905568813,1,1.1384665314738163
2014-12-16C,1.49116905568813,1.5252706767213,1.48992908812504,1.52465069293976,1,1.1398556395312227
2014-12-17A,1.52465069293976,1.5252706767213,1.48992908812504,1.52651100635587,1,1.1569859664434738
2014-12-17C,1.52651100635587,1.56247273508976,1.51225034121331,1.5494521856308,1,1.156522704064721
2014-12-18A,1.5494521856308,1.56247273508976,1.51225034121331,1.54883177801472,1,1.1551337559034678
2014-12-18C,1.54883177801472,1.55999237370008,1.52775084993309,1.54697167873383,1,1.153281940811665
2014-12-19A,1.54697167873383,1.55999237370008,1.52775084993309,1.54449170142676,1,1.199116902123904
2014-12-19C,1.54449170142676,1.60587453842163,1.53829141934121,1.60587453842163,1,1.2028208901295026
2014-12-22A,1.60587453842163,1.60587453842163,1.53829141934121,1.61083497223611,1,1.2180992116998737
2014-12-22C,1.61083497223611,1.66415743169122,1.60587465750401,1.63129591941834,1,1.2130062387240297
2014-12-23A,1.63129591941834,1.66415743169122,1.60587465750401,1.62447533702784,1,1.1718010693474603
2014-12-23C,1.62447533702784,1.62757555189288,1.55751235159866,1.56929278373718,1,1.165782475258526
2014-12-24A,1.56929278373718,1.62757555189288,1.55751235159866,1.56123259628807,0,1.165782475258526
2014-12-24C,1.56123259628807,1.57177320987656,1.50667016789297,1.52341091632843,0,1.165782475258526
2014-12-25A,1.52341091632843,1.57177320987656,1.50667016789297,1.52589092294421,0,1.165782475258526
2014-12-25C,1.52589092294421,1.58107348030452,1.52465095516785,1.5792133808136,1,1.169902051260685
2014-12-26A,1.5792133808136,1.58107348030452,1.52465095516785,1.58479391550507,1,1.1914143032957238
2014-12-26C,1.58479391550507,1.61827541567942,1.57053324916666,1.61393523216248,1,1.1982795780321527
2014-12-29A,1.61393523216248,1.61827541567942,1.57053324916666,1.6232351950259,1,1.1863791593567916
2014-12-29C,1.6232351950259,1.63997593958544,1.58417340844488,1.60711443424225,1,1.1827177716642021
2014-12-30A,1.60711443424225,1.63997593958544,1.58417340844488,1.60215457890114,1,1.1735635093407073
2014-12-30C,1.60215457890114,1.61951531060129,1.57549320180211,1.58975386619568,1,1.1763097361854735
2014-12-31A,1.58975386619568,1.61951531060129,1.57549320180211,1.59347400976624,1,1.2014837111651981
2014-12-31C,1.59347400976624,1.63377591813378,1.58913382699226,1.62757563591003,1,1.2202497015243603
2015-01-05A,1.62757563591003,1.63377591813378,1.58913382699226,1.65299676181333,1,1.2568664224565633
2015-01-05C,1.65299676181333,1.71499973236981,1.64617649566094,1.70259916782379,1,1.249543208757158
2015-01-06A,1.70259916782379,1.71499973236981,1.64617649566094,1.69267886338441,1,1.2545779606684244
2015-01-06C,1.69267886338441,1.73546085988371,1.67097779924949,1.69949913024902,1,1.2495430981726057
2015-01-07A,1.69949913024902,1.73546085988371,1.67097779924949,1.69267871358236,1,1.250000773089639
2015-01-07C,1.69267871358236,1.69887899595413,1.67283775086215,1.69329869747162,1,1.2495430149102729
2015-01-08A,1.69329869747162,1.69887899595413,1.67283775086215,1.69267860079203,1,1.2211650985490525
2015-01-08C,1.69267860079203,1.6951586840102,1.64927662708173,1.65423679351807,0,1.2211650985490525
2015-01-09A,1.65423679351807,1.6951586840102,1.64927662708173,1.6505165738561,0,1.2211650985490525
2015-01-09C,1.6505165738561,1.70817935794932,1.63067576053586,1.64369630813599,0,1.2211650985490525
2015-01-12A,1.64369630813599,1.70817935794932,1.63067576053586,1.64741655032431,0,1.2211650985490525
2015-01-12C,1.64741655032431,1.64741655032431,1.59099388024798,1.6102147102356,0,1.2211650985490525
2015-01-13A,1.6102147102356,1.64741655032431,1.59099388024798,1.60525470461531,0,1.2211650985490525
2015-01-13C,1.60525470461531,1.61765526994558,1.60029453761376,1.61207497119904,0,1.2211650985490525
2015-01-14A,1.61207497119904,1.61765526994558,1.60029453761376,1.6157951342317,0,1.2211650985490525
2015-01-14C,1.6157951342317,1.63005579882526,1.60339456917872,1.60649478435516,0,1.2211650985490525
2015-01-15A,1.60649478435516,1.63005579882526,1.60339456917872,1.60649484585129,0,1.2211650985490525
2015-01-15C,1.60649484585129,1.65609710796194,1.60091454701592,1.65361702442169,1,1.2225385957587394
2015-01-16A,1.65361702442169,1.65609710796194,1.60091454701592,1.65547691901877,1,1.2326118720893497
2015-01-16C,1.65547691901877,1.68337811408752,1.65423680348902,1.66911745071411,1,1.1996447101406058
2015-01-19A,1.66911745071411,1.68337811408752,1.65423680348902,1.62447560800989,0,1.1996447101406058
2015-01-19C,1.62447560800989,1.62447560800989,1.50729021613451,1.51659071445465,0,1.1996447101406058
2015-01-20A,1.51659071445465,1.62447560800989,1.50729021613451,1.55761431417652,0,1.1996447101406058
2015-01-20C,1.55761431417652,1.56787023139779,1.5268465625127,1.55505037307739,0,1.1996447101406058
2015-01-21A,1.55505037307739,1.56787023139779,1.5268465625127,1.55505031768225,0,1.1996447101406058
2015-01-21C,1.55505031768225,1.63004647090256,1.55505031768225,1.61979055404663,1,1.2010687414856263
2015-01-22A,1.61979055404663,1.63004647090256,1.55505031768225,1.62171331709625,1,1.2001193488354225
2015-01-22C,1.62171331709625,1.62812324511541,1.6056885734607,1.62043142318726,1,1.2015434590712737
2015-01-23A,1.62043142318726,1.62812324511541,1.6056885734607,1.62235429275727,1,1.1986951678856357
2015-01-23C,1.62235429275727,1.64350707087728,1.61402137090244,1.61850845813751,0,1.1986951678856357
2015-01-26A,1.61850845813751,1.64350707087728,1.61402137090244,1.61979026060262,1,1.212451484916285
2015-01-26C,1.61979026060262,1.63966114366888,1.60889339867503,1.63837909698486,1,1.2096054314285674
2015-01-27A,1.63837909698486,1.63966114366888,1.60889339867503,1.63453324038673,1,1.203438809959764
2015-01-27C,1.63453324038673,1.63709718113494,1.59799666445668,1.62620031833649,1,1.2005926740600368
2015-01-28A,1.62620031833649,1.63709718113494,1.59799666445668,1.62235435037546,0,1.2005926740600368
2015-01-28C,1.62235435037546,1.63132837233958,1.60697055287584,1.61466252803802,0,1.2005926740600368
2015-01-29A,1.61466252803802,1.63132837233958,1.60697055287584,1.60889341819718,0,1.2005926740600368
2015-01-29C,1.60889341819718,1.60889341819718,1.58517670044056,1.59927845001221,0,1.2005926740600368
2015-01-30A,1.59927845001221,1.60889341819718,1.58517670044056,1.60056087607699,0,1.2005926740600368
2015-01-30C,1.60056087607699,1.61273978772303,1.58197203506326,1.58774101734161,0,1.2005926740600368
2015-02-02A,1.58774101734161,1.61273978772303,1.58197203506326,1.58197162288773,0,1.2005926740600368
2015-02-02C,1.58197162288773,1.58197162288773,1.53838417567387,1.54223001003265,0,1.2005926740600368
2015-02-03A,1.54223001003265,1.58197162288773,1.53838417567387,1.54479426911914,0,1.2005926740600368
2015-02-03C,1.54479426911914,1.56722894205553,1.53966623471601,1.56530594825745,0,1.2005926740600368
2015-02-04A,1.56530594825745,1.56722894205553,1.53966623471601,1.56979261994152,0,1.2005926740600368
2015-02-04C,1.56979261994152,1.58004853420542,1.552485831482,1.55312693119049,0,1.2005926740600368
2015-02-05A,1.55312693119049,1.58004853420542,1.552485831482,1.58325376106613,0,1.2005926740600368
2015-02-05C,1.58325376106613,1.60184259831102,1.5255644084533,1.52941024303436,0,1.2005926740600368
2015-02-06A,1.52941024303436,1.60184259831102,1.5255644084533,1.5242823490318,0,1.2005926740600368
2015-02-06C,1.5242823490318,1.5242823490318,1.48197679356931,1.490309715271,0,1.2005926740600368
2015-02-09A,1.490309715271,1.5242823490318,1.48197679356931,1.48902770988061,0,1.2005926740600368
2015-02-09C,1.48902770988061,1.50377056000641,1.47428485975482,1.49095070362091,0,1.2005926740600368
2015-02-10A,1.49095070362091,1.50377056000641,1.47428485975482,1.48582274837991,0,1.2005926740600368
2015-02-10C,1.48582274837991,1.52300026892095,1.48582274837991,1.52107727527618,0,1.2005926740600368
2015-02-11A,1.52107727527618,1.52300026892095,1.48582274837991,1.52876927052525,0,1.2005926740600368
2015-02-11C,1.52876927052525,1.53069226419601,1.51915430217143,1.52428233623505,0,1.2005926740600368
2015-02-12A,1.52428233623505,1.53069226419601,1.51915430217143,1.52556431801116,0,1.2005926740600368
2015-02-12C,1.52556431801116,1.52941015236423,1.51210336288888,1.52748715877533,0,1.2005926740600368
2015-02-13A,1.52748715877533,1.52941015236423,1.51210336288888,1.53005146999568,0,1.2005926740600368
2015-02-13C,1.53005146999568,1.56146016598743,1.53005146999568,1.54479432106018,1,1.2020869723731042
2015-02-16A,1.54479432106018,1.56146016598743,1.53005146999568,1.54671702440318,1,1.2050759012403593
2015-02-16C,1.54671702440318,1.55184490519081,1.53966599728928,1.55056285858154,1,1.2050760870710737
2015-02-17A,1.55056285858154,1.55184490519081,1.53966599728928,1.55056309768864,1,1.216534025611091
2015-02-17C,1.55056309768864,1.56915193585361,1.55056309768864,1.56530594825745,1,1.2195229446429086
2015-02-25A,1.56530594825745,1.56915193585361,1.55056309768864,1.56915176978062,1,1.2100576662478695
2015-02-25C,1.56915176978062,1.57235681004646,1.55120403333103,1.55697286128998,1,1.20906141684647
2015-02-26A,1.55697286128998,1.57235681004646,1.55120403333103,1.55569099404983,1,1.246922412300883
2015-02-26C,1.55569099404983,1.60568852271402,1.55569099404983,1.60440647602081,1,1.2454278883827758
2015-02-27A,1.60440647602081,1.60568852271402,1.55569099404983,1.60248348239336,1,1.246922412300883
2015-02-27C,1.60248348239336,1.6108164038374,1.59607355457678,1.60440647602081,1,1.2509079478819198
2015-03-02A,1.60440647602081,1.6108164038374,1.59607355457678,1.6095346371907,1,1.2588787039075815
2015-03-02C,1.6095346371907,1.62171354800867,1.60248376121308,1.61979055404663,1,1.2583803560713316
2015-03-03A,1.61979055404663,1.62171354800867,1.60248376121308,1.61914933331958,1,1.2429369817653217
2015-03-03C,1.61914933331958,1.61914933331958,1.59863750307479,1.59927845001221,1,1.2429370521109229
2015-03-04A,1.59927845001221,1.61914933331958,1.59863750307479,1.59927854052541,1,1.2444315761210334
2015-03-04C,1.59927854052541,1.60697051550873,1.5903046715947,1.60120153427124,1,1.2429371575001327
2015-03-05A,1.60120153427124,1.60697051550873,1.5903046715947,1.59927867612898,1,1.2294865590419202
2015-03-05C,1.59927867612898,1.60120167003786,1.56722903235555,1.5819718837738,1,1.2309809259833104
2015-03-06A,1.5819718837738,1.60120167003786,1.56722903235555,1.58389467542039,1,1.2284901319221755
2015-03-06C,1.58389467542039,1.59158665007365,1.57684380053805,1.58068978786468,0,1.2284901319221755
2015-03-09A,1.58068978786468,1.59158665007365,1.57684380053805,1.55761399427904,0,1.2284901319221755
2015-03-09C,1.55761399427904,1.62748225362336,1.55761399427904,1.6268413066864,1,1.227038055231309
2015-03-10A,1.6268413066864,1.62748225362336,1.55761399427904,1.62491837846761,1,1.2217135542204782
2015-03-10C,1.62491837846761,1.6287642130689,1.60376560044918,1.61786735057831,1,1.2241338649949844
2015-03-11A,1.61786735057831,1.6287642130689,1.60376560044918,1.62107247322494,1,1.2270381174383462
2015-03-11C,1.62107247322494,1.64030225850524,1.61209860399241,1.62491846084595,1,1.2294582127476943
2015-03-12A,1.62491846084595,1.64030225850524,1.61209860399241,1.62812329816052,1,1.2536601233522122
2015-03-12C,1.62812329816052,1.66658286752854,1.62812329816052,1.66017293930054,1,1.2585004285275587
2015-03-13A,1.66017293930054,1.66658286752854,1.62812329816052,1.66658276563256,1,1.2614046807032995
2015-03-13C,1.66658276563256,1.68260766163517,1.66145488449358,1.67042875289917,1,1.2662450749742993
2015-03-16A,1.67042875289917,1.68260766163517,1.66145488449358,1.67683869721707,1,1.2856066024644492
2015-03-16C,1.67683869721707,1.7031195085807,1.67299270991267,1.70247840881348,1,1.2899629159066701
2015-03-17A,1.70247840881348,1.7031195085807,1.67299270991267,1.70824730387297,1,1.3064201903649943
2015-03-17C,1.70824730387297,1.73068212680408,1.70696541005245,1.73004102706909,1,1.309808586013716
2015-03-18A,1.73004102706909,1.73068212680408,1.70696541005245,1.73452814655137,1,1.3480476362245835
2015-03-18C,1.73452814655137,1.78580756813051,1.73452814655137,1.78516662120819,1,1.3480476578009453
2015-03-19A,1.78516662120819,1.78580756813051,1.73452814655137,1.78516664978092,1,1.3465955317212568
2015-03-19C,1.78516664978092,1.79478146506853,1.77555168166857,1.78324365615845,1,1.3504679162864912
2015-03-20A,1.78324365615845,1.79478146506853,1.77555168166857,1.78837170318333,1,1.3640210558196961
2015-03-20C,1.78837170318333,1.81144747596907,1.7832438215975,1.80631959438324,1,1.368861555657116
2015-03-23A,1.80631959438324,1.81144747596907,1.7832438215975,1.81272967849861,1,1.392095346275883
2015-03-23C,1.81272967849861,1.84413837617802,1.81272967849861,1.84349727630615,1,1.3916110743591756
2015-03-24A,1.84349727630615,1.84413837617802,1.81272967849861,1.84285597399749,1,1.4032279674290833
2015-03-24C,1.84285597399749,1.86657269124058,1.80888334185408,1.85823976993561,1,1.3940317279366896
2015-03-25A,1.85823976993561,1.86657269124058,1.80888334185408,1.8460615506047,1,1.394999735321538
2015-03-25C,1.8460615506047,1.85888140974851,1.83580563272471,1.84734344482422,1,1.388222819098165
2015-03-26A,1.84734344482422,1.85888140974851,1.83580563272471,1.83836904042515,1,1.3867706930385177
2015-03-26C,1.83836904042515,1.8665726917908,1.81785721061845,1.83644604682922,1,1.3872548401373554
2015-03-27A,1.83644604682922,1.8665726917908,1.81785721061845,1.83708718384647,1,1.3969356046008201
2015-03-27C,1.83708718384647,1.85631696897078,1.82683126788188,1.84990704059601,1,1.3988718637597815
2015-03-30A,1.84990704059601,1.85631696897078,1.82683126788188,1.85247115267017,1,1.438078925606465
2015-03-30C,1.85247115267017,1.90503247417234,1.85247115267017,1.9043915271759,1,1.4429192725509257
2015-03-31A,1.9043915271759,1.90503247417234,1.85247115267017,1.91080140882112,1,1.4206534915275228
2015-03-31C,1.91080140882112,1.92169827161752,1.87682877364569,1.8813157081604,1,1.4201693121100132
2015-04-01A,1.8813157081604,1.92169827161752,1.87682877364569,1.8806745283448,1,1.4429190939119045
2015-04-01C,1.8806745283448,1.92169803370379,1.87875153481589,1.91080117225647,1,1.4521162052453833
2015-04-02A,1.91080117225647,1.92169803370379,1.87875153481589,1.92298054613234,1,1.4632490970754957
2015-04-02C,1.92298054613234,1.93836434526527,1.90375075900999,1.93772339820862,1,1.4617968381575839
2015-04-03A,1.93772339820862,1.93836434526527,1.90375075900999,1.9358002286737,1,1.4884189984860277
2015-04-03C,1.9358002286737,1.9729779054338,1.92298037175465,1.97105491161346,1,1.5005196110378443
2015-04-07A,1.97105491161346,1.9729779054338,1.92298037175465,1.9870792782925,1,1.5397267809564963
2015-04-07C,1.9870792782925,2.05053760381578,1.9870792782925,2.0389997959137,1,1.5406950954232161
2015-04-08A,2.0389997959137,2.05053760381578,1.9870792782925,2.0402820967897,1,1.5639288827566329
2015-04-08C,2.0402820967897,2.07169079002779,2.02041121289176,2.07104969024658,1,1.5639289164947383
2015-04-09A,2.07104969024658,2.07169079002779,2.02041121289176,2.07104973492463,1,1.5590885344122063
2015-04-09C,2.07104973492463,2.0896385724859,2.01592432203584,2.06463980674744,1,1.5532802716577907
2015-04-10A,2.06463980674744,2.0896385724859,2.01592432203584,2.05694815215174,1,1.5934554577551479
2015-04-10C,2.05694815215174,2.11143246968281,2.03964120712155,2.11015057563782,1,1.6118486014249882
2015-04-13A,2.11015057563782,2.11143246968281,2.03964120712155,2.13450789451599,1,1.6118486014249882
2015-04-13C,2.13450789451599,2.13963592833166,2.10630424341639,2.13450789451599,1,1.5982956811183915
2015-04-14A,2.13450789451599,2.13963592833166,2.10630424341639,2.11656029362928,1,1.6195933388150698
2015-04-14C,2.11656029362928,2.16335278375784,2.10886831882605,2.1447639465332,1,1.6181413298913085
2015-04-15A,2.1447639465332,2.16335278375784,2.10886831882605,2.14284110805573,1,1.6074925579734929
2015-04-15C,2.14284110805573,2.163352940467,2.1152784001139,2.12873935699463,1,1.58764691389885
2015-04-16A,2.12873935699463,2.163352940467,2.1152784001139,2.10245854878992,1,1.6423432460923904
2015-04-16C,2.10245854878992,2.17553185643867,2.08066482230904,2.17489075660706,1,1.6554123060934944
2015-04-17A,2.17489075660706,2.17553185643867,2.08066482230904,2.1921976002657,1,1.6723535858668537
2015-04-17C,2.1921976002657,2.23001622277465,2.18899255972947,2.21463227272034,1,1.657832401031692
2015-04-20A,2.21463227272034,2.23001622277465,2.18899255972947,2.19540243708877,1,1.6215294781528433
2015-04-20C,2.19540243708877,2.22681113062197,2.14348206533317,2.14732789993286,1,1.6263697863851176
2015-04-21A,2.14732789993286,2.22681113062197,2.14348206533317,2.15373773031305,1,1.6515398179273064
2015-04-21C,2.15373773031305,2.19155635022948,2.13771298720464,2.18706941604614,1,1.6563804148681076
2015-04-22A,2.18706941604614,2.19155635022948,2.13771298720464,2.19347962875171,1,1.702364105680311
2015-04-22C,2.19347962875171,2.25501497426886,2.19347962875171,2.2543740272522,1,1.7086567604580565
2015-04-23A,2.2543740272522,2.25501497426886,2.19347962875171,2.26270714320905,1,1.7072046340637321
2015-04-23C,2.26270714320905,2.27873204259355,2.24347735564252,2.26078414916992,1,1.6989758493637528
2015-04-24A,2.26078414916992,2.27873204259355,2.24347735564252,2.24988709228204,1,1.680098323256935
2015-04-24C,2.24988709228204,2.24988709228204,2.19219773451959,2.22488832473755,1,1.6820342247659263
2015-04-27A,2.22488832473755,2.24988709228204,2.19219773451959,2.22745196318988,1,1.714464886521888
2015-04-27C,2.22745196318988,2.27232161040423,2.22745196318988,2.27039861679077,1,1.7134966394694808
2015-04-28A,2.27039861679077,2.27232161040423,2.22745196318988,2.2691164051889,1,1.6820341025167203
2015-04-28C,2.2691164051889,2.27552633249298,2.21142705945222,2.22745180130005,0,1.6820341025167203
2015-04-29A,2.22745180130005,2.27552633249298,2.21142705945222,2.22488842742344,0,1.6820341025167203
2015-04-29C,2.22488842742344,2.24347726718559,2.2011717056423,2.22937536239624,0,1.6820341025167203
2015-04-30A,2.22937536239624,2.24347726718559,2.2011717056423,2.23578489113868,0,1.6820341025167203
2015-04-30C,2.23578489113868,2.25309183371062,2.22424708224879,2.22873401641846,0,1.6820341025167203
2015-05-04A,2.22873401641846,2.25309183371062,2.22424708224879,2.22809355615424,0,1.6820341025167203
2015-05-04C,2.22809355615424,2.26270714320905,2.20950471565916,2.26078414916992,1,1.6820338236579886
2015-05-05A,2.26078414916992,2.26270714320905,2.20950471565916,2.26078377436218,1,1.6090678544740564
2015-05-05C,2.26078377436218,2.27232173668412,2.1473279089868,2.16271185874939,0,1.6090678544740564
2015-05-06A,2.16271185874939,2.27232173668412,2.1473279089868,2.15950662941853,0,1.6090678544740564
2015-05-06C,2.15950662941853,2.19219736698038,2.09348436021041,2.11463713645935,0,1.6090678544740564
2015-05-07A,2.11463713645935,2.19219736698038,2.09348436021041,2.10886849520999,0,1.6090678544740564
2015-05-07C,2.10886849520999,2.10886849520999,2.04028227450212,2.04541015625,0,1.6090678544740564
2015-05-08A,2.04541015625,2.10886849520999,2.04028227450212,2.04797369889242,0,1.6090678544740564
2015-05-08C,2.04797369889242,2.09476618383579,2.042204871254,2.08835625648499,0,1.6090678544740564
2015-05-11A,2.08835625648499,2.09476618383579,2.042204871254,2.09668964253838,0,1.6090678544740564
2015-05-11C,2.09668964253838,2.15950703620911,2.08322883796241,2.15950703620911,0,1.6090678544740564
2015-05-12A,2.15950703620911,2.15950703620911,2.08322883796241,2.15950671118794,0,1.6090678544740564
2015-05-12C,2.15950671118794,2.18963335660452,2.15373773031305,2.18706941604614,1,1.6081247820798805
2015-05-13A,2.18706941604614,2.18963335660452,2.15373773031305,2.18578757775406,1,1.5953917405310603
2015-05-13C,2.18578757775406,2.18899246532733,2.1633527534422,2.16848063468933,0,1.5953917405310603
2015-05-14A,2.16848063468933,2.18899246532733,2.1633527534422,2.16271201948473,0,1.5953917405310603
2015-05-14C,2.16271201948473,2.1902747277582,2.15437909701893,2.17809581756592,1,1.5878795134207437
2015-05-15A,2.17809581756592,2.1902747277582,2.15437909701893,2.1678398095687,0,1.5878795134207437
2015-05-15C,2.1678398095687,2.1691218563649,2.12809819278343,2.14668703079224,0,1.5878795134207437
2015-05-18A,2.14668703079224,2.1691218563649,2.12809819278343,2.13963568527836,0,1.5878795134207437
2015-05-18C,2.13963568527836,2.15053254576481,2.11527787127653,2.11976480484009,0,1.5878795134207437
2015-05-19A,2.11976480484009,2.15053254576481,2.11527787127653,2.11527840153081,0,1.5878795134207437
2015-05-19C,2.11527840153081,2.19091564987641,2.11527840153081,2.18771076202393,1,1.590670874582835
2015-05-20A,2.18771076202393,2.19091564987641,2.11527840153081,2.19155657702651,1,1.5962538475251846
2015-05-20C,2.19155657702651,2.24540009844817,2.19155657702651,2.19924855232239,1,1.5971845586957556
2015-05-21A,2.19924855232239,2.24540009844817,2.19155657702651,2.20053084535973,1,1.6409174818942522
2015-05-21C,2.20053084535973,2.26270714320905,2.20053084535973,2.26078414916992,1,1.6567356318077826
2015-05-22A,2.26078414916992,2.26270714320905,2.20053084535973,2.28257770246452,1,1.682323998157117
2015-05-22C,2.28257770246452,2.31911427830494,2.27296273365139,2.31783223152161,1,1.686046161923659
2015-05-25A,2.31783223152161,2.31911427830494,2.27296273365139,2.32296046553512,1,1.740945029082051
2015-05-25C,2.32296046553512,2.39923866431955,2.31526848982333,2.39859771728516,1,1.753971542969901
2015-05-26A,2.39859771728516,2.39923866431955,2.31526848982333,2.41654507688218,1,1.7651373767797527
2015-05-26C,2.41654507688218,2.43256997282048,2.36141966714801,2.43192887306213,1,1.7977045676864496
2015-05-27A,2.43192887306213,2.43256997282048,2.36141966714801,2.47679852055949,1,1.765137376779753
2015-05-27C,2.47679852055949,2.47679852055949,2.40052018094388,2.43192887306213,1,1.7581588960631787
2015-05-28A,2.43192887306213,2.47679852055949,2.40052018094388,2.42231422835062,1,1.660922749063971
2015-05-28C,2.42231422835062,2.44987693515881,2.26847579724282,2.28834652900696,0,1.660922749063971
2015-05-29A,2.28834652900696,2.44987693515881,2.26847579724282,2.27232133754385,0,1.660922749063971
2015-05-29C,2.27232133754385,2.34603557445898,2.17360833948036,2.26462936401367,0,1.660922749063971
2015-06-01A,2.26462936401367,2.34603557445898,2.17360833948036,2.25245056857967,0,1.660922749063971
2015-06-01C,2.25245056857967,2.437056719862,2.25245056857967,2.42615985870361,1,1.663116749480383
2015-06-02A,2.42615985870361,2.437056719862,2.25245056857967,2.42936470115837,1,1.6850575829915684
2015-06-02C,2.42936470115837,2.46461937717055,2.39731506515853,2.4614143371582,1,1.6846189737080726
2015-06-03A,2.4614143371582,2.46461937717055,2.39731506515853,2.46077364737424,1,1.6771590999971138
2015-06-03C,2.46077364737424,2.46141459431378,2.40821217771328,2.44987678527832,1,1.6718930610544507
2015-06-04A,2.44987678527832,2.46141459431378,2.40821217771328,2.44218452366997,1,1.6999774112797865
2015-06-04C,2.44218452366997,2.48705416630858,2.34988145093589,2.48320817947388,1,1.715775041387541
2015-06-05A,2.48320817947388,2.48705416630858,2.34988145093589,2.50628425333203,1,1.7377158772882233
2015-06-05C,2.50628425333203,2.58897236906426,2.49025935717455,2.53833389282227,1,1.7508804919536072
2015-06-08A,2.53833389282227,2.58897236906426,2.49025935717455,2.55756384176147,1,1.778525957436861
2015-06-08C,2.55756384176147,2.61461224958742,2.53448806927262,2.59794640541077,1,1.7789647208414703
2015-06-09A,2.59794640541077,2.61461224958742,2.53448806927262,2.59858732032408,1,1.7846693489360392
2015-06-09C,2.59858732032408,2.60884338888671,2.56076869790145,2.60692024230957,1,1.7728210604699461
2015-06-10A,2.60692024230957,2.60884338888671,2.56076869790145,2.58961309067535,1,1.7794032583563348
2015-06-10C,2.58961309067535,2.62166288020156,2.5549995136027,2.59922790527344,1,1.7785258867180818
2015-06-11A,2.59922790527344,2.62166288020156,2.5549995136027,2.59794630210972,1,1.775454180077884
2015-06-11C,2.59794630210972,2.60115134255075,2.57038374900552,2.59345936775208,1,1.7767708921518612
2015-06-12A,2.59345936775208,2.60115134255075,2.57038374900552,2.59538272871583,1,1.8228467102323738
2015-06-12C,2.59538272871583,2.66589210430045,2.59538272871583,2.66268706321716,1,1.8228463883603119
2015-06-15A,2.66268706321716,2.66589210430045,2.59538272871583,2.66268659304895,1,1.8131924828675374
2015-06-15C,2.66268659304895,2.69730048046728,2.64473885519096,2.64858484268188,1,1.7991503089156828
2015-06-16A,2.64858484268188,2.69730048046728,2.64473885519096,2.62807301647556,1,1.7442981640752988
2015-06-16C,2.62807301647556,2.64153381989567,2.52295022418932,2.54794883728027,0,1.7442981640752988
2015-06-17A,2.54794883728027,2.64153381989567,2.52295022418932,2.53320584002233,0,1.7442981640752988
2015-06-17C,2.53320584002233,2.61204796786607,2.47423444266775,2.60820198059082,1,1.7447271325185298
2015-06-18A,2.60820198059082,2.61204796786607,2.47423444266775,2.60884340552968,1,1.7061458790718538
2015-06-18C,2.60884340552968,2.62615019658695,2.53833404169118,2.55115389823914,0,1.7061458790718538
2015-06-19A,2.55115389823914,2.62615019658695,2.53833404169118,2.54346188912592,0,1.7061458790718538
2015-06-19C,2.54346188912592,2.54346188912592,2.36526579380036,2.37103462219238,0,1.7061458790718538
2015-06-23A,2.37103462219238,2.54346188912592,2.36526579380036,2.37167576454494,0,1.7061458790718538
2015-06-23C,2.37167576454494,2.40693044662476,2.24540003943017,2.40693044662476,0,1.7061458790718538
2015-06-24A,2.40693044662476,2.40693044662476,2.24540003943017,2.4139813063137,0,1.7061458790718538
2015-06-24C,2.4139813063137,2.47743964195251,2.40372539052994,2.47743964195251,0,1.7061458790718538
2015-06-25A,2.47743964195251,2.47743964195251,2.40372539052994,2.47423471497978,0,1.7061458790718538
2015-06-25C,2.47423471497978,2.49346465347248,2.36847081739373,2.39603352546692,0,1.7061458790718538
2015-06-26A,2.39603352546692,2.49346465347248,2.36847081739373,2.36847045991833,0,1.7061458790718538
2015-06-26C,2.36847045991833,2.36847045991833,2.15630174976086,2.15886569023132,0,1.7061458790718538
2015-06-29A,2.15886569023132,2.36847045991833,2.15630174976086,2.23065699715134,0,1.7061458790718538
2015-06-29C,2.23065699715134,2.26462962951803,2.02169316905498,2.14027690887451,0,1.7061458790718538
2015-06-30A,2.14027690887451,2.26462962951803,2.02169316905498,2.15950693699621,0,1.7061458790718538
2015-06-30C,2.15950693699621,2.27552674943548,2.03707719607838,2.27296280860901,0,1.7061458790718538
2015-07-01A,2.27296280860901,2.27552674943548,2.03707719607838,2.25629678020949,0,1.7061458790718538
2015-07-01C,2.25629678020949,2.28193649203521,2.1152782123433,2.12425208091736,0,1.7061458790718538
2015-07-02A,2.12425208091736,2.28193649203521,2.1152782123433,2.12425193520399,0,1.7061458790718538
2015-07-02C,2.12425193520399,2.14604581102069,1.99284834469847,2.02618002891541,0,1.7061458790718538
2015-07-03A,2.02618002891541,2.14604581102069,1.99284834469847,2.01592424920761,0,1.7061458790718538
2015-07-03C,2.01592424920761,2.04476900137528,1.87811072196435,1.88452064990997,0,1.7061458790718538
2015-07-06A,1.88452064990997,2.04476900137528,1.87811072196435,2.07297276736951,0,1.7061458790718538
2015-07-06C,2.07297276736951,2.07297276736951,1.86272687471207,1.95502996444702,0,1.7061458790718538
2015-07-07A,1.95502996444702,2.07297276736951,1.86272687471207,1.95374817271097,0,1.7061458790718538
2015-07-07C,1.95374817271097,1.95374817271097,1.79157681020704,1.88580274581909,0,1.7061458790718538
2015-07-08A,1.88580274581909,1.95374817271097,1.79157681020704,1.69735038280487,0,1.7061458790718538
2015-07-08C,1.69735038280487,1.85888076603495,1.69735038280487,1.69735038280487,0,1.7061458790718538
2015-07-09A,1.69735038280487,1.85888076603495,1.69735038280487,1.66658288757991,0,1.7061458790718538
2015-07-09C,1.66658288757991,1.86721396446228,1.66658288757991,1.86721396446228,0,1.7061458790718538
2015-07-10A,1.86721396446228,1.86721396446228,1.66658288757991,1.94221001622577,0,1.7061458790718538
2015-07-10C,1.94221001622577,2.0537428855896,1.93580008823129,2.0537428855896,1,1.7775017288553845
2015-07-13A,2.0537428855896,2.0537428855896,1.93580008823129,2.13963622603353,1,1.8067894125662756
2015-07-13C,2.13963622603353,2.17617280344553,2.01912947773234,2.17489075660706,1,1.7732415439511915
2015-07-14A,2.17489075660706,2.17617280344553,2.01912947773234,2.13450810390423,1,1.7199910966994496
2015-07-14C,2.13450810390423,2.16142986380941,2.03835917970682,2.07040882110596,1,1.7034835988598724
2015-07-15A,2.07040882110596,2.16142986380941,2.03835917970682,2.05053821293419,1,1.6268029698703612
2015-07-15C,2.05053821293419,2.07040910025816,1.95118423478864,1.95823526382446,0,1.6268029698703612
2015-07-16A,1.95823526382446,2.07040910025816,1.95118423478864,1.92426207253255,0,1.6268029698703612
2015-07-16C,1.92426207253255,2.03194894298188,1.92362097282456,1.98579740524292,1,1.6304788314171548
2015-07-17A,1.98579740524292,2.03194894298188,1.92362097282456,1.99028443683608,1,1.7003189329669859
2015-07-17C,1.99028443683608,2.08643350398578,1.99028443683608,2.07553648948669,1,1.6856161572534252
2015-07-20A,2.07553648948669,2.08643350398578,1.99028443683608,2.0575891815443,1,1.6934927980647325
2015-07-20C,2.0575891815443,2.09540780823115,2.03835939467681,2.06720399856567,1,1.6777392877999946
2015-07-21A,2.06720399856567,2.09540780823115,2.03835939467681,2.04797408542525,1,1.7097713006626163
2015-07-21C,2.04797408542525,2.10245855460284,2.03194934043609,2.08707475662231,1,1.7076709457843777
2015-07-22A,2.08707475662231,2.10245855460284,2.03194934043609,2.08451090633156,1,1.6992691039275403
2015-07-22C,2.08451090633156,2.09540777007557,2.04925622130405,2.07425498962402,1,1.6997939166015268
2015-07-23A,2.07425498962402,2.09540777007557,2.04925622130405,2.07489561523483,1,1.7460039770571512
2015-07-23C,2.07489561523483,2.1319440189129,2.06528064705325,2.13130307197571,1,1.7381272829998282
2015-07-24A,2.13130307197571,2.1319440189129,2.06528064705325,2.12168818995827,1,1.7113465325143673
2015-07-24C,2.12168818995827,2.15373783049054,2.08322862131954,2.08899760246277,1,1.6882413172935347
2015-07-27A,2.08899760246277,2.15373783049054,2.08322862131954,2.06079364827601,1,1.5543373241057525
2015-07-27C,2.06079364827601,2.08002343121194,1.88067457446551,1.89734041690826,0,1.5543373241057525
2015-07-28A,1.89734041690826,2.08002343121194,1.88067457446551,1.87041889116852,0,1.5543373241057525
2015-07-28C,1.87041889116852,1.95118402006061,1.82683128609077,1.9043915271759,0,1.5543373241057525
2015-07-29A,1.9043915271759,1.95118402006061,1.82683128609077,1.90887876809943,0,1.5543373241057525
2015-07-29C,1.90887876809943,1.99605399224308,1.90118694443366,1.9922080039978,1,1.5528367761490245
2015-07-30A,1.9922080039978,1.99605399224308,1.90118694443366,1.99028473830546,1,1.5153286178428074
2015-07-30C,1.99028473830546,2.01015547109503,1.94221019744873,1.94221019744873,0,1.5153286178428074
2015-07-31A,1.94221019744873,2.01015547109503,1.94221019744873,1.92298015011534,0,1.5153286178428074
2015-07-31C,1.92298015011534,1.9806694996019,1.91400628187127,1.93708205223084,0,1.5153286178428074
2015-08-03A,1.93708205223084,1.9806694996019,1.91400628187127,1.92682655568713,0,1.5153286178428074
2015-08-03C,1.92682655568713,1.98707985877991,1.91016070942961,1.98707985877991,1,1.5006637393616427
2015-08-04A,1.98707985877991,1.98707985877991,1.91016070942961,1.96784951869509,1,1.547590011765144
2015-08-04C,1.96784951869509,2.03771777224382,1.95951659790696,2.02938485145569,1,1.5510121069980334
2015-08-05A,2.02938485145569,2.03771777224382,1.95951659790696,2.03387231142446,1,1.510440318490932
2015-08-05C,2.03387231142446,2.03707719925636,1.98066973686218,1.98066973686218,1,1.500175428983641
2015-08-06A,1.98066973686218,2.03707719925636,1.98066973686218,1.96720918780875,0,1.500175428983641
2015-08-06C,1.96720918780875,1.98707992285086,1.94862034693562,1.96144020557404,0,1.500175428983641
2015-08-07A,1.96144020557404,1.98707992285086,1.94862034693562,1.96528592356838,0,1.500175428983641
2015-08-07C,1.96528592356838,2.01143746945225,1.96528592356838,1.99989950656891,1,1.5078686990919994
2015-08-10A,1.99989950656891,2.01143746945225,1.96528592356838,2.01015548516738,1,1.569414371977151
2015-08-10C,2.01015548516738,2.10245857980651,2.01015548516738,2.09220266342163,1,1.5655677155839782
2015-08-11A,2.09220266342163,2.10245857980651,2.01015548516738,2.08707464567516,1,1.5617210467955307
2015-08-11C,2.08707464567516,2.10630443033476,2.06463982049325,2.08194661140442,1,1.5487384704938472
2015-08-12A,2.08194661140442,2.10630443033476,2.06463982049325,2.06463940356852,1,1.537198695734247
2015-08-12C,2.06463940356852,2.08194619098482,2.0486146626672,2.04925560951233,1,1.5386414161915398
2015-08-13A,2.04925560951233,2.08194619098482,2.0486146626672,2.05117891519706,1,1.558355205850833
2015-08-13C,2.05117891519706,2.07810067351319,2.01592423532652,2.07745957374573,1,1.571337400166201
2015-08-14A,2.07745957374573,2.07810067351319,2.01592423532652,2.09476627235169,1,1.5569126514905756
2015-08-14C,2.09476627235169,2.09797131257489,2.06271663424336,2.07553648948669,1,1.5434496730348441
2015-08-17A,2.07553648948669,2.09797131257489,2.06271663424336,2.05758885253012,1,1.5698951042013498
2015-08-17C,2.05758885253012,2.09348447950792,2.04220505606098,2.09284353256226,1,1.5713373660460492
2015-08-18A,2.09284353256226,2.09348447950792,2.04220505606098,2.09476622686576,1,1.492001192733988
2015-08-18C,2.09476622686576,2.10822718155628,1.8928534347553,1.98900234699249,0,1.492001192733988
2015-08-19A,1.98900234699249,2.10822718155628,1.8928534347553,1.93708226900591,0,1.492001192733988
2015-08-19C,1.93708226900591,2.01079652245587,1.85888108093179,1.99989950656891,0,1.492001192733988
2015-08-20A,1.99989950656891,2.01079652245587,1.85888108093179,1.97746506602131,0,1.492001192733988
2015-08-20C,1.97746506602131,1.97746506602131,1.92939052066942,1.93131351470947,0,1.492001192733988
2015-08-21A,1.93131351470947,1.97746506602131,1.92939052066942,1.92105724522962,0,1.492001192733988
2015-08-21C,1.92105724522962,1.92618527933785,1.82939525930785,1.84542000293732,0,1.492001192733988
2015-08-24A,1.84542000293732,1.92618527933785,1.82939525930785,1.81401137807218,0,1.492001192733988
2015-08-24C,1.81401137807218,1.81401137807218,1.66081404685974,1.66081404685974,0,1.492001192733988
2015-08-25A,1.66081404685974,1.81401137807218,1.66081404685974,1.54479424479485,0,1.492001192733988
2015-08-25C,1.54479424479485,1.61658550271035,1.50248868755267,1.5088986158371,0,1.492001192733988
2015-08-26A,1.5088986158371,1.61658550271035,1.50248868755267,1.57043385745055,0,1.492001192733988
2015-08-26C,1.57043385745055,1.60248349682204,1.47748982686085,1.52107727527618,0,1.492001192733988
2015-08-27A,1.52107727527618,1.60248349682204,1.47748982686085,1.53517927882704,0,1.492001192733988
2015-08-27C,1.53517927882704,1.62171338724104,1.53517927882704,1.61914944648743,0,1.492001192733988
2015-08-28A,1.61914944648743,1.62171338724104,1.53517927882704,1.6236361418422,0,1.492001192733988
2015-08-28C,1.6236361418422,1.70055542289333,1.6236361418422,1.69735038280487,0,1.492001192733988
2015-08-31A,1.69735038280487,1.70055542289333,1.6236361418422,1.66658268304083,0,1.492001192733988
2015-08-31C,1.66658268304083,1.70504240097618,1.64094297296708,1.69094049930572,0,1.492001192733988
2015-09-01A,1.69094049930572,1.70504240097618,1.64094297296708,1.68581283092499,0,1.492001192733988
2015-09-01C,1.68581283092499,1.69222275925142,1.61722646028985,1.68581283092499,0,1.492001192733988
2015-09-02A,1.68581283092499,1.69222275925142,1.61722646028985,1.6588910996873,0,1.492001192733988
2015-09-02C,1.6588910996873,1.7146574618151,1.61658554143179,1.69863271713257,1,1.4779256142099293
2015-09-07A,1.69863271713257,1.7146574618151,1.61658554143179,1.68260777136847,0,1.4779256142099293
2015-09-07C,1.68260777136847,1.73709223794094,1.6024835917795,1.64607119560242,0,1.4779256142099293
2015-09-08A,1.64607119560242,1.73709223794094,1.6024835917795,1.64094307331352,0,1.4779256142099293
2015-09-08C,1.64094307331352,1.69863257733199,1.60440649950663,1.69542753696442,1,1.4807196220183043
2015-09-09A,1.69542753696442,1.69863257733199,1.60440649950663,1.6986327306029,1,1.5086577004448445
2015-09-09C,1.6986327306029,1.84606123866993,1.68581287362531,1.73068237304688,1,1.4907770126229056
2015-09-10A,1.73068237304688,1.84606123866993,1.68581287362531,1.71017023750927,1,1.4796017832338597
2015-09-10C,1.71017023750927,1.72299009221367,1.692222502053,1.69735038280487,1,1.4751320447072738
2015-09-11A,1.69735038280487,1.72299009221367,1.692222502053,1.69222284613581,1,1.4773670643956884
2015-09-11C,1.69222284613581,1.71017058524144,1.66530108465263,1.69478678703308,1,1.4807194587068642
2015-09-14A,1.69478678703308,1.71017058524144,1.66530108465263,1.6986325432574,1,1.4220494338723355
2015-09-14C,1.6986325432574,1.70760641158702,1.63068712538031,1.6313282251358,0,1.4220494338723355
2015-09-15A,1.6313282251358,1.70760641158702,1.63068712538031,1.62171332548298,0,1.4220494338723355
2015-09-15C,1.62171332548298,1.62299537222333,1.57363878867825,1.57876682281494,0,1.4220494338723355
2015-09-16A,1.57876682281494,1.62299537222333,1.57363878867825,1.57940808208447,0,1.4220494338723355
2015-09-16C,1.57940808208447,1.69799185091338,1.5768441409215,1.6685061454773,1,1.3734274765052068
2015-09-17A,1.6685061454773,1.69799185091338,1.5768441409215,1.61145747140183,0,1.3734274765052068
2015-09-17C,1.61145747140183,1.67363391341935,1.61145747140183,1.61914944648743,0,1.3734274765052068
2015-09-18A,1.61914944648743,1.67363391341935,1.61145747140183,1.6377384467507,1,1.358376154339544
2015-09-18C,1.6377384467507,1.64735326373611,1.6095346371907,1.61979055404663,0,1.358376154339544
2015-09-21A,1.61979055404663,1.64735326373611,1.6095346371907,1.60632962314211,0,1.358376154339544
2015-09-21C,1.60632962314211,1.64094320609424,1.60312458251519,1.63966131210327,1,1.3589068358152916
2015-09-22A,1.63966131210327,1.64094320609424,1.60312458251519,1.6403018842173,1,1.3679343315718435
2015-09-22C,1.6403018842173,1.657608671738,1.6403018842173,1.65119874477386,1,1.3626240637519351
2015-09-23A,1.65119874477386,1.657608671738,1.6403018842173,1.64478885552971,1,1.3562516540799865
2015-09-23C,1.64478885552971,1.64478885552971,1.62812301447581,1.63709688186646,1,1.3482864073173808
2015-09-24A,1.63709688186646,1.64478885552971,1.62812301447581,1.62748223505727,1,1.3573139042097613
2015-09-24C,1.62748223505727,1.64094303752817,1.6024834709044,1.63837909698486,1,1.354127682333303
2015-09-25A,1.63837909698486,1.64094303752817,1.6024834709044,1.6345330895841,1,1.336603680756269
2015-09-25C,1.6345330895841,1.63837907676395,1.59671447035673,1.61338031291962,0,1.336603680756269
2015-09-28A,1.61338031291962,1.63837907676395,1.59671447035673,1.59991952617973,0,1.336603680756269
2015-09-28C,1.59991952617973,1.61402127554342,1.59991952617973,1.60889339447022,0,1.336603680756269
2015-09-29A,1.60889339447022,1.61402127554342,1.59991952617973,1.6031242573239,0,1.336603680756269
2015-09-29C,1.6031242573239,1.6082522907218,1.58645841622396,1.58838140964508,0,1.336603680756269
2015-09-30A,1.58838140964508,1.6082522907218,1.58645841622396,1.5928686282916,0,1.336603680756269
2015-09-30C,1.5928686282916,1.60184265013707,1.58838169378124,1.59671461582184,0,1.336603680756269
2015-10-08A,1.59671461582184,1.60184265013707,1.58838169378124,1.64478922260193,1,1.330873933697471
2015-10-08C,1.64478922260193,1.64735316345364,1.62235439629375,1.63773834705353,1,1.3293113489893729
2015-10-09A,1.63773834705353,1.64735316345364,1.62235439629375,1.6358154715413,1,1.3428545013715343
2015-10-09C,1.6358154715413,1.65376321162635,1.63132853652003,1.65248131752014,1,1.3428542858336283
2015-10-12A,1.65248131752014,1.65376321162635,1.63132853652003,1.65248105228488,1,1.3860881215505108
2015-10-12C,1.65248105228488,1.71786237877512,1.65183995250992,1.70568346977234,1,1.3860882418211133
2015-10-13A,1.70568346977234,1.71786237877512,1.65183995250992,1.70568361777417,1,1.384525560954558
2015-10-13C,1.70568361777417,1.70952960545873,1.69863274223563,1.70376062393188,1,1.3892134241885625
2015-10-14A,1.70376062393188,1.70952960545873,1.69863274223563,1.7095293847361,1,1.3751494223953136
2015-10-14C,1.7095293847361,1.7095293847361,1.68645361443285,1.69222259521484,1,1.37150335999821
2015-10-15A,1.69222259521484,1.7095293847361,1.68645361443285,1.68773584703209,1,1.4027568553771408
2015-10-15C,1.68773584703209,1.73068250881844,1.68709489998035,1.72619557380676,1,1.3959851900917477
2015-10-16A,1.72619557380676,1.73068250881844,1.68709489998035,1.71786254118023,1,1.4225505166497867
2015-10-16C,1.71786254118023,1.76273204125768,1.71786254118023,1.75055313110352,1,1.4241132810529697
2015-10-19A,1.75055313110352,1.76273204125768,1.71786254118023,1.75247622774378,1,1.4261968142834793
2015-10-19C,1.75247622774378,1.77555200255911,1.74606629878535,1.75504016876221,1,1.4376562055157471
2015-10-20A,1.75504016876221,1.77555200255911,1.74606629878535,1.76914179325104,1,1.4376562055157471
2015-10-20C,1.76914179325104,1.77042383996947,1.75119405614144,1.76914179325104,1,1.4324474673409833
2015-10-21A,1.76914179325104,1.77042383996947,1.75119405614144,1.76273205748826,1,1.3949433742867943
2015-10-21C,1.76273205748826,1.783243890271,1.71145262835616,1.71658051013947,1,1.3975477389920492
2015-10-22A,1.71658051013947,1.783243890271,1.71145262835616,1.71978537262833,1,1.4157788072053614
2015-10-22C,1.71978537262833,1.74350209086138,1.69863259502121,1.74222004413605,1,1.4162997033506788
2015-10-23A,1.74222004413605,1.74350209086138,1.69863259502121,1.74286104518838,1,1.4360934511739047
2015-10-23C,1.74286104518838,1.77555163017278,1.7313230837882,1.767218708992,1,1.4454696337256978
2015-10-26A,1.767218708992,1.77555163017278,1.7313230837882,1.77875679184511,1,1.448074018847976
2015-10-26C,1.77875679184511,1.79221759490637,1.77555175140687,1.78196167945862,1,1.4459907687038136
2015-10-27A,1.78196167945862,1.79221759490637,1.77555175140687,1.77939808679878,1,1.4522414929234642
2015-10-27C,1.77939808679878,1.7883719572613,1.74991238142928,1.78709006309509,1,1.4480740814417687
2015-10-28A,1.78709006309509,1.7883719572613,1.74991238142928,1.78196175648489,1,1.4355727590968341
2015-10-28C,1.78196175648489,1.78837168481372,1.76593701207521,1.76657795906067,1,1.4392187278635131
2015-10-29A,1.76657795906067,1.78837168481372,1.76593701207521,1.77106459202429,1,1.432447153540212
2015-10-29C,1.77106459202429,1.77555152580794,1.75696269097231,1.76273167133331,1,1.432447153540212
2015-10-30A,1.76273167133331,1.77555152580794,1.75696269097231,1.76273167133331,1,1.432447153540212
2015-10-30C,1.76273167133331,1.76914159857063,1.75375780376602,1.76273167133331,0,1.432447153540212
2015-11-02A,1.76273167133331,1.76914159857063,1.75375780376602,1.76273199961574,0,1.432447153540212
2015-11-02C,1.76273199961574,1.76657798723933,1.74093827351506,1.7499121427536,0,1.432447153540212
2015-11-03A,1.7499121427536,1.76657798723933,1.74093827351506,1.7524758500002,0,1.432447153540212
2015-11-03C,1.7524758500002,1.7524758500002,1.72683613969306,1.73004102706909,0,1.432447153540212
2015-11-04A,1.73004102706909,1.7524758500002,1.72683613969306,1.73068208398731,0,1.432447153540212
2015-11-04C,1.73068208398731,1.78837143075115,1.72875909047937,1.78580749034882,1,1.4381033244714032
2015-11-05A,1.78580749034882,1.78837143075115,1.72875909047937,1.79285894239761,1,1.4596980404730329
2015-11-05C,1.79285894239761,1.85118940767717,1.7819620775577,1.81978070735931,1,1.4607261542598493
2015-11-06A,1.81978070735931,1.85118940767717,1.7819620775577,1.82106243932191,1,1.4838632321438805
2015-11-06C,1.82106243932191,1.85888106258049,1.82042133950711,1.84990704059601,1,1.491575427732371
2015-11-09A,1.84990704059601,1.85888106258049,1.82042133950711,1.85952170359766,1,1.5141983800210936
2015-11-09C,1.85952170359766,1.94220981187381,1.85952170359766,1.88772535324097,1,1.5100853870916173
2015-11-10A,1.88772535324097,1.94220981187381,1.85952170359766,1.88259775494664,1,1.5090570207757743
2015-11-10C,1.88259775494664,1.89349461774303,1.8659319108493,1.8813157081604,1,1.5013448206252498
2015-11-11A,1.8813157081604,1.89349461774303,1.8659319108493,1.87170103947134,1,1.507514651250652
2015-11-11C,1.87170103947134,1.89413571381071,1.85888118189892,1.87939286231995,1,1.5075144043851423
2015-11-12A,1.87939286231995,1.89413571381071,1.85888118189892,1.87939255455692,1,1.4910614028266058
2015-11-12C,1.87939255455692,1.88387948869002,1.85888087749481,1.85888087749481,1,1.491061593834563
2015-11-13A,1.85888087749481,1.88387948869002,1.85888087749481,1.85888111562118,1,1.4792359323261581
2015-11-13C,1.85888111562118,1.85888111562118,1.84349716482297,1.84413826465607,0,1.4792359323261581
2015-11-16A,1.84413826465607,1.85888111562118,1.84349716482297,1.8306772554717,0,1.4792359323261581
2015-11-16C,1.8306772554717,1.84990704059601,1.82426732709693,1.84990704059601,1,1.4843614035294195
2015-11-17A,1.84990704059601,1.84990704059601,1.82426732709693,1.85631686681648,1,1.4874367595339104
2015-11-17C,1.85631686681648,1.88452067237319,1.85631686681648,1.86016285419464,1,1.486924365187894
2015-11-18A,1.86016285419464,1.88452067237319,1.85631686681648,1.85952206262952,1,1.4746230623447838
2015-11-18C,1.85952206262952,1.85952206262952,1.84349716482297,1.84413826465607,0,1.4746230623447838
2015-11-19A,1.84413826465607,1.85952206262952,1.84349716482297,1.84606099873996,0,1.4746230623447838
2015-11-19C,1.84606099873996,1.86464968196419,1.84093296492056,1.86272668838501,1,1.4746232311247194
2015-11-20A,1.86272668838501,1.86464968196419,1.84093296492056,1.86272690158586,1,1.4705637561151346
2015-11-20C,1.86272690158586,1.86529099520141,1.8505481446234,1.85759902000427,0,1.4705637561151346
2015-11-23A,1.85759902000427,1.86529099520141,1.8505481446234,1.85247123717766,0,1.4705637561151346
2015-11-23C,1.85247123717766,1.87362401727268,1.84477926157047,1.8543940782547,0,1.4705637561151346
2015-11-24A,1.8543940782547,1.87362401727268,1.84477926157047,1.85439406576525,0,1.4705637561151346
2015-11-24C,1.85439406576525,1.85888115338906,1.8313184447486,1.85183012485504,0,1.4705637561151346
2015-11-25A,1.85183012485504,1.85888115338906,1.8313184447486,1.84606147439269,0,1.4705637561151346
2015-11-25C,1.84606147439269,1.87490607986305,1.83388256286144,1.87041914463043,1,1.474594986059129
2015-11-26A,1.87041914463043,1.87490607986305,1.83388256286144,1.87554649095071,1,1.4690513172889432
2015-11-26C,1.87554649095071,1.88900729170489,1.86657247095654,1.86849546432495,1,1.4665319661836234
2015-11-27A,1.86849546432495,1.88900729170489,1.86657247095654,1.86529108605856,0,1.4665319661836234
2015-11-27C,1.86529108605856,1.86529108605856,1.78260280713592,1.81529355049133,0,1.4665319661836234
2015-11-30A,1.81529355049133,1.86529108605856,1.78260280713592,1.79478140501813,0,1.4665319661836234
2015-11-30C,1.79478140501813,1.80760126018917,1.75696278641613,1.79414045810699,0,1.4665319661836234
2015-12-01A,1.79414045810699,1.80760126018917,1.75696278641613,1.79414062530468,0,1.4665319661836234
2015-12-01C,1.79414062530468,1.79414062530468,1.76914185954407,1.78067982196808,0,1.4665319661836234
2015-12-02A,1.78067982196808,1.79414062530468,1.76914185954407,1.78132090088393,0,1.4665319661836234
2015-12-02C,1.78132090088393,1.83644631790477,1.77042403744838,1.827472448349,0,1.4665319661836234
2015-12-03A,1.827472448349,1.83644631790477,1.77042403744838,1.82811298417857,0,1.4665319661836234
2015-12-03C,1.82811298417857,1.84734276582629,1.81593407662093,1.84606087207794,1,1.4563478138404673
2015-12-04A,1.84606087207794,1.84734276582629,1.81593407662093,1.83324112754492,0,1.4563478138404673
2015-12-04C,1.83324112754492,1.8447790898819,1.80760141500684,1.81465244293213,0,1.4563478138404673
2015-12-07A,1.81465244293213,1.8447790898819,1.80760141500684,1.8146525004001,0,1.4563478138404673
2015-12-07C,1.8146525004001,1.82490826348033,1.79670460936021,1.81080651283264,0,1.4563478138404673
2015-12-08A,1.81080651283264,1.82490826348033,1.79670460936021,1.80760158761617,0,1.4563478138404673
2015-12-08C,1.80760158761617,1.80760158761617,1.78196187262973,1.78837180137634,0,1.4563478138404673
2015-12-09A,1.78837180137634,1.80760158761617,1.78196187262973,1.78003858735544,0,1.4563478138404673
2015-12-09C,1.78003858735544,1.78708961479988,1.77426960658037,1.78516662120819,0,1.4563478138404673
2015-12-10A,1.78516662120819,1.78708961479988,1.77426960658037,1.78516632702953,0,1.4563478138404673
2015-12-10C,1.78516632702953,1.79798618031172,1.77426931419743,1.77619230747223,0,1.4563478138404673
2015-12-11A,1.77619230747223,1.79798618031172,1.77426931419743,1.77298827557317,0,1.4563478138404673
2015-12-11C,1.77298827557317,1.78132119950756,1.75888636903235,1.76465535163879,0,1.4563478138404673
2015-12-14A,1.76465535163879,1.78132119950756,1.75888636903235,1.76401391537449,0,1.4563478138404673
2015-12-14C,1.76401391537449,1.80055048943461,1.74093814417211,1.79862749576569,1,1.4558291461320267
2015-12-15A,1.79862749576569,1.80055048943461,1.74093814417211,1.79798692763169,1,1.4470059601844345
2015-12-15C,1.79798692763169,1.79798692763169,1.78196202795596,1.78709006309509,0,1.4470059601844345
2015-12-16A,1.78709006309509,1.79798692763169,1.78196202795596,1.78837160751037,0,1.4470059601844345
2015-12-16C,1.78837160751037,1.79798657600036,1.78196167945862,1.78196167945862,0,1.4470059601844345
2015-12-17A,1.78196167945862,1.79798657600036,1.78196167945862,1.79221782498203,1,1.4666720477984865
2015-12-17C,1.79221782498203,1.82683141034004,1.79221782498203,1.81657564640045,1,1.466671888712429
2015-12-18A,1.81657564640045,1.82683141034004,1.79221782498203,1.81657544936127,1,1.4671893783130663
2015-12-18C,1.81657544936127,1.83195924642678,1.81144741512294,1.81721639633179,1,1.4671892421607433
2015-12-21A,1.81721639633179,1.83195924642678,1.81144741512294,1.81721622769764,1,1.5060037965319775
2015-12-21C,1.81721622769764,1.87170068857848,1.81144724702415,1.86529076099396,1,1.5096264638424928
2015-12-22A,1.86529076099396,1.87170068857848,1.81144724702415,1.8697776871757,1,1.505486177274784
2015-12-22C,1.8697776871757,1.87682856164167,1.86016271942688,1.86464965343475,1,1.5085915114158432
2015-12-23A,1.86464965343475,1.87682856164167,1.86016271942688,1.8684958263969,1,1.5148018801911172
2015-12-23C,1.8684958263969,1.89093065149261,1.86464983891481,1.87618780136108,1,1.5153194729134227
2015-12-24A,1.87618780136108,1.89093065149261,1.86464983891481,1.87682887605498,1,1.4987585706443944
2015-12-24C,1.87682887605498,1.87682887605498,1.83772835725057,1.85631704330444,1,1.498758355102082
2015-12-25A,1.85631704330444,1.87682887605498,1.83772835725057,1.85631677634025,1,1.500310947178277
2015-12-25C,1.85631677634025,1.86208575712632,1.85247094197427,1.85823976993561,1,1.5008284090199446
2015-12-28A,1.85823976993561,1.86208575712632,1.85247094197427,1.85888068252471,1,1.4677066125801
2015-12-28C,1.85888068252471,1.88452039078165,1.81401104025035,1.81785702705383,0,1.4677066125801
2015-12-29A,1.81785702705383,1.88452039078165,1.81401104025035,1.81978042395438,0,1.4677066125801
2015-12-29C,1.81978042395438,1.83965115641201,1.81272954846775,1.82619035243988,0,1.4677066125801
2015-12-30A,1.82619035243988,1.83965115641201,1.81272954846775,1.83260008323326,0,1.4677066125801
2015-12-30C,1.83260008323326,1.83260008323326,1.82042117457718,1.82683110237122,0,1.4677066125801
2015-12-31A,1.82683110237122,1.83260008323326,1.82042117457718,1.83644640091562,1,1.461559107355953
2015-12-31C,1.83644640091562,1.83708734796293,1.82042150213473,1.82875442504883,0,1.461559107355953
2016-01-04A,1.82875442504883,1.83708734796293,1.82042150213473,1.83067713346306,0,1.461559107355953
2016-01-04C,1.83067713346306,1.83388217384922,1.74093814219708,1.74734807014465,0,1.461559107355953
2016-01-05A,1.74734807014465,1.83388217384922,1.74093814219708,1.74350238357367,0,1.461559107355953
2016-01-05C,1.74350238357367,1.74350238357367,1.67299301116246,1.72170865535736,0,1.461559107355953
2016-01-06A,1.72170865535736,1.74350238357367,1.67299301116246,1.73709200806651,0,1.461559107355953
2016-01-06C,1.73709200806651,1.74927091598511,1.71786222584886,1.74927091598511,0,1.461559107355953
2016-01-07A,1.74927091598511,1.74927091598511,1.71786222584886,1.72170833143842,0,1.461559107355953
2016-01-07C,1.72170833143842,1.74222000885513,1.64286605080866,1.66337788105011,0,1.461559107355953
2016-01-08A,1.66337788105011,1.74222000885513,1.64286605080866,1.66658293399824,0,1.461559107355953
2016-01-08C,1.66658293399824,1.73645135314227,1.64094322006361,1.6864538192749,0,1.461559107355953
2016-01-11A,1.6864538192749,1.73645135314227,1.64094322006361,1.67940273836702,0,1.461559107355953
2016-01-11C,1.67940273836702,1.67940273836702,1.6204314898592,1.62620031833649,0,1.461559107355953
2016-01-12A,1.62620031833649,1.67940273836702,1.6204314898592,1.62812331021911,0,1.461559107355953
2016-01-12C,1.62812331021911,1.6460712010853,1.57812577797553,1.59671461582184,0,1.461559107355953
2016-01-13A,1.59671461582184,1.6460712010853,1.57812577797553,1.60376545120189,0,1.461559107355953
2016-01-13C,1.60376545120189,1.61273931914435,1.58325362205505,1.58325362205505,0,1.461559107355953
2016-01-14A,1.58325362205505,1.61273931914435,1.58325362205505,1.56915169513748,0,1.461559107355953
2016-01-14C,1.56915169513748,1.60248337875799,1.53966599852314,1.59991943836212,0,1.461559107355953
2016-01-15A,1.59991943836212,1.60248337875799,1.53966599852314,1.57684393961678,0,1.461559107355953
2016-01-15C,1.57684393961678,1.59607372512129,1.53710232177758,1.54864013195038,0,1.461559107355953
2016-01-18A,1.54864013195038,1.59607372512129,1.53710232177758,1.54479410337148,0,1.461559107355953
2016-01-18C,1.54479410337148,1.55184497799144,1.52235928001748,1.54223001003265,0,1.461559107355953
2016-01-19A,1.54223001003265,1.55184497799144,1.52235928001748,1.54607640003925,0,1.461559107355953
2016-01-19C,1.54607640003925,1.58838196443095,1.53838457649289,1.58774101734161,0,1.461559107355953
2016-01-20A,1.58774101734161,1.58838196443095,1.53838457649289,1.5949369763572,0,1.461559107355953
2016-01-20C,1.5949369763572,1.5949369763572,1.54848894316144,1.56157290935516,0,1.461559107355953
2016-01-21A,1.56157290935516,1.5949369763572,1.54848894316144,1.55372258441263,0,1.461559107355953
2016-01-21C,1.55372258441263,1.57073177294173,1.52101266646174,1.52886295318604,0,1.461559107355953
2016-01-22A,1.52886295318604,1.57073177294173,1.52101266646174,1.52755444780315,0,1.461559107355953
2016-01-22C,1.52755444780315,1.54063841325118,1.51577878531601,1.53736734390259,0,1.461559107355953
2016-01-25A,1.53736734390259,1.54063841325118,1.51577878531601,1.5406383625689,0,1.461559107355953
2016-01-25C,1.5406383625689,1.55110556577762,1.53671314186898,1.54652619361877,0,1.461559107355953
2016-01-26A,1.54652619361877,1.55110556577762,1.53671314186898,1.5465260604173,0,1.461559107355953
2016-01-26C,1.5465260604173,1.5465260604173,1.43923743173506,1.45886337757111,0,1.461559107355953
2016-01-27A,1.45886337757111,1.5465260604173,1.43923743173506,1.45559245666071,0,1.461559107355953
2016-01-27C,1.45559245666071,1.46409704965198,1.40652766506677,1.44316279888153,0,1.461559107355953
2016-01-28A,1.44316279888153,1.46409704965198,1.40652766506677,1.44250850493105,0,1.461559107355953
2016-01-28C,1.44250850493105,1.45035894652663,1.4169947257186,1.42288255691528,0,1.461559107355953
2016-01-29A,1.42288255691528,1.45035894652663,1.4169947257186,1.4241911057355,0,1.461559107355953
2016-01-29C,1.4241911057355,1.45886363168258,1.41961173317341,1.45232164859772,0,1.461559107355953
2016-02-01A,1.45232164859772,1.45886363168258,1.41961173317341,1.45297567352171,0,1.461559107355953
2016-02-01C,1.45297567352171,1.45690089422528,1.41895730205506,1.42811620235443,0,1.461559107355953
2016-02-02A,1.42811620235443,1.45690089422528,1.41895730205506,1.4274619208072,0,1.461559107355953
2016-02-02C,1.4274619208072,1.45690092064459,1.4274619208072,1.45362985134125,0,1.461559107355953
2016-02-03A,1.45362985134125,1.45690092064459,1.4274619208072,1.44447117210148,0,1.461559107355953
2016-02-03C,1.44447117210148,1.4490505445545,1.4313872062434,1.44643378257751,0,1.461559107355953
2016-02-04A,1.44643378257751,1.4490505445545,1.4313872062434,1.45035888635515,0,1.461559107355953
2016-02-04C,1.45035888635515,1.46475131002555,1.45035888635515,1.4601719379425,1,1.4726910271725226
2016-02-05A,1.4601719379425,1.46475131002555,1.45035888635515,1.47129329242606,1,1.461559107355953
2016-02-05C,1.47129329242606,1.47129329242606,1.45362979956883,1.4601719379425,1,1.4406047935518715
2016-02-15A,1.4601719379425,1.47129329242606,1.45362979956883,1.43923751193019,0,1.4406047935518715
2016-02-15C,1.43923751193019,1.45690084856952,1.43138707076908,1.44774210453033,1,1.4510205061579275
2016-02-16A,1.44774210453033,1.45690084856952,1.43138707076908,1.45820942058812,1,1.4764083488149198
2016-02-16C,1.45820942058812,1.48437735185843,1.45820942058812,1.48372304439545,1,1.4738044208387444
2016-02-17A,1.48372304439545,1.48437735185843,1.45820942058812,1.48110621555721,1,1.4894278989424883
2016-02-17C,1.48110621555721,1.49811540130918,1.47848945374302,1.49680709838867,1,1.4972396031246082
2016-02-18A,1.49680709838867,1.49811540130918,1.47848945374302,1.50465750476189,1,1.4920318801409598
2016-02-18C,1.50465750476189,1.50989118478407,1.49811552171405,1.49942398071289,1,1.4920318302688456
2016-02-19A,1.49942398071289,1.50989118478407,1.49811552171405,1.49942393059369,1,1.4926827568189898
2016-02-19C,1.49942393059369,1.50400330297679,1.49157348880942,1.50007808208466,1,1.497239708802231
2016-02-22A,1.50007808208466,1.50400330297679,1.49157348880942,1.50465761096308,1,1.5200238476733725
2016-02-22C,1.50465761096308,1.53082554500141,1.50465761096308,1.52755463123322,1,1.5219767827080914
2016-02-23A,1.52755463123322,1.53082554500141,1.50465761096308,1.52951724186025,1,1.5063533022461808
2016-02-23C,1.52951724186025,1.52951724186025,1.50465761094029,1.51381635665894,1,1.5070044178532545
2016-02-24A,1.51381635665894,1.52951724186025,1.50465761094029,1.5144706981435,1,1.5122121413211436
2016-02-24C,1.5144706981435,1.52624620633529,1.50531195221953,1.51970422267914,1,1.5089571531153836
2016-02-25A,1.51970422267914,1.52624620633529,1.50531195221953,1.51643310800819,1,1.4523223530802138
2016-02-25C,1.51643310800819,1.51904986992946,1.4320413272552,1.45951771736145,0,1.4523223530802138
2016-02-26A,1.45951771736145,1.51904986992946,1.4320413272552,1.46148034445426,0,1.4523223530802138
2016-02-26C,1.46148034445426,1.47194754823181,1.4248452092194,1.45559251308441,0,1.4523223530802138
2016-02-29A,1.45559251308441,1.47194754823181,1.4248452092194,1.45559245471522,0,1.4523223530802138
2016-02-29C,1.45559245471522,1.45559245471522,1.4052192042772,1.42942452430725,0,1.4523223530802138
2016-03-01A,1.42942452430725,1.45559245471522,1.4052192042772,1.43989167962842,0,1.4523223530802138
2016-03-01C,1.43989167962842,1.45232149294948,1.42746186630736,1.4438169002533,0,1.4523223530802138
2016-03-02A,1.4438169002533,1.45232149294948,1.42746186630736,1.4510130369791,0,1.4523223530802138
2016-03-02C,1.4510130369791,1.51316194773527,1.4510130369791,1.51250779628754,1,1.4630012170413482
2016-03-03A,1.51250779628754,1.51316194773527,1.4510130369791,1.52362920123077,1,1.4516942795947523
2016-03-03C,1.52362920123077,1.52362920123077,1.50923677709184,1.51185369491577,1,1.4567195910477422
2016-03-04A,1.51185369491577,1.52362920123077,1.50923677709184,1.51708725944454,1,1.469911043384896
2016-03-04C,1.51708725944454,1.5439093420897,1.49811546256293,1.53082537651062,1,1.4818461057455403
2016-03-07A,1.53082537651062,1.5439093420897,1.49811546256293,1.54325503775722,1,1.4774489554019914
2016-03-07C,1.54325503775722,1.55045117132105,1.53213368371379,1.53867566585541,1,1.4768210788680745
2016-03-08A,1.53867566585541,1.55045117132105,1.53213368371379,1.53802176959702,1,1.4736801710920464
2016-03-08C,1.53802176959702,1.53867592112776,1.50465754595832,1.53475069999695,1,1.4730519624292076
2016-03-09A,1.53475069999695,1.53867592112776,1.50465754595832,1.53409645784594,1,1.4560914807873546
2016-03-09C,1.53409645784594,1.53409645784594,1.50465745707703,1.51643311977386,1,1.4623730628693636
2016-03-10A,1.51643311977386,1.53409645784594,1.50465745707703,1.52297501582876,1,1.4485533398387993
2016-03-10C,1.52297501582876,1.53671313221903,1.50661998167286,1.5085825920105,0,1.4485533398387993
2016-03-11A,1.5085825920105,1.53671313221903,1.50661998167286,1.50792830380367,0,1.4485533398387993
2016-03-11C,1.50792830380367,1.51447028567811,1.49419003268614,1.50989091396332,0,1.4485533398387993
2016-03-14A,1.50989091396332,1.51447028567811,1.49419003268614,1.51119949312036,1,1.460467881613598
2016-03-14C,1.51119949312036,1.54063849492568,1.51054534160523,1.52362930774689,1,1.4610949155467854
2016-03-15A,1.52362930774689,1.54063849492568,1.51054534160523,1.52428345926202,1,1.460467881613598
2016-03-15C,1.52428345926202,1.52690037726889,1.50727427208322,1.52362930774689,1,1.4604676222841213
2016-03-16A,1.52362930774689,1.52690037726889,1.50727427208322,1.52362903720209,1,1.4679926261756817
2016-03-16C,1.52362903720209,1.54521759309975,1.52362903720209,1.53147947788239,1,1.4692467333959822
2016-03-17A,1.53147947788239,1.54521759309975,1.52362903720209,1.53278782196853,1,1.4836695582384019
2016-03-17C,1.53278782196853,1.5589557503102,1.53147951913534,1.5478343963623,1,1.4924490440187288
2016-03-18A,1.5478343963623,1.5589557503102,1.53147951913534,1.55699357200064,1,1.504990620060289
2016-03-18C,1.55699357200064,1.57334845212612,1.5497972812501,1.5700775384903,1,1.5087528306446598
2016-03-21A,1.5700775384903,1.57334845212612,1.5497972812501,1.57400245486842,1,1.5200403377194827
2016-03-21C,1.57400245486842,1.59101164089173,1.57400245486842,1.58577811717987,1,1.520040353568427
2016-03-22A,1.58577811717987,1.59101164089173,1.57400245486842,1.58577813371424,1,1.5162778511709225
2016-03-22C,1.58577813371424,1.58577813371424,1.5766193891364,1.58185291290283,1,1.5150237150115706
2016-03-23A,1.58185291290283,1.58577813371424,1.5766193891364,1.5805445386261,1,1.5106341784818464
2016-03-23C,1.5805445386261,1.58708667764429,1.56353550748764,1.57596516609192,1,1.5049905042242737
2016-03-24A,1.57596516609192,1.58708667764429,1.56353550748764,1.57007741764468,1,1.4918217457390568
2016-03-24C,1.57007741764468,1.57269417954657,1.55568499322455,1.55633914470673,0,1.4918217457390568
2016-03-25A,1.55633914470673,1.57269417954657,1.55568499322455,1.55633919596554,0,1.4918217457390568
2016-03-25C,1.55633919596554,1.56942316187908,1.55372243397747,1.55830180644989,0,1.4918217457390568
2016-03-28A,1.55830180644989,1.56942316187908,1.55372243397747,1.55895590782166,0,1.4918217457390568
2016-03-28C,1.55895590782166,1.58708660520164,1.54521779084618,1.55895590782166,0,1.4918217457390568
2016-03-29A,1.55895590782166,1.58708660520164,1.54521779084618,1.55045111623785,0,1.4918217457390568
2016-03-29C,1.55045111623785,1.5556847953491,1.52951686771231,1.53147947788239,0,1.4918217457390568
2016-03-30A,1.53147947788239,1.5556847953491,1.52951686771231,1.53409643736036,0,1.4918217457390568
2016-03-30C,1.53409643736036,1.57400248536266,1.53409643736036,1.57269418239594,1,1.4967861467769974
2016-03-31A,1.57269418239594,1.57400248536266,1.53409643736036,1.57792770620919,1,1.4918217457390566
2016-03-31C,1.57792770620919,1.58250707853908,1.56353543773615,1.57269418239594,1,1.4924420341487346
2016-04-01A,1.57269418239594,1.58250707853908,1.56353543773615,1.57334809696455,1,1.494303721245774
2016-04-01C,1.57334809696455,1.57531070709228,1.55764737191582,1.57531070709228,1,1.4943040480838508
2016-04-05A,1.57531070709228,1.57531070709228,1.55764737191582,1.57531105164842,1,1.5185058376863327
2016-04-05C,1.57531105164842,1.6014789844442,1.56942321997742,1.60082483291626,1,1.5079562286132828
2016-04-06A,1.60082483291626,1.6014789844442,1.56942321997742,1.58970332402076,1,1.5129206295115547
2016-04-06C,1.58970332402076,1.60147883025586,1.58970332402076,1.59493684768677,1,1.5129206585430521
2016-04-07A,1.59493684768677,1.60147883025586,1.58970332402076,1.59493687829208,1,1.5005095081066437
2016-04-07C,1.59493687829208,1.60213301246422,1.58185291290283,1.58185291290283,1,1.4943040129209977
2016-04-08A,1.58185291290283,1.60213301246422,1.58185291290283,1.57531101457937,0,1.4943040129209977
2016-04-08C,1.57531101457937,1.57661947357764,1.56876903153437,1.57596516609192,0,1.4943040129209977
2016-04-11A,1.57596516609192,1.57661947357764,1.56876903153437,1.57531064549712,0,1.4943040129209977
2016-04-11C,1.57531064549712,1.60017026882764,1.57531064549712,1.59362828731537,1,1.494304444794347
2016-04-12A,1.59362828731537,1.60017026882764,1.57531064549712,1.59362874789473,1,1.4875566689847461
2016-04-12C,1.59362874789473,1.59362874789473,1.58185308418544,1.58643245697022,1,1.4912369513611288
2016-04-13A,1.58643245697022,1.59362874789473,1.58185308418544,1.59035736251126,1,1.5133202711001417
2016-04-13C,1.59035736251126,1.62372158042474,1.57007726477967,1.61390852928162,1,1.5157738772916087
2016-04-14A,1.61390852928162,1.62372158042474,1.57007726477967,1.61652522320658,1,1.5151604964571042
2016-04-14C,1.61652522320658,1.62241305364579,1.60605802108347,1.61587107181549,1,1.5206817161268347
2016-04-15A,1.61587107181549,1.62241305364579,1.60605802108347,1.62175927914819,1,1.5139339403712158
2016-04-15C,1.62175927914819,1.62175927914819,1.6086753124469,1.61456298828125,1,1.5120936170963013
2016-04-18A,1.61456298828125,1.62175927914819,1.6086753124469,1.61260034132096,1,1.5035056986031627
2016-04-18C,1.61260034132096,1.61260034132096,1.59297439171152,1.60344159603119,1,1.5047325408804157
2016-04-19A,1.60344159603119,1.61260034132096,1.59297439171152,1.60474998477953,1,1.5004385818219017
2016-04-19C,1.60474998477953,1.61129196769617,1.59166601894626,1.6001706123352,0,1.5004385818219017
2016-04-20A,1.6001706123352,1.61129196769617,1.59166601894626,1.60278740575766,0,1.5004385818219017
2016-04-20C,1.60278740575766,1.70157145891844,1.54456370986517,1.57596516609192,0,1.5004385818219017
2016-04-21A,1.57596516609192,1.70157145891844,1.54456370986517,1.57531109889277,0,1.5004385818219017
2016-04-21C,1.57531109889277,1.59101182784648,1.55895606241832,1.58119893074036,0,1.5004385818219017
2016-04-22A,1.58119893074036,1.59101182784648,1.55895606241832,1.58054447174072,0,1.5004385818219017
2016-04-22C,1.58054447174072,1.58054447174072,1.56418959280691,1.58054447174072,0,1.5004385818219017
2016-04-25A,1.58054447174072,1.58054447174072,1.56418959280691,1.58054458690347,0,1.5004385818219017
2016-04-25C,1.58054458690347,1.58054458690347,1.56026448563646,1.5700775384903,0,1.5004385818219017
2016-04-26A,1.5700775384903,1.58054458690347,1.56026448563646,1.57596509819952,0,1.5004385818219017
2016-04-26C,1.57596509819952,1.58316138842024,1.57007742289389,1.57792770862579,0,1.5004385818219017
2016-04-27A,1.57792770862579,1.58316138842024,1.57007742289389,1.58708661048206,0,1.5004385818219017
2016-04-27C,1.58708661048206,1.58708661048206,1.57792770982809,1.58054447174072,0,1.5004385818219017
2016-04-28A,1.58054447174072,1.58708661048206,1.57792770982809,1.58316148906131,0,1.5004385818219017
2016-04-28C,1.58316148906131,1.58904916474123,1.56353553952417,1.57661950588226,0,1.5004385818219017
2016-04-29A,1.57661950588226,1.58904916474123,1.56353553952417,1.57727333483732,0,1.5004385818219017
2016-04-29C,1.57727333483732,1.57727333483732,1.57007720160401,1.57400226593018,0,1.5004385818219017
2016-05-03A,1.57400226593018,1.57727333483732,1.57007720160401,1.58185289891289,0,1.5004385818219017
2016-05-03C,1.58185289891289,1.59297425379808,1.566806323251,1.59101164340973,1,1.5004385794472466
2016-05-04A,1.59101164340973,1.59297425379808,1.566806323251,1.59101164089173,1,1.4955029896112566
2016-05-04C,1.59101164089173,1.59101164089173,1.57727352416822,1.58577811717987,0,1.4955029896112566
2016-05-05A,1.58577811717987,1.59101164089173,1.57727352416822,1.58512381112501,0,1.4955029896112566
2016-05-05C,1.58512381112501,1.58512381112501,1.57269399855505,1.57989013195038,0,1.4955029896112566
2016-05-06A,1.57989013195038,1.58512381112501,1.57269399855505,1.57989060604806,0,1.4955029896112566
2016-05-06C,1.57989060604806,1.58185321683085,1.54456392390426,1.55306851863861,0,1.4955029896112566
2016-05-09A,1.55306851863861,1.58185321683085,1.54456392390426,1.55633909791975,0,1.4955029896112566
2016-05-09C,1.55633909791975,1.55633909791975,1.49876955794304,1.50727415084839,0,1.4955029896112566
2016-05-10A,1.50727415084839,1.55633909791975,1.49876955794304,1.50596601514849,0,1.4955029896112566
2016-05-10C,1.50596601514849,1.52428350591821,1.49811557283393,1.50138664245605,0,1.4955029896112566
2016-05-11A,1.50138664245605,1.52428350591821,1.49811557283393,1.5059658453332,0,1.4955029896112566
2016-05-11C,1.5059658453332,1.50989106604786,1.49680710098109,1.50204062461853,0,1.4955029896112566
2016-05-12A,1.50204062461853,1.50989106604786,1.49680710098109,1.50204065943028,0,1.4955029896112566
2016-05-12C,1.50204065943028,1.51577877627684,1.487648235134,1.50792849063873,0,1.4955029896112566
2016-05-13A,1.50792849063873,1.51577877627684,1.487648235134,1.5026947609976,0,1.4955029896112566
2016-05-13C,1.5026947609976,1.51512457447822,1.5026947609976,1.5085825920105,0,1.4955029896112566
2016-05-16A,1.5085825920105,1.51512457447822,1.5026947609976,1.50596581523342,0,1.4955029896112566
2016-05-16C,1.50596581523342,1.51512455940247,1.50269474604552,1.51512455940247,0,1.4955029896112566
2016-05-17A,1.51512455940247,1.51512455940247,1.50269474604552,1.51577881230859,0,1.4955029896112566
2016-05-17C,1.51577881230859,1.52035818469963,1.51054528842545,1.51643311977386,0,1.4955029896112566
2016-05-18A,1.51643311977386,1.52035818469963,1.51054528842545,1.51577886254288,0,1.4955029896112566
2016-05-18C,1.51577886254288,1.51577886254288,1.48961093031359,1.50465750694275,0,1.4955029896112566
2016-05-19A,1.50465750694275,1.51577886254288,1.48961093031359,1.50269489425022,0,1.4955029896112566
2016-05-19C,1.50269489425022,1.50989118478407,1.49419030069071,1.49942398071289,0,1.4955029896112566
2016-05-20A,1.49942398071289,1.50989118478407,1.49419030069071,1.49811542160678,0,1.4955029896112566
2016-05-20C,1.49811542160678,1.50400325274835,1.49615281122625,1.50073218345642,0,1.4955029896112566
2016-05-23A,1.50073218345642,1.50400325274835,1.49615281122625,1.50858264211528,0,1.4955029896112566
2016-05-23C,1.50858264211528,1.51774138667966,1.50465742130965,1.50792849063873,0,1.4955029896112566
2016-05-24A,1.50792849063873,1.51774138667966,1.50465742130965,1.50923669055384,1,1.490317090048888
2016-05-24C,1.50923669055384,1.50923669055384,1.49811533634592,1.5040031671524,0,1.490317090048888
2016-05-25A,1.5040031671524,1.50923669055384,1.49811533634592,1.50923670830562,1,1.483857117273468
2016-05-25C,1.50923670830562,1.51119931859753,1.5026947259903,1.5026947259903,0,1.483857117273468
2016-05-26A,1.5026947259903,1.51119931859753,1.5026947259903,1.5072740980137,1,1.4793488902837522
2016-05-26C,1.5072740980137,1.5072740980137,1.4928818305039,1.5026947259903,0,1.4793488902837522
2016-05-27A,1.5026947259903,1.5072740980137,1.4928818305039,1.50269511652907,0,1.4793488902837522
2016-05-27C,1.50269511652907,1.51054555973699,1.44970509279523,1.50596618652344,1,1.4761353186678154
2016-05-30A,1.50596618652344,1.51054555973699,1.44970509279523,1.50269479447836,0,1.4761353186678154
2016-05-30C,1.50269479447836,1.51774137008669,1.49876957371564,1.51185369491577,1,1.4761353294842186
2016-05-31A,1.51185369491577,1.51774137008669,1.49876957371564,1.5118537059939,1,1.5182923630794871
2016-05-31C,1.5118537059939,1.55699343314965,1.5118537059939,1.55503082275391,1,1.5221247122854922
2016-06-01A,1.55503082275391,1.55699343314965,1.5118537059939,1.55895590417025,1,1.5144598939154337
2016-06-01C,1.55895590417025,1.55895590417025,1.5347505836626,1.55110561847687,1,1.5182923792445668
2016-06-02A,1.55110561847687,1.55895590417025,1.5347505836626,1.55503083931014,1,1.5144598939154335
2016-06-02C,1.55503083931014,1.55503083931014,1.54521778722695,1.55110561847687,1,1.514460011298685
2016-06-03A,1.55110561847687,1.55503083931014,1.54521778722695,1.55110573870047,1,1.5170149509534059
2016-06-03C,1.55110573870047,1.5563392629017,1.54718051756296,1.55372250080109,1,1.520847154225809
2016-06-06A,1.55372250080109,1.5563392629017,1.54718051756296,1.55764743275264,1,1.5176533660341798
2016-06-06C,1.55764743275264,1.55764743275264,1.55175960213947,1.55437636375427,1,1.520847154225809
2016-06-07A,1.55437636375427,1.55764743275264,1.55175960213947,1.55764743275264,1,1.5176533660341798
2016-06-07C,1.55764743275264,1.55830158416305,1.5504511433455,1.55437636375427,1,1.52084726703005
2016-06-08A,1.55437636375427,1.55830158416305,1.5504511433455,1.55764754828643,1,1.5099886604918829
2016-06-08C,1.55764754828643,1.55764754828643,1.54521773472775,1.54652619361877,1,1.5099886346388347
2016-06-13A,1.54652619361877,1.55764754828643,1.54521773472775,1.54652616714015,1,1.4767739665344086
2016-06-13C,1.54652616714015,1.54652616714015,1.51119933741891,1.51250779628754,0,1.4767739665344086
2016-06-14A,1.51250779628754,1.54652616714015,1.51119933741891,1.51381620185912,0,1.4767739665344086
2016-06-14C,1.51381620185912,1.52166664365701,1.50465745707703,1.51643311977386,0,1.4767739665344086
2016-06-15A,1.51643311977386,1.52166664365701,1.50465745707703,1.51577866355048,0,1.4767739665344086
2016-06-15C,1.51577866355048,1.53082523820431,1.51119929160885,1.52951693534851,0,1.4767739665344086
2016-06-16A,1.52951693534851,1.53082523820431,1.51119929160885,1.52951725720671,0,1.4767739665344086
2016-06-16C,1.52951725720671,1.53017140877227,1.51774159318757,1.51839590072632,0,1.4767739665344086
2016-06-17A,1.51839590072632,1.53017140877227,1.51774159318757,1.5183955797862,0,1.4767739665344086
2016-06-17C,1.5183955797862,1.53409630585323,1.5183955797862,1.52690017223358,0,1.4767739665344086
2016-06-20A,1.52690017223358,1.53409630585323,1.5183955797862,1.53344229440497,1,1.4742537567860308
2016-06-20C,1.53344229440497,1.53605905632616,1.52428339372108,1.53082537651062,1,1.474883884327725
2016-06-21A,1.53082537651062,1.53605905632616,1.52428339372108,1.5314796839708,1,1.4742537567860308
2016-06-21C,1.5314796839708,1.54129258016852,1.53017122502362,1.53082537651062,1,1.4805540504634551
2016-06-22A,1.53082537651062,1.54129258016852,1.53017122502362,1.53736743170056,1,1.4931544989620142
2016-06-22C,1.53736743170056,1.55633922947563,1.53017129708513,1.55045139789581,1,1.4893743811079636
2016-06-23A,1.55045139789581,1.55633922947563,1.53017129708513,1.54652622537341,1,1.4792939929676003
2016-06-23C,1.54652622537341,1.54652622537341,1.53540471450424,1.53605902194977,1,1.4805539458124737
2016-06-24A,1.53605902194977,1.54652622537341,1.53540471450424,1.5373673230338,1,1.466063416042454
2016-06-24C,1.5373673230338,1.54129254380956,1.51316200288082,1.52232074737549,0,1.466063416042454
2016-06-27A,1.52232074737549,1.54129254380956,1.51316200288082,1.51643307402037,0,1.466063416042454
2016-06-27C,1.51643307402037,1.53736732489449,1.4981154290357,1.53605902194977,1,1.4629414026232561
2016-06-28A,1.53605902194977,1.53736732489449,1.4981154290357,1.53278795138984,1,1.4635658943870824
2016-06-28C,1.53278795138984,1.53540471325032,1.52362920689157,1.53344225883484,1,1.4673123141150455
2016-06-29A,1.53344225883484,1.53540471325032,1.52362920689157,1.53736754730475,1,1.4723075046236944
2016-06-29C,1.53736754730475,1.54390953089431,1.53736754730475,1.54260122776032,1,1.4735558517993808
2016-06-30A,1.54260122776032,1.54390953089431,1.53736754730475,1.54390917591642,1,1.4773022066030537
2016-06-30C,1.54390917591642,1.55568483725407,1.54260087308323,1.5478343963623,1,1.4797999387935918
2016-07-01A,1.5478343963623,1.55568483725407,1.54260087308323,1.55045138006417,1,1.4810487735289222
2016-07-01C,1.55045138006417,1.55764767057002,1.54783461804985,1.55175983905792,1,1.4829218274783882
2016-07-04A,1.55175983905792,1.55764767057002,1.54783461804985,1.55372231993439,1,1.5053998087787572
2016-07-04C,1.55372231993439,1.58316131906562,1.5517597095941,1.57727348804474,1,1.5053998432561515
2016-07-05A,1.57727348804474,1.58316131906562,1.5517597095941,1.57727352416822,1,1.5135168963801153
2016-07-05C,1.57727352416822,1.5883948790358,1.57661937269752,1.58577811717987,1,1.5122680944869036
2016-07-06A,1.58577811717987,1.5883948790358,1.57661937269752,1.58446969259625,1,1.5085217392922479
2016-07-06C,1.58446969259625,1.58446969259625,1.57531094791546,1.58054447174072,1,1.5091462141049854
2016-07-07A,1.58054447174072,1.58446969259625,1.57531094791546,1.58119876142532,1,1.5097705570084958
2016-07-07C,1.58119876142532,1.58316137183103,1.57596508168572,1.58185291290283,1,1.5060239885533124
2016-07-08A,1.58185291290283,1.58316137183103,1.57596508168572,1.57792746860488,1,1.5035264684272556
2016-07-08C,1.57792746860488,1.58185268886035,1.57465655570742,1.57531070709228,1,1.5035266813761707
2016-07-11A,1.57531070709228,1.58185268886035,1.57465655570742,1.57531093020821,1,1.5097705570084958
2016-07-11C,1.57531093020821,1.58970335452565,1.57531093020821,1.58185291290283,1,1.5141412629124817
2016-07-12A,1.58185291290283,1.58970335452565,1.57531093020821,1.58643229341437,1,1.5459851330084329
2016-07-12C,1.58643229341437,1.62110481747291,1.57531093837318,1.61979651451111,1,1.545985185168755
2016-07-13A,1.61979651451111,1.62110481747291,1.57531093837318,1.61979656916177,1,1.5553509245489145
2016-07-13C,1.61979656916177,1.6400766695125,1.61979656916177,1.62960946559906,1,1.555350808241515
2016-07-14A,1.62960946559906,1.6400766695125,1.61979656916177,1.62960934373869,1,1.550355767461047
2016-07-14C,1.62960934373869,1.63222610552808,1.6211047509433,1.62437582015991,1,1.5497314747486275
2016-07-15A,1.62437582015991,1.63222610552808,1.6211047509433,1.62372172126981,1,1.5547265156907955
2016-07-15C,1.62372172126981,1.63549722768984,1.62372172126981,1.62895524501801,1,1.5541023192150407
2016-07-18A,1.62895524501801,1.63549722768984,1.62372172126981,1.62830124695929,1,1.5603461954139068
2016-07-18C,1.62830124695929,1.63745999236814,1.62503017732859,1.6348432302475,1,1.560346130585117
2016-07-19A,1.6348432302475,1.63745999236814,1.62503017732859,1.63484316232353,1,1.551604585177295
2016-07-19C,1.63484316232353,1.63484316232353,1.61979658578848,1.62568426132202,1,1.55160450226882
2016-07-20A,1.62568426132202,1.63484316232353,1.61979658578848,1.62568417445517,1,1.5522289940354237
2016-07-20C,1.62568417445517,1.63091785417255,1.62241326110834,1.62633848190308,1,1.5522289164025986
2016-07-21A,1.62633848190308,1.63091785417255,1.62241326110834,1.62633840056376,1,1.5628434895150287
2016-07-21C,1.62633840056376,1.64073066812709,1.62633840056376,1.63745975494385,1,1.5622192247778706
2016-07-22A,1.63745975494385,1.64073066812709,1.62633840056376,1.63680568536466,1,1.5522289940354237
2016-07-22C,1.63680568536466,1.63745983683939,1.6217591096336,1.62633848190308,1,1.5565997592702814
2016-07-25A,1.62633848190308,1.63745983683939,1.6217591096336,1.63091792457818,1,1.5553509245489143
2016-07-25C,1.63091792457818,1.63222622758413,1.61979656916177,1.62960946559906,1,1.5547262476155945
2016-07-26A,1.62960946559906,1.63222622758413,1.61979656916177,1.62895496414385,1,1.5734578712175087
2016-07-26C,1.62895496414385,1.64858090877533,1.62830081278142,1.64858090877533,1,1.5759557803481827
2016-07-27A,1.64858090877533,1.64858090877533,1.62830081278142,1.65119807786515,1,1.5597216727786531
2016-07-27C,1.65119807786515,1.65839436852126,1.61587140000127,1.63418889045715,0,1.5597216727786531
2016-07-28A,1.63418889045715,1.65839436852126,1.61587140000127,1.6289554343789,0,1.5597216727786531
2016-07-28C,1.6289554343789,1.65381506500561,1.62372191002232,1.64596462249756,1,1.5615814815554612
2016-07-29A,1.64596462249756,1.65381506500561,1.62372191002232,1.64792726718261,1,1.565301034638927
2016-07-29C,1.64792726718261,1.65839447208528,1.64531050495024,1.65185248851776,1,1.568400367613366
2016-08-01A,1.65185248851776,1.65839447208528,1.64531050495024,1.65512319541265,1,1.5553820812493415
2016-08-01C,1.65512319541265,1.65512319541265,1.63026372335296,1.64138507843018,0,1.5553820812493415
2016-08-02A,1.64138507843018,1.65512319541265,1.63026372335296,1.64727289230503,1,1.5510581624293052
2016-08-02C,1.64727289230503,1.64727289230503,1.6309180120414,1.64269351959228,0,1.5510581624293052
2016-08-03A,1.64269351959228,1.64727289230503,1.6309180120414,1.64269346837527,0,1.5510581624293052
2016-08-03C,1.64269346837527,1.64465607890143,1.63484318224384,1.64073085784912,0,1.5510581624293052
2016-08-04A,1.64073085784912,1.64465607890143,1.63484318224384,1.64138516533996,0,1.5510581624293052
2016-08-04C,1.64138516533996,1.64465607890143,1.6354973337615,1.64073085784912,0,1.5510581624293052
2016-08-05A,1.64073085784912,1.64465607890143,1.6354973337615,1.64073046853348,0,1.5510581624293052
2016-08-05C,1.64073046853348,1.65119767019823,1.64073046853348,1.64858090877533,1,1.551058579260701
2016-08-08A,1.64858090877533,1.65119767019823,1.64073046853348,1.64858135181499,1,1.5584446242059433
2016-08-08C,1.64858135181499,1.65643179416656,1.63876845484871,1.65643179416656,1,1.5584444376840716
2016-08-09A,1.65643179416656,1.65643179416656,1.63876845484871,1.65643159591713,1,1.5738318338163715
2016-08-09C,1.65643159591713,1.67344078166102,1.65643159591713,1.67278647422791,1,1.5738318976985604
2016-08-10A,1.67278647422791,1.67344078166102,1.65643159591713,1.67278654212669,1,1.5719853866082993
2016-08-10C,1.67278654212669,1.68652481515533,1.66820716977487,1.67082393169403,1,1.57260069541829
2016-08-11A,1.67082393169403,1.68652481515533,1.66820716977487,1.67147792803132,1,1.5664457085119123
2016-08-11C,1.67147792803132,1.68848711129959,1.66493594646454,1.66493594646454,1,1.5664461302952168
2016-08-12A,1.66493594646454,1.68848711129959,1.66493594646454,1.66493639476746,1,1.5990675843573798
2016-08-12C,1.66493639476746,1.70353414319631,1.66493639476746,1.6996089220047,1,1.6021446337409366
2016-08-15A,1.6996089220047,1.70353414319631,1.66493639476746,1.70287944079759,1,1.6353816816746045
2016-08-15C,1.70287944079759,1.75259853375774,1.70287944079759,1.73820626735687,1,1.6372284799532244
2016-08-16A,1.73820626735687,1.75259853375774,1.70287944079759,1.74016918303485,1,1.6206098796952821
2016-08-16C,1.74016918303485,1.74998207948809,1.71923477517394,1.7225056886673,1,1.6218410635139169
2016-08-17A,1.7225056886673,1.74998207948809,1.71923477517394,1.72381428314026,1,1.6273805973686446
2016-08-17C,1.72381428314026,1.73689825008844,1.71923491030572,1.7297021150589,1,1.6273805642560484
2016-08-18A,1.7297021150589,1.73689825008844,1.71923491030572,1.72970207986435,1,1.619379064433099
2016-08-18C,1.72970207986435,1.73689821474747,1.7198890268663,1.72119748592377,1,1.6193787142862257
2016-08-19A,1.72119748592377,1.73689821474747,1.7198890268663,1.72119711376142,1,1.625533701530997
2016-08-19C,1.72119711376142,1.73035585726382,1.71400082446112,1.72773909568787,1,1.6267646413383834
2016-08-22A,1.72773909568787,1.73035585726382,1.71400082446112,1.72904743080738,1,1.6181476883839345
2016-08-22C,1.72904743080738,1.72970173819346,1.71400085649799,1.71988868713379,1,1.6181476398456764
2016-08-23A,1.71988868713379,1.72970173819346,1.71400085649799,1.71988863554369,1,1.6163011290184661
2016-08-23C,1.71988863554369,1.72381385584981,1.71269250229789,1.71792602539062,1,1.620609780598943
2016-08-24A,1.71792602539062,1.72381385584981,1.71269250229789,1.72250558334028,1,1.6119928269712447
2016-08-24C,1.72250558334028,1.7257766526068,1.70942161822056,1.71334683895111,0,1.6119928269712447
2016-08-25A,1.71334683895111,1.7257766526068,1.70942161822056,1.71203837994771,0,1.6119928269712447
2016-08-25C,1.71203837994771,1.71334668275652,1.69437488827051,1.70484209060669,0,1.6119928269712447
2016-08-26A,1.70484209060669,1.71334668275652,1.69437488827051,1.70615073660936,0,1.6119928269712447
2016-08-26C,1.70615073660936,1.71334687076688,1.69830029500248,1.7028796672821,0,1.6119928269712447
2016-08-29A,1.7028796672821,1.71334687076688,1.69830029500248,1.70287975083614,0,1.6119928269712447
2016-08-29C,1.70287975083614,1.70680497183217,1.69568361632553,1.70549666881561,0,1.6119928269712447
2016-08-30A,1.70549666881561,1.70680497183217,1.69568361632553,1.70484219074881,0,1.6119928269712447
2016-08-30C,1.70484219074881,1.7133467833982,1.70091697014553,1.70353388786316,0,1.6119928269712447
2016-08-31A,1.70353388786316,1.7133467833982,1.70091697014553,1.70418819428709,0,1.6119928269712447
2016-08-31C,1.70418819428709,1.71661800867014,1.70222558380697,1.71203863620758,0,1.6119928269712447
2016-09-01A,1.71203863620758,1.71661800867014,1.70222558380697,1.71530965178372,1,1.5996969360288065
2016-09-01C,1.71530965178372,1.71530965178372,1.70157153357838,1.70222568511963,0,1.5996969360288065
2016-09-02A,1.70222568511963,1.71530965178372,1.70157153357838,1.70353383925589,0,1.5996969360288065
2016-09-02C,1.70353383925589,1.70942151401965,1.69502924684917,1.70680475234985,0,1.5996969360288065
2016-09-05A,1.70680475234985,1.70942151401965,1.69502924684917,1.70680490751441,0,1.5996969360288065
2016-09-05C,1.70680490751441,1.71727211111834,1.70680490751441,1.71530950069428,1,1.6003071405777773
2016-09-06A,1.71530950069428,1.71727211111834,1.70680490751441,1.71596380566708,1,1.605188068636179
2016-09-06C,1.71596380566708,1.72185163746591,1.71073028138357,1.72119748592377,1,1.6051878953521808
2016-09-07A,1.72119748592377,1.72185163746591,1.71073028138357,1.72119730011627,1,1.6094586160294186
2016-09-07C,1.72119730011627,1.73362711391425,1.72119730011627,1.72577667236328,1,1.609458662770154
2016-09-08A,1.72577667236328,1.73362711391425,1.72119730011627,1.72577672248204,1,1.6088486013586945
2016-09-08C,1.72577672248204,1.73035609486204,1.71988889114782,1.72512257099152,1,1.6088486637578137
2016-09-09A,1.72512257099152,1.73035609486204,1.71988889114782,1.72512263790032,1,1.6045779427909106
2016-09-09C,1.72512263790032,1.73035616197383,1.71988895785364,1.72054326534271,1,1.6015272900042008
2016-09-12A,1.72054326534271,1.73035616197383,1.71988895785364,1.7172721371743,0,1.6015272900042008
2016-09-12C,1.7172721371743,1.7172721371743,1.6740950191362,1.68063700199127,0,1.6015272900042008
2016-09-13A,1.68063700199127,1.7172721371743,1.6740950191362,1.68390808515892,0,1.6015272900042008
2016-09-13C,1.68390808515892,1.70222573258332,1.67474933943332,1.6799830198288,0,1.6015272900042008
2016-09-14A,1.6799830198288,1.70222573258332,1.67474933943332,1.67932845674685,0,1.6015272900042008
2016-09-14C,1.67932845674685,1.67932845674685,1.66951556095502,1.67278647422791,0,1.6015272900042008
2016-09-19A,1.67278647422791,1.67932845674685,1.66951556095502,1.67474915290773,0,1.6015272900042008
2016-09-19C,1.67474915290773,1.68521635655972,1.67474915290773,1.68194544315338,0,1.6015272900042008
2016-09-20A,1.68194544315338,1.68521635655972,1.67474915290773,1.68259973277516,0,1.6015272900042008
2016-09-20C,1.68259973277516,1.68456234336935,1.67474929039838,1.68325388431549,0,1.6015272900042008
2016-09-21A,1.68325388431549,1.68456234336935,1.67474929039838,1.68325351064764,0,1.6015272900042008
2016-09-21C,1.68325351064764,1.68914134112317,1.68325351064764,1.68717873096466,0,1.6015272900042008
2016-09-22A,1.68717873096466,1.68914134112317,1.68325351064764,1.69241276855232,0,1.6015272900042008
2016-09-22C,1.69241276855232,1.70745934702617,1.69175861695834,1.70091736316681,1,1.6052228556255814
2016-09-23A,1.70091736316681,1.70745934702617,1.69175861695834,1.70484227395126,1,1.5959833586925625
2016-09-23C,1.70484227395126,1.70745903582343,1.6897956982198,1.69502937793732,1,1.5910554637039571
2016-09-26A,1.69502937793732,1.70745903582343,1.6897956982198,1.68979565997179,0,1.5910554637039571
2016-09-26C,1.68979565997179,1.69175827032479,1.67082386387491,1.67278647422791,0,1.5910554637039571
2016-09-27A,1.67278647422791,1.69175827032479,1.67082386387491,1.66951562872104,0,1.5910554637039571
2016-09-27C,1.66951562872104,1.67409500107286,1.66101103550389,1.67082393169403,0,1.5910554637039571
2016-09-28A,1.67082393169403,1.67409500107286,1.66101103550389,1.67671179427338,0,1.5910554637039571
2016-09-28C,1.67671179427338,1.67671179427338,1.66689889790017,1.66886150836945,0,1.5910554637039571
2016-09-29A,1.66886150836945,1.67671179427338,1.66689889790017,1.67016967706385,0,1.5910554637039571
2016-09-29C,1.67016967706385,1.67932842120188,1.67016967706385,1.67540335655212,0,1.5910554637039571
2016-09-30A,1.67540335655212,1.67932842120188,1.67016967706385,1.67474912070299,0,1.5910554637039571
2016-09-30C,1.67474912070299,1.68129110336304,1.67344081775489,1.68129110336304,1,1.5910557553870281
2016-10-10A,1.68129110336304,1.68129110336304,1.67344081775489,1.68129141158872,1,1.6096283734341044
2016-10-10C,1.68129141158872,1.70745934702617,1.68129141158872,1.70091736316681,1,1.6102471919530492
2016-10-11A,1.70091736316681,1.70745934702617,1.68129141158872,1.70157127756152,1,1.612104468088812
2016-10-11C,1.70157127756152,1.7054964981648,1.69830020840106,1.70353388786316,1,1.6114856016360513
2016-10-12A,1.70353388786316,1.7054964981648,1.69830020840106,1.7028799228161,1,1.607771048617702
2016-10-12C,1.7028799228161,1.7028799228161,1.69633793915307,1.69895470142364,1,1.6077706794958495
2016-10-13A,1.69895470142364,1.7028799228161,1.69633793915307,1.69895431136729,1,1.6151997838269219
2016-10-13C,1.69895431136729,1.70745890377401,1.69830015994313,1.70680475234985,1,1.6151997838269219
2016-10-14A,1.70680475234985,1.70745890377401,1.69830015994313,1.70680475234985,1,1.6151997838269219
2016-10-14C,1.70680475234985,1.70745890377401,1.69830015994313,1.70680475234985,1,1.6213908293536077
2016-10-17A,1.70680475234985,1.70745890377401,1.69830015994313,1.71334691885629,1,1.605913723801309
2016-10-17C,1.71334691885629,1.71334691885629,1.69437512175596,1.69699203968048,1,1.6059137449989491
2016-10-18A,1.69699203968048,1.71334691885629,1.69437512175596,1.69699206208033,1,1.6251054033697703
2016-10-18C,1.69699206208033,1.71792631394062,1.6956836031008,1.71727216243744,1,1.6251051304103594
2016-10-19A,1.71727216243744,1.71792631394062,1.6956836031008,1.71727187399732,1,1.6257241732080745
2016-10-19C,1.71727187399732,1.72708492476263,1.71596341523756,1.71792602539062,1,1.6251054033697703
2016-10-20A,1.71792602539062,1.72708492476263,1.71596341523756,1.71727216243744,1,1.6251054033697703
2016-10-20C,1.71727216243744,1.72054323189968,1.7140010929752,1.71727216243744,1,1.6269625549899125
2016-10-21A,1.71727216243744,1.72054323189968,1.7140010929752,1.71923464116164,1,1.636248788211786
2016-10-21C,1.71923464116164,1.73231860606153,1.71727203082934,1.72904753684998,1,1.6362488420325005
2016-10-24A,1.72904753684998,1.73231860606153,1.71727203082934,1.7290475937231,1,1.658536009140906
2016-10-24C,1.7290475937231,1.75717829075365,1.7290475937231,1.75259876251221,1,1.658536009140906
2016-10-25A,1.75259876251221,1.75717829075365,1.7290475937231,1.75259876251221,1,1.658536009140906
2016-10-25C,1.75259876251221,1.75456137290906,1.74671108729481,1.75259876251221,1,1.6566790709297945
2016-10-26A,1.75259876251221,1.75456137290906,1.74671108729481,1.75063650930039,1,1.6455354122937715
2016-10-26C,1.75063650930039,1.75259896394963,1.73689823494336,1.7388608455658,1,1.6467736457873388
2016-10-27A,1.7388608455658,1.75259896394963,1.73689823494336,1.74016930463848,1,1.6455354122937713
2016-10-27C,1.74016930463848,1.74082345618823,1.73101040307607,1.7388608455658,1,1.6455352973522428
2016-10-28A,1.7388608455658,1.74082345618823,1.73101040307607,1.73886072410544,1,1.6405826589279846
2016-10-28C,1.73886072410544,1.74474855556147,1.73035613066002,1.73362720012665,1,1.644916383691028
2016-10-31A,1.73362720012665,1.74474855556147,1.73035613066002,1.73820670917253,1,1.6368682349177375
2016-10-31C,1.73820670917253,1.73820670917253,1.72316013158481,1.7297021150589,0,1.6368682349177375
2016-11-01A,1.7297021150589,1.73820670917253,1.72316013158481,1.73035582679411,0,1.6368682349177375
2016-11-01C,1.73035582679411,1.73886041874605,1.72839321665342,1.73820626735687,1,1.6374844076594315
2016-11-02A,1.73820626735687,1.73886041874605,1.72839321665342,1.73886058717232,1,1.62577925668655
2016-11-02C,1.73886058717232,1.73886058717232,1.72315986049917,1.72643077373505,0,1.62577925668655
2016-11-03A,1.72643077373505,1.73886058717232,1.72315986049917,1.72381404934474,0,1.62577925668655
2016-11-03C,1.72381404934474,1.74147738673183,1.72054313603792,1.73755216598511,1,1.6257793974629517
2016-11-04A,1.73755216598511,1.74147738673183,1.72054313603792,1.73755231643994,1,1.623943183279133
2016-11-04C,1.73755231643994,1.74605691013653,1.73362725132651,1.73558986186981,1,1.6233308578761507
2016-11-07A,1.73558986186981,1.74605691013653,1.73362725132651,1.73493543887489,0,1.6233308578761507
2016-11-07C,1.73493543887489,1.75194462513573,1.73362713591523,1.74344003200531,1,1.6300313499925714
2016-11-08A,1.74344003200531,1.75194462513573,1.73362713591523,1.75063628909192,1,1.6306404356183313
2016-11-08C,1.75063628909192,1.75652396424543,1.74343999905715,1.75129044055939,1,1.6306406407327885
2016-11-09A,1.75129044055939,1.75652396424543,1.74343999905715,1.75129066085013,1,1.6190671410205297
2016-11-09C,1.75129066085013,1.75129066085013,1.72577687873171,1.7388608455658,0,1.6190671410205297
2016-11-10A,1.7388608455658,1.75129066085013,1.72577687873171,1.74082322343916,0,1.6190671410205297
2016-11-10C,1.74082322343916,1.76372024032406,1.74082322343916,1.76044917106628,1,1.6214736754068166
2016-11-11A,1.76044917106628,1.76372024032406,1.74082322343916,1.76306585159678,1,1.6292952623673898
2016-11-11C,1.76306585159678,1.774841513214,1.75914063105771,1.77157044410706,1,1.6286936310520213
2016-11-14A,1.77157044410706,1.774841513214,1.75914063105771,1.77091627645484,1,1.632905232692681
2016-11-14C,1.77091627645484,1.78465439224261,1.76633690452558,1.77549564838409,1,1.6329054201521231
2016-11-15A,1.77549564838409,1.78465439224261,1.76633690452558,1.77549585221308,1,1.6274904416580867
2016-11-15C,1.77549585221308,1.77615000371432,1.76633710730314,1.76960802078247,1,1.6280921862573865
2016-11-16A,1.76960802078247,1.77615000371432,1.76633710730314,1.77026231161093,1,1.631100411983387
2016-11-16C,1.77026231161093,1.77549583551793,1.76699124218918,1.77353322505951,1,1.6304986871601033
2016-11-17A,1.77353322505951,1.77549583551793,1.76699124218918,1.77287895573397,1,1.6335069126861634
2016-11-17C,1.77287895573397,1.77811247929312,1.76568266587366,1.77614986896515,1,1.6329051838886979
2016-11-18A,1.77614986896515,1.77811247929312,1.76568266587366,1.77549559531839,1,1.6286935823739073
2016-11-18C,1.77549559531839,1.78334603609,1.76960776473968,1.770916223526,1,1.6298969628917512
2016-11-21A,1.770916223526,1.78334603609,1.76960776473968,1.77222468701182,1,1.6437351436685812
2016-11-21C,1.77222468701182,1.79839261502238,1.77091622822203,1.78727126121521,1,1.646141774355099
2016-11-22A,1.78727126121521,1.79839261502238,1.77091622822203,1.78988804645518,1,1.659979955314644
2016-11-22C,1.78988804645518,1.80624292369115,1.7872712848142,1.80493462085724,1,1.6599801295994654
2016-11-23A,1.80493462085724,1.80624292369115,1.7872712848142,1.80493481036116,1,1.662988355282029
2016-11-23C,1.80493481036116,1.82128968931427,1.80231804844544,1.80820572376251,1,1.6635902093899702
2016-11-24A,1.80820572376251,1.82128968931427,1.80231804844544,1.80886013366225,1,1.666598435242897
2016-11-24C,1.80886013366225,1.82128979245912,1.80493491257979,1.81213104724884,1,1.6671999002067615
2016-11-25A,1.81213104724884,1.82128979245912,1.80493491257979,1.81278503402322,1,1.6846480675982536
2016-11-25C,1.81278503402322,1.83241113765185,1.80624305147139,1.83175683021545,1,1.6864531415827693
2016-11-28A,1.83175683021545,1.83241113765185,1.80624305147139,1.83371952893204,1,1.6966813385611104
2016-11-28C,1.83371952893204,1.85923330890542,1.83371952893204,1.84484088420868,1,1.6990880266391315
2016-11-29A,1.84484088420868,1.85923330890542,1.83371952893204,1.84745773185176,1,1.7039013888472783
2016-11-29C,1.84745773185176,1.87493412355702,1.83764483508264,1.85269141197205,1,1.7039011154684838
2016-11-30A,1.85269141197205,1.87493412355702,1.83764483508264,1.85269111472096,1,1.6822413476243507
2016-11-30C,1.85269111472096,1.85269111472096,1.82521472742409,1.82913994789124,1,1.6822413997910965
2016-12-01A,1.82913994789124,1.85269111472096,1.82521472742409,1.82914000461335,1,1.701494559237799
2016-12-01C,1.82914000461335,1.85203702073297,1.82914000461335,1.85007441043854,1,1.6978847116949585
2016-12-02A,1.85007441043854,1.85203702073297,1.82914000461335,1.84614933966571,1,1.6894615075460777
2016-12-02C,1.84614933966571,1.85661654342773,1.8297943045426,1.83699059486389,1,1.6846479826270557
2016-12-05A,1.83699059486389,1.85661654342773,1.8297943045426,1.8317567378243,1,1.6678015759587175
2016-12-05C,1.8317567378243,1.8317567378243,1.80885987803439,1.81343924999237,0,1.6678015759587175
2016-12-06A,1.81343924999237,1.8317567378243,1.80885987803439,1.80558899411986,0,1.6678015759587175
2016-12-06C,1.80558899411986,1.82456079130096,1.80558899411986,1.80886006355286,0,1.6678015759587175
2016-12-07A,1.80886006355286,1.82456079130096,1.80558899411986,1.81016860755242,0,1.6678015759587175
2016-12-07C,1.81016860755242,1.81736489887384,1.80035570989331,1.81671059131622,0,1.6678015759587175
2016-12-08A,1.81671059131622,1.81736489887384,1.80035570989331,1.81736471267815,0,1.6678015759587175
2016-12-08C,1.81736471267815,1.8245608472891,1.81736471267815,1.82128977775574,0,1.6678015759587175
2016-12-09A,1.82128977775574,1.8245608472891,1.81736471267815,1.82194391804871,0,1.6678015759587175
2016-12-09C,1.82194391804871,1.8422240169857,1.81540193555551,1.83568203449249,1,1.6672071462612263
2016-12-12A,1.83568203449249,1.8422240169857,1.81540193555551,1.83502776966136,1,1.6398661361854008
2016-12-12C,1.83502776966136,1.8389529901094,1.79315895951311,1.80493462085724,0,1.6398661361854008
2016-12-13A,1.80493462085724,1.8389529901094,1.79315895951311,1.7977384124684,0,1.6398661361854008
2016-12-13C,1.7977384124684,1.80100948164704,1.78072922707509,1.79381334781647,0,1.6398661361854008
2016-12-14A,1.79381334781647,1.80100948164704,1.78072922707509,1.79119653096437,0,1.6398661361854008
2016-12-14C,1.79119653096437,1.80100958307979,1.78400039672852,1.78400039672852,0,1.6398661361854008
2016-12-15A,1.78400039672852,1.80100958307979,1.78400039672852,1.78400049314768,0,1.6398661361854008
2016-12-15C,1.78400049314768,1.78400049314768,1.74474859451094,1.74998211860657,0,1.6398661361854008
2016-12-16A,1.74998211860657,1.78400049314768,1.74474859451094,1.75848662614193,0,1.6398661361854008
2016-12-16C,1.75848662614193,1.75848662614193,1.74671111951674,1.75325310230255,0,1.6398661361854008
2016-12-19A,1.75325310230255,1.75848662614193,1.74671111951674,1.75325298171805,0,1.6398661361854008
2016-12-19C,1.75325298171805,1.75783235375584,1.74801930226545,1.75063621997833,0,1.6398661361854008
2016-12-20A,1.75063621997833,1.75783235375584,1.74801930226545,1.75259843121925,0,1.6398661361854008
2016-12-20C,1.75259843121925,1.75259843121925,1.72708481282929,1.73689770698547,0,1.6398661361854008
2016-12-21A,1.73689770698547,1.75259843121925,1.72708481282929,1.73951472990094,0,1.6398661361854008
2016-12-21C,1.73951472990094,1.75586976391777,1.73951472990094,1.75456130504608,0,1.6398661361854008
2016-12-22A,1.75456130504608,1.75586976391777,1.73951472990094,1.75521552709913,0,1.6398661361854008
2016-12-22C,1.75521552709913,1.760449050385,1.75063615523071,1.75783228874207,0,1.6398661361854008
2016-12-23A,1.75783228874207,1.760449050385,1.75063615523071,1.75848674509168,0,1.6398661361854008
2016-12-23C,1.75848674509168,1.75848674509168,1.73689818484086,1.73951494693756,0,1.6398661361854008
2016-12-26A,1.73951494693756,1.75848674509168,1.73689818484086,1.74147742281191,0,1.6398661361854008
2016-12-26C,1.74147742281191,1.74671110257369,1.72250562612513,1.74605679512024,0,1.6398661361854008
2016-12-27A,1.74605679512024,1.74671110257369,1.72250562612513,1.74671103342112,0,1.6398661361854008
2016-12-27C,1.74671103342112,1.74998194666622,1.74343996420286,1.74540257453918,0,1.6398661361854008
2016-12-28A,1.74540257453918,1.74998194666622,1.74343996420286,1.74540260747856,0,1.6398661361854008
2016-12-28C,1.74540260747856,1.74736521785192,1.73362710121155,1.73755216598511,0,1.6398661361854008
2016-12-29A,1.73755216598511,1.74736521785192,1.73362710121155,1.73689780860536,0,1.6398661361854008
2016-12-29C,1.73689780860536,1.74213148763825,1.73428104707549,1.73820626735687,0,1.6398661361854008
2016-12-30A,1.73820626735687,1.74213148763825,1.73428104707549,1.73886064074268,0,1.6398661361854008
2016-12-30C,1.73886064074268,1.74409416447057,1.73624387887873,1.74213171005249,0,1.6398661361854008
2017-01-03A,1.74213171005249,1.74409416447057,1.73624387887873,1.74409401716364,0,1.6398661361854008
2017-01-03C,1.74409401716364,1.76110320180244,1.74409401716364,1.75783228874207,1,1.641697010582396
2017-01-04A,1.75783228874207,1.76110320180244,1.74409401716364,1.75979486974832,1,1.6520720227865502
2017-01-04C,1.75979486974832,1.77353298512549,1.7565238007691,1.770916223526,1,1.6539030837115805
2017-01-05A,1.770916223526,1.77353298512549,1.7565238007691,1.77287900447845,1,1.6539030837115805
2017-01-05C,1.77287900447845,1.77484161486039,1.76699117333264,1.77287900447845,1,1.6557343664382012
2017-01-06A,1.77287900447845,1.77484161486039,1.76699117333264,1.77484202318811,1,1.6532932119768227
2017-01-06C,1.77484202318811,1.77942139647512,1.76699157985425,1.77222526073456,1,1.653292928228314
2017-01-09A,1.77222526073456,1.77942139647512,1.76699157985425,1.77222495657419,1,1.6600061382214482
2017-01-09C,1.77222495657419,1.78007524258753,1.76960803859657,1.77942109107971,1,1.6587854561510413
2017-01-10A,1.77942109107971,1.78007524258753,1.76960803859657,1.77811259747142,1,1.6545134002835007
2017-01-10C,1.77811259747142,1.78007520792984,1.77026231161093,1.77353322505951,1,1.654513141756823
2017-01-11A,1.77353322505951,1.78007520792984,1.77026231161093,1.77353294793534,1,1.6441381297702284
2017-01-11C,1.77353294793534,1.77353294793534,1.76044898423912,1.76241159439087,0,1.6441381297702284
2017-01-12A,1.76241159439087,1.77353294793534,1.76044898423912,1.76306610145873,1,1.6386476084241985
2017-01-12C,1.76306610145873,1.76568286353124,1.75456150774319,1.75717842578888,0,1.6386476084241985
2017-01-13A,1.75717842578888,1.76568286353124,1.75456150774319,1.75717849669237,0,1.6386476084241985
2017-01-13C,1.75717849669237,1.76306617259979,1.75129066481175,1.76306617259979,1,1.6386475171061854
2017-01-16A,1.76306617259979,1.76306617259979,1.75129066481175,1.76306607434822,1,1.6550643641546152
2017-01-16C,1.76306607434822,1.78530894155548,1.7493279566989,1.78072941303253,1,1.6453359520850503
2017-01-17A,1.78072941303253,1.78530894155548,1.7493279566989,1.77026234607757,1,1.6538483697283388
2017-01-17C,1.77026234607757,1.77942109107971,1.76960803859657,1.77942109107971,1,1.6532403040423682
2017-01-18A,1.77942109107971,1.77942109107971,1.76960803859657,1.77876685643149,1,1.661752721287786
2017-01-18C,1.77876685643149,1.79054236288769,1.7768042460266,1.78792560100555,1,1.661752753259259
2017-01-19A,1.78792560100555,1.79054236288769,1.7768042460266,1.78792563540454,1,1.6568884111924134
2017-01-19C,1.78792563540454,1.79512176971216,1.78269195556641,1.78269195556641,1,1.658104440636204
2017-01-20A,1.78269195556641,1.79512176971216,1.78269195556641,1.78400031519554,1,1.668440967624207
2017-01-20C,1.78400031519554,1.79643012864927,1.78400031519554,1.79512166976929,1,1.716865425945852
2017-01-23A,1.79512166976929,1.79643012864927,1.78400031519554,1.84722288052043,1,1.667812085222062
2017-01-23C,1.84722288052043,1.84722288052043,1.79241510840622,1.7944450378418,1,1.6690699853572617
2017-01-24A,1.7944450378418,1.84722288052043,1.79241510840622,1.79579844730304,1,1.6766165496488494
2017-01-24C,1.79579844730304,1.80594793354997,1.79309192839208,1.80391800403595,1,1.6778744333559548
2017-01-25A,1.80391800403595,1.80594793354997,1.79309192839208,1.80527139582175,1,1.6803899548584778
2017-01-25C,1.80527139582175,1.8100078443823,1.8005349472612,1.80797791481018,1,1.6810188060144957
2017-01-26A,1.80797791481018,1.8100078443823,1.8005349472612,1.8086545131191,1,1.6829054844670572
2017-01-26C,1.8086545131191,1.81745082008255,1.8086545131191,1.81068444252014,1,1.687936828239267
2017-02-03A,1.81068444252014,1.81745082008255,1.8086545131191,1.81609780410069,1,1.6715857120252084
2017-02-03C,1.81609780410069,1.81609780410069,1.79782859755459,1.79850518703461,1,1.6703277734905937
2017-02-06A,1.79850518703461,1.81609780410069,1.79782859755459,1.79715173625838,0,1.6703277734905937
2017-02-06C,1.79715173625838,1.8059480442506,1.79647514681996,1.80121159553528,1,1.6734651608246112
2017-02-07A,1.80121159553528,1.8059480442506,1.79647514681996,1.80459482278888,1,1.6697003085643636
2017-02-07C,1.80459482278888,1.80662475237943,1.79647510442669,1.80053496360779,1,1.6703276005416736
2017-02-08A,1.80053496360779,1.80662475237943,1.79647510442669,1.8012114090344,1,1.674092452500945
2017-02-08C,1.8012114090344,1.8059478572593,1.79173851258459,1.80527126789093,1,1.6740923985668517
2017-02-09A,1.80527126789093,1.8059478572593,1.79173851258459,1.80527120973066,1,1.6803671017632444
2017-02-09C,1.80527120973066,1.815420856545,1.80391786971436,1.81203758716583,1,1.6803669862387611
2017-02-10A,1.81203758716583,1.815420856545,1.80391786971436,1.81203746258906,1,1.6904065405829325
2017-02-10C,1.81203746258906,1.8269235564523,1.81203746258906,1.82286369800568,1,1.6929166692899877
2017-02-13A,1.82286369800568,1.8269235564523,1.81203746258906,1.82557051579629,1,1.696681521486314
2017-02-13C,1.82557051579629,1.83301364460964,1.82286399682924,1.82963037490845,1,1.6966815133666833
2017-02-14A,1.82963037490845,1.83301364460964,1.82286399682924,1.82963036615258,1,1.6941716617813944
2017-02-14C,1.82963036615258,1.83098370629122,1.82218739869802,1.82692384719849,1,1.6941717092432225
2017-02-15A,1.82692384719849,1.83098370629122,1.82218739869802,1.82692389837934,1,1.6973089864125437
2017-02-15C,1.82692389837934,1.84383976330871,1.82692389837934,1.83030700683594,1,1.6966815460643723
2017-02-16A,1.83030700683594,1.84383976330871,1.82692389837934,1.8296304014124,1,1.7048386760743304
2017-02-16C,1.8296304014124,1.83910329859588,1.8296304014124,1.83842670917511,1,1.7048384202719833
2017-02-17A,1.83842670917511,1.83910329859588,1.8296304014124,1.83842643332856,1,1.6935438652140815
2017-02-17C,1.83842643332856,1.84045636260947,1.82421708968538,1.82624685764313,1,1.692916437751332
2017-02-20A,1.82624685764313,1.84045636260947,1.82421708968538,1.82557026611469,1,1.716132823652423
2017-02-20C,1.82557026611469,1.85060584545136,1.82557026611469,1.85060584545136,1,1.716760667691885
2017-02-21A,1.85060584545136,1.85060584545136,1.82557026611469,1.8512828861987,1,1.7198979448508758
2017-02-21C,1.8512828861987,1.86210912360591,1.84992954602661,1.85466599464416,1,1.7192701043176235
2017-02-22A,1.85466599464416,1.86210912360591,1.84992954602661,1.85398895767777,1,1.7286822327240488
2017-02-22C,1.85398895767777,1.86549178173271,1.85060568872582,1.86413860321045,1,1.726172427311925
2017-02-23A,1.86413860321045,1.86549178173271,1.85060568872582,1.86143213404757,1,1.7205252992300872
2017-02-23C,1.86143213404757,1.86549199271981,1.82692365797982,1.85534250736237,1,1.7205254410477735
2017-02-24A,1.85534250736237,1.86549199271981,1.82692365797982,1.85534266029263,1,1.7186430149984158
2017-02-24C,1.85534266029263,1.8573724284729,1.84586960216884,1.85331273078918,1,1.7180154459231904
2017-02-27A,1.85331273078918,1.8573724284729,1.84586960216884,1.85263598655177,1,1.707975890158452
2017-02-27C,1.85263598655177,1.85263598655177,1.83910323069694,1.84180974960327,0,1.707975890158452
2017-02-28A,1.84180974960327,1.85263598655177,1.83910323069694,1.83369005022123,0,1.707975890158452
2017-02-28C,1.83369005022123,1.8492527343758,1.83369005022123,1.84722280502319,1,1.7104786468045357
2017-03-01A,1.84722280502319,1.8492527343758,1.83369005022123,1.84992960503056,1,1.7086017368233521
2017-03-01C,1.84992960503056,1.85466605379918,1.8445165668159,1.84789967536926,0,1.7086017368233521
2017-03-02A,1.84789967536926,1.85466605379918,1.8445165668159,1.84857619397864,0,1.7086017368233521
2017-03-02C,1.84857619397864,1.85128271274606,1.83504327749519,1.83707320690155,0,1.7086017368233521
2017-03-03A,1.83707320690155,1.85128271274606,1.83504327749519,1.83707335990379,0,1.7086017368233521
2017-03-03C,1.83707335990379,1.83775011064439,1.82760046276727,1.83504343032837,0,1.7086017368233521
2017-03-06A,1.83504343032837,1.83775011064439,1.82760046276727,1.83369003179714,0,1.7086017368233521
2017-03-06C,1.83369003179714,1.84248633846236,1.83369003179714,1.84113299846649,0,1.7086017368233521
2017-03-07A,1.84113299846649,1.84248633846236,1.83369003179714,1.8404566812986,0,1.7086017368233521
2017-03-07C,1.8404566812986,1.8404566812986,1.83301371352858,1.8391033411026,0,1.7086017368233521
2017-03-08A,1.8391033411026,1.8404566812986,1.83301371352858,1.83842646168848,0,1.7086017368233521
2017-03-08C,1.83842646168848,1.83977980167101,1.83369001373435,1.83571994304657,0,1.7086017368233521
2017-03-09A,1.83571994304657,1.83977980167101,1.83369001373435,1.8350431120224,0,1.7086017368233521
2017-03-09C,1.8350431120224,1.8350431120224,1.8194804288591,1.82286369800568,0,1.7086017368233521
2017-03-10A,1.82286369800568,1.8350431120224,1.8194804288591,1.82421703792894,0,1.7086017368233521
2017-03-10C,1.82421703792894,1.82557021652904,1.81880383955905,1.82286369800568,0,1.7086017368233521
2017-03-13A,1.82286369800568,1.82557021652904,1.81880383955905,1.82218740034693,0,1.7086017368233521
2017-03-13C,1.82218740034693,1.84180978377426,1.81745095184218,1.84045660495758,1,1.7092295301677312
2017-03-14A,1.84045660495758,1.84180978377426,1.81745095184218,1.8411328458757,1,1.7111140301803067
2017-03-14C,1.8411328458757,1.84451611492337,1.83639639826746,1.84316277503967,1,1.7098578767603616
2017-03-15A,1.84316277503967,1.84451611492337,1.83639639826746,1.84180968273691,1,1.714255143891179
2017-03-15C,1.84180968273691,1.84722288167622,1.83436671568392,1.84654629230499,1,1.7148832062511117
2017-03-16A,1.84654629230499,1.84722288167622,1.83436671568392,1.84722282299892,1,1.7199084402901739
2017-03-16C,1.84722282299892,1.85737230853758,1.84722282299892,1.85263586044312,1,1.7211652119121486
2017-03-17A,1.85263586044312,1.85737230853758,1.84722282299892,1.85398961865531,1,1.7016922384114683
2017-03-17C,1.85398961865531,1.85398961865531,1.82895403251329,1.83301389217377,0,1.7016922384114683
2017-03-20A,1.83301389217377,1.85398961865531,1.82895403251329,1.83910304471577,0,1.7016922384114683
2017-03-20C,1.83910304471577,1.85060586989682,1.83233666747261,1.84586942195892,1,1.700444841335244
2017-03-21A,1.84586942195892,1.85060586989682,1.83233666747261,1.84451633820613,1,1.706682710651612
2017-03-21C,1.84451633820613,1.8519593051596,1.8391031393392,1.85128271579742,1,1.7029399565104337
2017-03-22A,1.85128271579742,1.8519593051596,1.8391031393392,1.84722285393335,1,1.6935830781900265
2017-03-22C,1.84722285393335,1.84789944329441,1.83504327749519,1.83707320690155,0,1.6935830781900265
2017-03-23A,1.83707320690155,1.84789944329441,1.83504327749519,1.83775011975434,0,1.6935830781900265
2017-03-23C,1.83775011975434,1.84992953594408,1.8330136711626,1.83842670917511,0,1.6935830781900265
2017-03-24A,1.83842670917511,1.84992953594408,1.8330136711626,1.84045665778364,0,1.6935830781900265
2017-03-24C,1.84045665778364,1.86210913270384,1.83910331760494,1.85804927349091,1,1.694199934030854
2017-03-27A,1.85804927349091,1.86210913270384,1.83910331760494,1.85872603305568,1,1.6966668843545811
2017-03-27C,1.85872603305568,1.87090561180933,1.85804944356599,1.86143255233765,1,1.696666533382614
2017-03-28A,1.86143255233765,1.87090561180933,1.85804944356599,1.86143216728231,1,1.6886488362063545
2017-03-28C,1.86143216728231,1.86210891795521,1.84925275237128,1.85263586044312,1,1.6886488672685245
2017-03-29A,1.85263586044312,1.86210891795521,1.84925275237128,1.85263589452178,1,1.687415465860909
2017-03-29C,1.85263589452178,1.8587256827509,1.84654626761584,1.85128271579742,1,1.6843316208813894
2017-03-30A,1.85128271579742,1.8587256827509,1.84654626761584,1.84789939436634,0,1.6843316208813894
2017-03-30C,1.84789939436634,1.85398918242418,1.83571997957384,1.84722280502319,0,1.6843316208813894
2017-03-31A,1.84722280502319,1.85398918242418,1.83571997957384,1.85060631388658,1,1.6941851351710076
2017-03-31C,1.85060631388658,1.86278589264023,1.84654661562522,1.86143255233765,1,1.6997274265161915
2017-04-05A,1.86143255233765,1.86278589264023,1.84654661562522,1.86752197037721,1,1.7138918229607247
2017-04-05C,1.86752197037721,1.8837612441632,1.86752197037721,1.88308465480804,1,1.7145076297492507
2017-04-06A,1.88308465480804,1.8837612441632,1.86752197037721,1.88376125311971,1,1.7163551724967587
2017-04-06C,1.88376125311971,1.88849770127468,1.88037814500466,1.88579118251801,1,1.7163551810445987
2017-04-07A,1.88579118251801,1.88849770127468,1.88037814500466,1.88579119190968,1,1.7194344679152724
2017-04-07C,1.88579119190968,1.88985105072649,1.87834822496097,1.88917446136475,1,1.7194347544634554
2017-04-10A,1.88917446136475,1.88985105072649,1.87834822496097,1.88917477620054,1,1.7182030101442158
2017-04-10C,1.88917477620054,1.89323463569394,1.88376157643495,1.88782143592834,1,1.717586925158563
2017-04-11A,1.88782143592834,1.89323463569394,1.88376157643495,1.88714453195634,1,1.7194344679152727
2017-04-11C,1.88714453195634,1.89120439077315,1.86752198855719,1.88917446136475,1,1.7243610554555335
2017-04-12A,1.88917446136475,1.89120439077315,1.86752198855719,1.89458739424263,1,1.7120442023102238
2017-04-12C,1.89458739424263,1.89458739424263,1.87767153187128,1.88105463981628,1,1.7120442887752192
2017-04-13A,1.88105463981628,1.89458739424263,1.87767153187128,1.88105473481697,1,1.7169711183792387
2017-04-13C,1.88105473481697,1.88849770173041,1.8776716267011,1.88646793365478,1,1.716971146390863
2017-04-14A,1.88646793365478,1.88849770173041,1.8776716267011,1.88646796443167,1,1.7021908041661242
2017-04-14C,1.88646796443167,1.88985107260273,1.86684542080538,1.87022852897644,0,1.7021908041661242
2017-04-17A,1.87022852897644,1.88985107260273,1.86684542080538,1.8702284679367,0,1.7021908041661242
2017-04-17C,1.8702284679367,1.8702284679367,1.851959264969,1.86346209049225,0,1.7021908041661242
2017-04-18A,1.86346209049225,1.8702284679367,1.851959264969,1.86278567032567,0,1.7021908041661242
2017-04-18C,1.86278567032567,1.86955204838466,1.85398936271667,1.85398936271667,0,1.7021908041661242
2017-04-19A,1.85398936271667,1.86955204838466,1.85398936271667,1.85128280776019,0,1.7021908041661242
2017-04-19C,1.85128280776019,1.85128280776019,1.8296303338632,1.84180974960327,0,1.7021908041661242
2017-04-20A,1.84180974960327,1.85128280776019,1.8296303338632,1.84113301696536,0,1.7021908041661242
2017-04-20C,1.84113301696536,1.84992932371895,1.83910308761275,1.84722280502319,0,1.7021908041661242
2017-04-21A,1.84722280502319,1.84992932371895,1.83910308761275,1.84789947342733,0,1.7021908041661242
2017-04-21C,1.84789947342733,1.86210897950355,1.84586954398787,1.86007905006409,0,1.7021908041661242
2017-04-24A,1.86007905006409,1.86210897950355,1.84586954398787,1.85940245107146,0,1.7021908041661242
2017-04-24C,1.85940245107146,1.85940245107146,1.83030700849628,1.84451651573181,0,1.7021908041661242
2017-04-25A,1.84451651573181,1.85940245107146,1.83030700849628,1.8458695504962,0,1.7021908041661242
2017-04-25C,1.8458695504962,1.85195933883605,1.840456512854,1.84925282001495,0,1.7021908041661242
2017-04-26A,1.84925282001495,1.85195933883605,1.840456512854,1.8499293757499,0,1.7021908041661242
2017-04-26C,1.8499293757499,1.85737234270337,1.84722285697801,1.85128271579742,0,1.7021908041661242
2017-04-27A,1.85128271579742,1.85737234270337,1.84722285697801,1.85195950077585,0,1.7021908041661242
2017-04-27C,1.85195950077585,1.85195950077585,1.83233695529149,1.84992957115173,0,1.7021908041661242
2017-04-28A,1.84992957115173,1.85195950077585,1.83233695529149,1.84992950196708,0,1.7021908041661242
2017-04-28C,1.84992950196708,1.84992950196708,1.83369022690463,1.84045660495758,0,1.7021908041661242
2017-05-02A,1.84045660495758,1.84992950196708,1.83369022690463,1.83978006542542,0,1.7021908041661242
2017-05-02C,1.83978006542542,1.84045665485211,1.82760048780602,1.83030700683594,0,1.7021908041661242
2017-05-03A,1.83030700683594,1.84045665485211,1.82760048780602,1.82963039086441,0,1.7021908041661242
2017-05-03C,1.82963039086441,1.83369025001197,1.81948074299549,1.82151067256928,0,1.7021908041661242
2017-05-04A,1.82151067256928,1.83369025001197,1.81948074299549,1.8228636790556,0,1.7021908041661242
2017-05-04C,1.8228636790556,1.82624678684385,1.81203744375154,1.81677389144897,0,1.7021908041661242
2017-05-05A,1.81677389144897,1.82624678684385,1.81203744375154,1.8181275375278,0,1.7021908041661242
2017-05-05C,1.8181275375278,1.8181275375278,1.79985833295455,1.81271433830261,0,1.7021908041661242
2017-05-08A,1.81271433830261,1.8181275375278,1.79985833295455,1.81203774889566,0,1.7021908041661242
2017-05-08C,1.81203774889566,1.81474426784666,1.79985833295455,1.81271433830261,0,1.7021908041661242
2017-05-09A,1.81271433830261,1.81474426784666,1.79985833295455,1.81000778609614,0,1.7021908041661242
2017-05-09C,1.81000778609614,1.81948068291219,1.80324140818136,1.81542098522186,0,1.7021908041661242
2017-05-10A,1.81542098522186,1.81948068291219,1.80324140818136,1.81339101943917,0,1.7021908041661242
2017-05-10C,1.81339101943917,1.81745087837146,1.80121144264232,1.80324137210846,0,1.7021908041661242
2017-05-11A,1.80324137210846,1.81745087837146,1.80121144264232,1.80391786971436,0,1.7021908041661242
2017-05-11C,1.80391786971436,1.81609744589157,1.79444497356974,1.81203758716583,0,1.7021908041661242
2017-05-12A,1.81203758716583,1.81609744589157,1.79444497356974,1.8127143911567,0,1.7021908041661242
2017-05-12C,1.8127143911567,1.8309837575858,1.81000787212678,1.83030700683594,1,1.70219057690422
2017-05-15A,1.83030700683594,1.8309837575858,1.81000787212678,1.83030676246906,1,1.712259007659132
2017-05-15C,1.83030676246906,1.84113299846649,1.83030676246906,1.84113299846649,1,1.7110005647755042
2017-05-16A,1.84113299846649,1.84113299846649,1.83030676246906,1.83977983827906,1,1.7179225453504867
2017-05-16C,1.83977983827906,1.84789939436634,1.82489374346763,1.84722280502319,1,1.7154057199807338
2017-05-17A,1.84722280502319,1.84789939436634,1.82489374346763,1.84451654959168,1,1.7135178795488333
2017-05-17C,1.84451654959168,1.85331285760075,1.83978010086728,1.84248661994934,1,1.712258942042211
2017-05-18A,1.84248661994934,1.85331285760075,1.83978010086728,1.84113292791088,1,1.7034491217309056
2017-05-18C,1.84113292791088,1.84113292791088,1.82489365519864,1.83166003227234,1,1.7034493911023179
2017-05-19A,1.83166003227234,1.84113292791088,1.82489365519864,1.83166032191812,1,1.7065956916977463
2017-05-19C,1.83166032191812,1.83639677048638,1.82692387334986,1.83504343032837,1,1.7053370415380131
2017-05-22A,1.83504343032837,1.83639677048638,1.82692387334986,1.8336900472641,1,1.7053370415380131
2017-05-22C,1.8336900472641,1.84383953268762,1.82421715118263,1.8336900472641,1,1.7015614427627868
2017-05-23A,1.8336900472641,1.84383953268762,1.82421715118263,1.82963027624643,0,1.7015614427627868
2017-05-23C,1.82963027624643,1.85060599876392,1.82963027624643,1.84925282001495,1,1.7009388107209777
2017-05-24A,1.84925282001495,1.85060599876392,1.82963027624643,1.84857614503266,1,1.6996935557974007
2017-05-24C,1.84857614503266,1.84857614503266,1.83436663956438,1.84722280502319,1,1.6990709553945658
2017-05-25A,1.84722280502319,1.84857614503266,1.83436663956438,1.84654616442606,1,1.7308233964545459
2017-05-25C,1.84654616442606,1.88646783838072,1.841809555186,1.88105463981628,1,1.730823483450288
2017-05-26A,1.88105463981628,1.88646783838072,1.841809555186,1.88105473436304,1,1.735181653122338
2017-05-26C,1.88105473436304,1.8898510413146,1.87428835680977,1.88579118251801,1,1.7376719303032624
2017-05-31A,1.88579118251801,1.8898510413146,1.87428835680977,1.88849760967586,1,1.7432753546551272
2017-05-31C,1.88849760967586,1.89797066684949,1.88037805379967,1.89458739757538,1,1.7420305538042673
2017-06-01A,1.89458739757538,1.89797066684949,1.88037805379967,1.89323455105103,1,1.7476338307000867
2017-06-01C,1.89323455105103,1.90000092946312,1.88646817263894,1.89932417869568,1,1.7470110584834686
2017-06-02A,1.89932417869568,1.90000092946312,1.88646817263894,1.89864735137175,1,1.7482563134370974
2017-06-02C,1.89864735137175,1.90541372893608,1.89458749256851,1.90000069141388,1,1.7470111973568025
2017-06-05A,1.90000069141388,1.90541372893608,1.89458749256851,1.89864750229895,1,1.733313985534119
2017-06-05C,1.89864750229895,1.9013540212752,1.88105488696858,1.88376140594482,1,1.7333138535467505
2017-06-06A,1.88376140594482,1.9013540212752,1.88105488696858,1.88376126250127,1,1.738294724938922
2017-06-06C,1.88376126250127,1.88917446136475,1.87699488491431,1.88917446136475,1,1.738294882983103
2017-06-07A,1.88917446136475,1.88917446136475,1.87699488491431,1.88917463312678,1,1.7538597549560786
2017-06-07C,1.88917463312678,1.90676724871702,1.88917463312678,1.90609049797058,1,1.755104957947592
2017-06-08A,1.90609049797058,1.90676724871702,1.88917463312678,1.90744378154041,1,1.7731603395268396
2017-06-08C,1.90744378154041,1.92909625567409,1.90541385200768,1.92706632614136,1,1.7725376458494393
2017-06-09A,1.92706632614136,1.92909625567409,1.90541385200768,1.92638958417366,1,1.7756507092292362
2017-06-09C,1.92638958417366,1.93924575083168,1.92165313568348,1.92977285385132,1,1.7768958631234824
2017-06-12A,1.92977285385132,1.93924575083168,1.92165313568348,1.93112608406236,1,1.7787636713572321
2017-06-12C,1.93112608406236,1.95007187694464,1.92232977698896,1.93315601348877,1,1.7837445204506142
2017-06-13A,1.93315601348877,1.95007187694464,1.92232977698896,1.93856918811798,1,1.7837445204506142
2017-06-13C,1.93856918811798,1.93992252827232,1.92571302128294,1.93856918811798,1,1.783744525769139
2017-06-14A,1.93856918811798,1.93992252827232,1.92571302128294,1.93856919389814,1,1.7613309737518574
2017-06-14C,1.93856919389814,1.93856919389814,1.9115036813162,1.91421020030975,0,1.7613309737518574
2017-06-15A,1.91421020030975,1.93856919389814,1.9115036813162,1.91556371045637,0,1.7613309737518574
2017-06-15C,1.91556371045637,1.91759364021247,1.90000102320839,1.9040607213974,0,1.7613309737518574
2017-06-16A,1.9040607213974,1.91759364021247,1.90000102320839,1.90406078108053,0,1.7613309737518574
2017-06-16C,1.90406078108053,1.90812064071999,1.89458788280392,1.8972944021225,0,1.7613309737518574
2017-06-19A,1.8972944021225,1.90812064071999,1.89458788280392,1.89864737852729,0,1.7613309737518574
2017-06-19C,1.89864737852729,1.91218013384951,1.89188100086618,1.90879702568054,0,1.7613309737518574
2017-06-20A,1.90879702568054,1.91218013384951,1.89188100086618,1.91150336304013,0,1.7613309737518574
2017-06-20C,1.91150336304013,1.91353329227809,1.90135371685028,1.90135371685028,0,1.7613309737518574
2017-06-21A,1.90135371685028,1.91353329227809,1.90135371685028,1.90947377809864,0,1.7613309737518574
2017-06-21C,1.90947377809864,1.92368312400335,1.90000088082883,1.92300653457642,1,1.7607113931537381
2017-06-22A,1.92300653457642,1.92368312400335,1.90000088082883,1.92233008162315,1,1.7669088928522991
2017-06-22C,1.92233008162315,1.94668907727712,1.91827022212695,1.92909646034241,1,1.766288753275923
2017-06-23A,1.92909646034241,1.94668907727712,1.91827022212695,1.92841939710132,1,1.7799233095077014
2017-06-23C,1.92841939710132,1.94398208176647,1.91826991132845,1.94330549240112,1,1.7786836528410437
2017-06-26A,1.94330549240112,1.94398208176647,1.91826991132845,1.94195204554409,1,1.794797178112386
2017-06-26C,1.94195204554409,1.96360451727602,1.94195204554409,1.95954465866089,1,1.7941775821608523
2017-06-27A,1.95954465866089,1.96360451727602,1.94195204554409,1.95886818894489,1,1.7954171410112691
2017-06-27C,1.95886818894489,1.96292804780792,1.95007188184937,1.96022152900696,1,1.791698853013551
2017-06-28A,1.96022152900696,1.96292804780792,1.95007188184937,1.95616193304027,1,1.790459293996555
2017-06-28C,1.95616193304027,1.969694690187,1.952778663092,1.95480859279633,1,1.7904591006871258
2017-06-29A,1.95480859279633,1.969694690187,1.952778663092,1.9548083817427,1,1.7991357173492821
2017-06-29C,1.9548083817427,1.96631120794318,1.95413179235537,1.96428143978119,1,1.7972765778065432
2017-06-30A,1.96428143978119,1.96631120794318,1.95413179235537,1.962251646663,1,1.8040937827376846
2017-06-30C,1.962251646663,1.97240113347098,1.95210199853183,1.9696946144104,1,1.8047135275967618
2017-07-03A,1.9696946144104,1.97240113347098,1.95210199853183,1.97037124670242,1,1.8053333809749186
2017-07-03C,1.97037124670242,1.97375451659412,1.95886841945235,1.97104799747467,1,1.799135857207563
2017-07-04A,1.97104799747467,1.97375451659412,1.95886841945235,1.9642815924773,1,1.7966567392485029
2017-07-04C,1.9642815924773,1.96969463064308,1.95413194426249,1.96157491207123,1,1.793558095147966
2017-07-05A,1.96157491207123,1.96969463064308,1.95413194426249,1.9581918381672,1,1.8071925053636588
2017-07-05C,1.9581918381672,1.9751077037267,1.95548531903647,1.97307777404785,1,1.8071922729470171
2017-07-06A,1.97307777404785,1.9751077037267,1.95548531903647,1.97307752029729,1,1.814629330479152
2017-07-06C,1.97307752029729,1.98390375675111,1.96901782278489,1.98119723796844,1,1.815869092616469
2017-07-07A,1.98119723796844,1.98390375675111,1.96901782278489,1.98255079997746,1,1.8214467386299924
2017-07-07C,1.98255079997746,1.98864042758942,1.97578442160169,1.98864042758942,1,1.821446699701935
2017-07-10A,1.98864042758942,1.98864042758942,1.97578442160169,1.98864038508809,1,1.8208269941047976
2017-07-10C,1.98864038508809,1.99608351406858,1.98255075760628,1.98796379566193,1,1.8208271346420817
2017-07-11A,1.98796379566193,1.99608351406858,1.98255075760628,1.98796394909937,1,1.8313628694067976
2017-07-11C,1.98796394909937,2.00893983616116,1.98593401934103,1.99946677684784,1,1.8307430224591899
2017-07-12A,1.99946677684784,2.00893983616116,1.98593401934103,1.99879003309641,1,1.8208269941047976
2017-07-12C,1.99879003309641,2.00690975150307,1.97984423857845,1.98796379566193,1,1.8208268952539086
2017-07-13A,1.98796379566193,2.00690975150307,1.97984423857845,1.98796368773735,1,1.8363207164215118
2017-07-13C,1.98796368773735,2.0055563024479,1.98728709834792,2.00487971305847,1,1.8363205184085847
2017-07-14A,2.00487971305847,2.0055563024479,1.98728709834792,2.0048794968696,1,1.85429330765217
2017-07-14C,2.0048794968696,2.02517862827216,2.0048794968696,2.02450203895569,1,1.854913237573719
2017-07-17A,2.02450203895569,2.02517862827216,2.0048794968696,2.02517887329738,1,1.8437576507238496
2017-07-17C,2.02517887329738,2.03668169968491,1.99067023281164,2.01299929618835,1,1.846856474102165
2017-07-18A,2.01299929618835,2.03668169968491,1.99067023281164,2.01638256582637,1,1.8437576507238496
2017-07-18C,2.01638256582637,2.0197656741412,1.99473009184799,2.01299929618835,1,1.8443777384105202
2017-07-19A,2.01299929618835,2.0197656741412,1.99473009184799,2.01367630277669,1,1.8617306787018848
2017-07-19C,2.01367630277669,2.03329884973023,2.01164637300059,2.03262209892273,1,1.8598710421689775
2017-07-20A,2.03262209892273,2.03329884973023,2.01164637300059,2.0305917631948,1,1.8710266282061185
2017-07-20C,2.0305917631948,2.0427713394165,2.02382538573491,2.0427713394165,1,1.870406813892465
2017-07-21A,2.0427713394165,2.0427713394165,2.02382538573491,2.04209463129455,1,1.8716463727313137
2017-07-21C,2.04209463129455,2.04818441953229,2.03735818310625,2.04344797134399,1,1.874745150843467
2017-07-24A,2.04344797134399,2.04818441953229,2.03735818310625,2.04683119156079,1,1.88032279608405
2017-07-24C,2.04683119156079,2.0576572664032,2.03668154474208,2.05292081832886,1,1.880942694622643
2017-07-25A,2.05292081832886,2.0576572664032,2.03668154474208,2.0535976184069,1,1.8716463727313137
2017-07-25C,2.0535976184069,2.05427420777004,2.04006486320514,2.04344797134399,1,1.8747456418976043
2017-07-26A,2.04344797134399,2.05427420777004,2.04006486320514,2.04683172768962,1,1.8623506416007687
2017-07-26C,2.04683172768962,2.06239441600589,2.02044280037206,2.0332989692688,0,1.8623506416007687
2017-07-27A,2.0332989692688,2.06239441600589,2.02044280037206,2.0332989692688,0,1.8623506416007687
2017-07-27C,2.0332989692688,2.0332989692688,2.02044280037206,2.0332989692688,0,1.8623506416007687
2017-07-28A,2.0332989692688,2.0332989692688,2.02044280037206,2.03194499015808,0,1.8623506416007687
2017-07-28C,2.03194499015808,2.03397491941542,2.02314868381733,2.03194499015808,0,1.8623506416007687
2017-07-31A,2.03194499015808,2.03397491941542,2.02314868381733,2.03194499928715,0,1.8623506416007687
2017-07-31C,2.03194499928715,2.0366814471345,2.02788514075423,2.03465151786804,0,1.8623506416007687
2017-08-01A,2.03465151786804,2.0366814471345,2.02788514075423,2.03600493749762,0,1.8623506416007687
2017-08-01C,2.03600493749762,2.04818435224985,2.03465159749263,2.04750776290894,1,1.8635816596301764
2017-08-02A,2.04750776290894,2.04818435224985,2.03465159749263,2.0488611702186,1,1.8586579789585487
2017-08-02C,2.0488611702186,2.0583340665952,1.84248641140699,2.04344797134399,1,1.858657898177042
2017-08-03A,2.04344797134399,2.0583340665952,1.84248641140699,2.04344788253109,1,1.8445025553051333
2017-08-03C,2.04344788253109,2.04886108117043,2.01976548129572,2.02788519859314,0,1.8445025553051333
2017-08-04A,2.02788519859314,2.04886108117043,2.01976548129572,2.02314888500298,0,1.8445025553051333
2017-08-04C,2.02314888500298,2.03126860283977,2.01908902608458,2.01976561546326,0,1.8445025553051333
2017-08-07A,2.01976561546326,2.03126860283977,2.01908902608458,2.02314878410777,0,1.8445025553051333
2017-08-07C,2.02314878410777,2.0265318921556,2.00623275989912,2.02585530281067,0,1.8445025553051333
2017-08-08A,2.02585530281067,2.0265318921556,2.00623275989912,2.02450241283419,0,1.8445025553051333
2017-08-08C,2.02450241283419,2.02585559171704,2.01435276459693,2.01638269424438,0,1.8445025553051333
2017-08-09A,2.01638269424438,2.02585559171704,2.01435276459693,2.0170591552247,0,1.8445025553051333
2017-08-09C,2.0170591552247,2.01773590594621,2.00961618787352,2.01299929618835,0,1.8445025553051333
2017-08-10A,2.01299929618835,2.01773590594621,2.00961618787352,2.01232268916162,0,1.8445025553051333
2017-08-10C,2.01232268916162,2.01638254816239,1.99473007437369,2.00758624076843,0,1.8445025553051333
2017-08-11A,2.00758624076843,2.01638254816239,1.99473007437369,2.00487962217633,0,1.8445025553051333
2017-08-11C,2.00487962217633,2.00487962217633,1.97307750246715,1.97578418254852,0,1.8445025553051333
2017-08-14A,1.97578418254852,2.00487962217633,1.97307750246715,1.96901795036187,0,1.8445025553051333
2017-08-14C,1.96901795036187,1.98864033379992,1.96901795036187,1.98458063602448,0,1.8445025553051333
2017-08-15A,1.98458063602448,1.98864033379992,1.96901795036187,1.98458055271072,0,1.8445025553051333
2017-08-15C,1.98458055271072,2.00623286478911,1.98255062324663,1.99608337879181,0,1.8445025553051333
2017-08-16A,1.99608337879181,2.00623286478911,1.98255062324663,1.9960834036669,0,1.8445025553051333
2017-08-16C,1.9960834036669,1.9960834036669,1.9872870963206,1.99134695529938,0,1.8445025553051333
2017-08-17A,1.99134695529938,1.9960834036669,1.9872870963206,1.99202361384186,0,1.8445025553051333
2017-08-17C,1.99202361384186,2.00420302987784,1.99134702442963,2.00081992149353,0,1.8445025553051333
2017-08-18A,2.00081992149353,2.00420302987784,1.99134702442963,1.99608324413413,0,1.8445025553051333
2017-08-18C,1.99608324413413,2.00758606943922,1.989316866818,2.00352621078491,1,1.8438800133195308
2017-08-21A,2.00352621078491,2.00758606943922,1.989316866818,2.00284999638668,1,1.850109331667828
2017-08-21C,2.00284999638668,2.01164630467664,2.00149665614085,2.00961637496948,1,1.8501088619206105
2017-08-22A,2.00961637496948,2.01164630467664,2.00149665614085,2.00961586472304,1,1.8519776718024752
2017-08-22C,2.00961586472304,2.01841217077959,2.00758593553129,2.0116457939148,1,1.8513550596772546
2017-08-23A,2.0116457939148,2.01841217077959,2.00758593553129,2.01096950332987,1,1.8588303009147251
2017-08-23C,2.01096950332987,2.0238256707109,2.01096950332987,2.01908922195435,1,1.8588299235362897
2017-08-24A,2.01908922195435,2.0238256707109,2.01096950332987,2.01908881204026,1,1.855092303676364
2017-08-24C,2.01908881204026,2.02653177838617,2.0143523642453,2.01502895355225,1,1.8550925437159393
2017-08-25A,2.01502895355225,2.02653177838617,2.0143523642453,2.01502921428682,1,1.8862392808998008
2017-08-25C,2.01502921428682,2.05021444397149,2.01435262489232,2.0488612651825,1,1.8862391172676178
2017-08-28A,2.0488612651825,2.05021444397149,2.01435262489232,2.04886108744278,1,1.8918453987779527
2017-08-28C,2.04886108744278,2.06983680876112,2.04886108744278,2.05495071411133,1,1.889976957054617
2017-08-29A,2.05495071411133,2.06983680876112,2.04886108744278,2.05292118481886,1,1.8930916905172028
2017-08-29C,2.05292118481886,2.06036431425572,2.05021466562508,2.05630445480347,1,1.896206298963012
2017-08-30A,2.05630445480347,2.06036431425572,2.05021466562508,2.05968758899299,1,1.8887312058937593
2017-08-30C,2.05968758899299,2.06577737824685,2.04886151208372,2.05156803131104,1,1.8899766174152137
2017-08-31A,2.05156803131104,2.06577737824685,2.04886151208372,2.05292081589747,1,1.8781410185328342
2017-08-31C,2.05292081589747,2.05968719332754,2.02991516489985,2.04006481170654,1,1.8781413474537694
2017-09-01A,2.04006481170654,2.05968719332754,2.02991516489985,2.04006516898537,1,1.8775183116529042
2017-09-01C,2.04006516898537,2.05156799649868,2.0346519692994,2.03938841819763,1,1.8781411360209268
2017-09-04A,2.03938841819763,2.05156799649868,2.0346519692994,2.04006493932386,1,1.8800097976571672
2017-09-04C,2.04006493932386,2.04480138768889,2.03329856147052,2.04209470748901,1,1.8806327014394826
2017-09-05A,2.04209470748901,2.04480138768889,2.03329856147052,2.04277131487623,1,1.8849932086553982
2017-09-05C,2.04277131487623,2.05156762160073,2.03803486684352,2.04750776290894,1,1.8831244295310559
2017-09-06A,2.04750776290894,2.05156762160073,2.03803486684352,2.04547786712646,1,1.8831244295310559
2017-09-06C,2.04547786712646,2.04683120715366,2.03871148963683,2.04547786712646,1,1.8831247035263972
2017-09-07A,2.04547786712646,2.04683120715366,2.03871148963683,2.04547816474429,1,1.8768953852781263
2017-09-07C,2.04547816474429,2.04886143464295,2.03803519681968,2.03871178627014,0,1.8768953852781263
2017-09-08A,2.03871178627014,2.04886143464295,2.03803519681968,2.03871147169126,0,1.8768953852781263
2017-09-08C,2.03871147169126,2.04547784912134,2.03532820231464,2.04006481170654,0,1.8768953852781263
2017-09-11A,2.04006481170654,2.04547784912134,2.03532820231464,2.04006482069718,0,1.8768953852781263
2017-09-11C,2.04006482069718,2.05224423559572,2.0380348913269,2.0427713394165,1,1.877517191682142
2017-09-12A,2.0427713394165,2.05224423559572,2.0380348913269,2.04344809972544,1,1.8806257350207147
2017-09-12C,2.04344809972544,2.05021447775143,2.04141817018533,2.04683136940002,1,1.880625844211316
2017-09-13A,2.04683136940002,2.05021447775143,2.04141817018533,2.04683148824065,1,1.880004046573392
2017-09-13C,2.04683148824065,2.04886141789862,2.04074169926673,2.04615473747253,1,1.8800038649587785
2017-09-14A,2.04615473747253,2.04886141789862,2.04074169926673,2.04615453980721,1,1.8688134354629269
2017-09-14C,2.04615453980721,2.04818446926908,2.03194519489726,2.03397512435913,0,1.8688134354629269
2017-09-15A,2.03397512435913,2.04818446926908,2.03194519489726,2.03465157589994,0,1.8688134354629269
2017-09-15C,2.03465157589994,2.03600491589056,2.02517867993505,2.02788519859314,0,1.8688134354629269
2017-09-18A,2.02788519859314,2.03600491589056,2.02517867993505,2.02923844734464,0,1.8688134354629269
2017-09-18C,2.02923844734464,2.04074127211668,2.02788510741486,2.03668141365051,0,1.8688134354629269
2017-09-19A,2.03668141365051,2.04074127211668,2.02788510741486,2.03735854795924,0,1.8688134354629269
2017-09-19C,2.03735854795924,2.04683160735545,2.02991557966232,2.03262209892273,0,1.8688134354629269
2017-09-20A,2.03262209892273,2.04683160735545,2.02991557966232,2.03329848560426,0,1.8688134354629269
2017-09-20C,2.03329848560426,2.04683124080602,2.02991521614223,2.04344797134399,1,1.8688135608641963
2017-09-21A,2.04344797134399,2.04683124080602,2.02991521614223,2.0434481084636,1,1.8743829117853348
2017-09-21C,2.0434481084636,2.05292100547586,2.03871165995748,2.04953789710999,1,1.8737639345028259
2017-09-22A,2.04953789710999,2.05292100547586,2.03871165995748,2.0488610784141,1,1.876857919644064
2017-09-22C,2.0488610784141,2.05359752639017,2.04209453979324,2.05224418640137,1,1.8762396191903827
2017-09-25A,2.05224418640137,2.05359752639017,2.04209453979324,2.05156810778176,1,1.8750019363039534
2017-09-25C,2.05156810778176,2.05224469728301,2.0441249779752,2.05021476745605,1,1.871907506787384
2017-09-26A,2.05021476745605,2.05224469728301,2.0441249779752,2.04683117356802,1,1.8725262743157642
2017-09-26C,2.04683117356802,2.05224421094164,2.04344790421714,2.04750776290894,1,1.8725267180675165
2017-09-27A,2.04750776290894,2.05224421094164,2.04344790421714,2.04750824812785,1,1.875001936303953
2017-09-27C,2.04750824812785,2.05292128678426,2.0454783183009,2.05021476745605,1,1.8712885917226463
2017-09-28A,2.05021476745605,2.05292128678426,2.0454783183009,2.04615442290395,1,1.8725262743157642
2017-09-28C,2.04615442290395,2.04953769225483,2.04412449355805,2.04750776290894,1,1.8725262213526637
2017-09-29A,2.04750776290894,2.04953769225483,2.04412449355805,2.04750770499661,1,1.878714339070478
2017-09-29C,2.04750770499661,2.05495067150561,2.04750770499661,2.05427408218384,1,1.8997539524803733
2017-10-09A,2.05427408218384,2.05495067150561,2.04750770499661,2.07727977902038,1,1.8923282995740038
2017-10-09C,2.07727977902038,2.08945935502488,2.06713029367312,2.0691602230072,1,1.8923282123060503
2017-10-10A,2.0691602230072,2.08945935502488,2.06713029367312,2.06916012758434,1,1.8873776297270766
2017-10-10C,2.06916012758434,2.07592650461152,2.05156751504903,2.0637469291687,1,1.8886158422541963
2017-10-11A,2.0637469291687,2.07592650461152,2.05156751504903,2.0651008486283,1,1.8948039615622023
2017-10-11C,2.0651008486283,2.07592708717457,2.05765771888344,2.07186722755432,1,1.8948032465944709
2017-10-12A,2.07186722755432,2.07592708717457,2.05765771888344,2.07186644577518,1,1.8985161462855704
2017-10-12C,2.07186644577518,2.07863282214804,2.06848317692719,2.07592630386353,1,1.8991353888473452
2017-10-13A,2.07592630386353,2.07863282214804,2.06848317692719,2.07660341262817,1,1.8991353888473452
2017-10-13C,2.07660341262817,2.08066327173221,2.07186696411452,2.07660341262817,1,1.899135380836219
2017-10-16A,2.07660341262817,2.08066327173221,2.07186696411452,2.07660340386843,1,1.8966601629454598
2017-10-16C,2.07660340386843,2.07660340386843,2.07051361523806,2.07389688491821,1,1.8960412398014994
2017-10-17A,2.07389688491821,2.07660340386843,2.07051361523806,2.07322012541994,1,1.8941849370435748
2017-10-17C,2.07322012541994,2.07389687614702,2.06645374741144,2.07119035720825,1,1.8935660151535116
2017-10-18A,2.07119035720825,2.07389687614702,2.06645374741144,2.07051359908105,1,1.9034670341756545
2017-10-18C,2.07051359908105,2.08201642552208,2.06983700967957,2.08133983612061,1,1.9034670113966758
2017-10-19A,2.08133983612061,2.08201642552208,2.06983700967957,2.08133981121301,1,1.907798679503954
2017-10-19C,2.08133981121301,2.0894595292263,2.08133981121301,2.08607625961304,1,1.9065608737440147
2017-10-20A,2.08607625961304,2.0894595292263,2.08133981121301,2.08472278493169,1,1.9139865262155114
2017-10-20C,2.08472278493169,2.09419568038721,2.08133951579863,2.09284234046936,1,1.9121305040269154
2017-10-23A,2.09284234046936,2.09419568038721,2.08133951579863,2.09081287904529,1,1.9115117363999383
2017-10-23C,2.09081287904529,2.09216621926593,2.08810635992718,2.09013628959656,1,1.9102737601153255
2017-10-24A,2.09013628959656,2.09216621926593,2.08810635992718,2.08878262845556,1,1.9220312284397951
2017-10-24C,2.08878262845556,2.10231554461325,2.08539952040851,2.10163879394531,1,1.9226504788078032
2017-10-25A,2.10163879394531,2.10231554461325,2.08539952040851,2.10231591124565,1,1.925125696903465
2017-10-25C,2.10231591124565,2.10502243041992,2.09893264128541,2.10502243041992,1,1.9251257201790564
2017-10-26A,2.10502243041992,2.10502243041992,2.09893264128541,2.10502245587054,1,1.920794051575165
2017-10-26C,2.10502245587054,2.11381876428568,2.09690273692635,2.10028600692749,1,1.92821948040294
2017-10-27A,2.10028600692749,2.11381876428568,2.09690273692635,2.10840531792266,1,1.9300759306640796
2017-10-27C,2.10840531792266,2.11111183681307,2.10163894003505,2.11043524742126,1,1.9306945024627629
2017-10-30A,2.11043524742126,2.11111183681307,2.10163894003505,2.11111162274218,1,1.9257440672926232
2017-10-30C,2.11111162274218,2.1144948920045,2.08742938319855,2.10569858551025,1,1.9232691912156845
2017-10-31A,2.10569858551025,2.1144948920045,2.08742938319855,2.10299244031524,1,1.9183186076301235
2017-10-31C,2.10299244031524,2.10299244031524,2.0894596835093,2.09757924079895,0,1.9183186076301235
2017-11-01A,2.09757924079895,2.10299244031524,2.0894596835093,2.0975790681466,0,1.9183186076301235
2017-11-01C,2.0975790681466,2.10028574834355,2.08066320419312,2.08066320419312,0,1.9183186076301235
2017-11-02A,2.08066320419312,2.10028574834355,2.08066320419312,2.07998648720789,0,1.9183186076301235
2017-11-02C,2.07998648720789,2.08269316744872,2.06848366081545,2.07863330841064,0,1.9183186076301235
2017-11-03A,2.07863330841064,2.08269316744872,2.06848366081545,2.07863317079861,0,1.9183186076301235
2017-11-03C,2.07863317079861,2.07863317079861,2.05901062762908,2.07254338264465,0,1.9183186076301235
2017-11-06A,2.07254338264465,2.07863317079861,2.05901062762908,2.07186689686096,0,1.9183186076301235
2017-11-06C,2.07186689686096,2.08066320419312,2.06307058952881,2.08066320419312,0,1.9183186076301235
2017-11-07A,2.08066320419312,2.08066320419312,2.06307058952881,2.08066292650128,0,1.9183186076301235
2017-11-07C,2.08066292650128,2.10096205733018,2.08066292650128,2.09284234046936,1,1.9183186949315523
2017-11-08A,2.09284234046936,2.10096205733018,2.08066292650128,2.09284243571325,1,1.9232804827308707
2017-11-08C,2.09284243571325,2.11178838880966,2.09148925705696,2.09825563430786,1,1.9251412381748256
2017-11-09A,2.09825563430786,2.11178838880966,2.09148925705696,2.10028567653488,1,1.933204014395694
2017-11-09C,2.10028567653488,2.11043516229532,2.09757899643047,2.10908198356628,1,1.9344443524062758
2017-11-10A,2.10908198356628,2.11043516229532,2.09757899643047,2.11043516436467,1,1.9449879487353827
2017-11-10C,2.11043516436467,2.12329133024213,2.09757899848721,2.1219379901886,1,1.9449878119456077
2017-11-13A,2.1219379901886,2.12329133024213,2.09757899848721,2.12193784095404,1,1.9592527113571008
2017-11-13C,2.12193784095404,2.14291372303112,2.12193784095404,2.13750052452087,1,1.9586324387553007
2017-11-14A,2.13750052452087,2.14291372303112,2.12193784095404,2.13682382110022,1,1.9493291796922776
2017-11-14C,2.13682382110022,2.14088367943533,2.12261447825049,2.12667417526245,1,1.949329616049886
2017-11-15A,2.12667417526245,2.14088367943533,2.12261447825049,2.12667465131876,1,1.93754568242594
2017-11-15C,2.12667465131876,2.12667465131876,2.11043537566631,2.1138186454773,1,1.9369250382820884
2017-11-16A,2.1138186454773,2.12667465131876,2.11043537566631,2.11314153671265,1,1.9369250382820884
2017-11-16C,2.11314153671265,2.11517146599069,2.10637515956022,2.11314153671265,0,1.9369250382820884
2017-11-17A,2.11314153671265,2.11517146599069,2.10637515956022,2.11314149239499,0,1.9369250382820884
2017-11-17C,2.11314149239499,2.13885382182885,2.11178831378678,2.13682389259338,1,1.9350850884159694
2017-11-20A,2.13682389259338,2.13885382182885,2.11178831378678,2.13479405212078,1,1.951031921077025
2017-11-20C,2.13479405212078,2.15509318399635,2.11652484956507,2.15238666534424,1,1.9510319708062127
2017-11-21A,2.15238666534424,2.15509318399635,2.11652484956507,2.15238672020569,1,1.9669788038737297
2017-11-21C,2.15238672020569,2.17945223006298,2.14629693209085,2.16997933387756,1,1.9688187898768388
2017-11-22A,2.16997933387756,2.17945223006298,2.14629693209085,2.17200921421664,1,1.975565470548699
2017-11-22C,2.17200921421664,2.19501486481137,2.16862594489928,2.17945218086243,1,1.9749525600342186
2017-11-23A,2.17945218086243,2.19501486481137,2.16862594489928,2.17877601539114,1,1.9350854705095828
2017-11-23C,2.17877601539114,2.18689573427391,2.12329164611293,2.13479447364807,0,1.9350854705095828
2017-11-24A,2.13479447364807,2.18689573427391,2.12329164611293,2.13276449290992,0,1.9350854705095828
2017-11-24C,2.13276449290992,2.13817769247668,2.11246535751174,2.13141131401062,0,1.9350854705095828
2017-11-27A,2.13141131401062,2.13817769247668,2.11246535751174,2.13141105483875,0,1.9350854705095828
2017-11-27C,2.13141105483875,2.13141105483875,2.10028568541496,2.11178851127624,0,1.9350854705095828
2017-11-28A,2.11178851127624,2.13141105483875,2.10028568541496,2.10569886644285,0,1.9350854705095828
2017-11-28C,2.10569886644285,2.11314183396055,2.09419603979799,2.10637545585632,0,1.9350854705095828
2017-11-29A,2.10637545585632,2.11314183396055,2.09419603979799,2.10705192547981,0,1.9350854705095828
2017-11-29C,2.10705192547981,2.11787816126683,2.09148924178408,2.10569858551025,0,1.9350854705095828
2017-11-30A,2.10569858551025,2.11787816126683,2.09148924178408,2.10502191576059,0,1.9350854705095828
2017-11-30C,2.10502191576059,2.1084050235705,2.0901358219568,2.09284234046936,0,1.9350854705095828
2017-12-01A,2.09284234046936,2.1084050235705,2.0901358219568,2.09284261258461,0,1.9350854705095828
2017-12-01C,2.09284261258461,2.09622588215757,2.08201637580359,2.09081268310547,0,1.9350854705095828
2017-12-04A,2.09081268310547,2.09622588215757,2.08201637580359,2.09081287904529,0,1.9350854705095828
2017-12-04C,2.09081287904529,2.09622607860468,2.08133998147033,2.09013628959656,0,1.9350854705095828
2017-12-05A,2.09013628959656,2.09622607860468,2.08133998147033,2.09013624076995,0,1.9350854705095828
2017-12-05C,2.09013624076995,2.11923168358705,2.08945965133703,2.1138186454773,1,1.934465743839439
2017-12-06A,2.1138186454773,2.11923168358705,2.08945965133703,2.11314167807177,1,1.917741286358001
2017-12-06C,2.11314167807177,2.11314167807177,2.07727986063261,2.09487247467041,0,1.917741286358001
2017-12-07A,2.09487247467041,2.11314167807177,2.07727986063261,2.09284237076066,0,1.917741286358001
2017-12-07C,2.09284237076066,2.09419571069811,2.07119006102368,2.07795643806458,0,1.917741286358001
2017-12-08A,2.07795643806458,2.09419571069811,2.07119006102368,2.0759264225382,0,1.917741286358001
2017-12-08C,2.0759264225382,2.07795635169842,2.06374684757691,2.07524967193604,0,1.917741286358001
2017-12-11A,2.07524967193604,2.07795635169842,2.06374684757691,2.07389655866069,0,1.917741286358001
2017-12-11C,2.07389655866069,2.09554886817932,2.06645343106455,2.09554886817932,0,1.917741286358001
2017-12-12A,2.09554886817932,2.09554886817932,2.06645343106455,2.09013646043088,0,1.917741286358001
2017-12-12C,2.09013646043088,2.09081304993491,2.06577746373063,2.06713080406189,0,1.917741286358001
2017-12-13A,2.06713080406189,2.09081304993491,2.06577746373063,2.0671299984465,0,1.917741286358001
2017-12-13C,2.0671299984465,2.07660289310387,2.05833369302947,2.07592630386353,0,1.917741286358001
2017-12-14A,2.07592630386353,2.07660289310387,2.05833369302947,2.07592667678755,0,1.917741286358001
2017-12-14C,2.07592667678755,2.07998637428204,2.0651004403815,2.06780695915222,0,1.917741286358001
2017-12-15A,2.06780695915222,2.07998637428204,2.0651004403815,2.06442419929479,0,1.917741286358001
2017-12-15C,2.06442419929479,2.06780730799814,2.05089128051181,2.05156803131104,0,1.917741286358001
2017-12-18A,2.05156803131104,2.06780730799814,2.05089128051181,2.05427408218384,0,1.917741286358001
2017-12-18C,2.05427408218384,2.0583339407608,2.04818429431839,2.05427408218384,0,1.917741286358001
2017-12-19A,2.05427408218384,2.0583339407608,2.04818429431839,2.05495092092929,0,1.917741286358001
2017-12-19C,2.05495092092929,2.07119035720825,2.05495092092929,2.07119035720825,1,1.9177415464009582
2017-12-20A,2.07119035720825,2.07119035720825,2.05495092092929,2.07119063805868,1,1.9183680091522881
2017-12-20C,2.07119063805868,2.07728026616586,2.06577743812395,2.07186722755432,1,1.9202473026162519
2017-12-21A,2.07186722755432,2.07728026616586,2.06577743812395,2.07389689366654,1,1.9227533026741244
2017-12-21C,2.07389689366654,2.08269320128423,2.06036413753521,2.07660341262817,1,1.924006006030876
2017-12-22A,2.07660341262817,2.08269320128423,2.06036413753521,2.07795635169842,1,1.92149985708556
2017-12-22C,2.07795635169842,2.08269279929787,2.07457308265701,2.07524967193604,1,1.9208735841373352
2017-12-25A,2.07524967193604,2.08269279929787,2.07457308265701,2.0745732874307,1,1.9233795839588683
2017-12-25C,2.0745732874307,2.09419583036755,2.07389669808489,2.07727980613708,1,1.9233798765421632
2017-12-26A,2.07727980613708,2.09419583036755,2.07389669808489,2.07728012213158,1,1.9352835642192132
2017-12-26C,2.07728012213158,2.09081287904529,2.07525019246221,2.09013628959656,1,1.9359097324377303
2017-12-27A,2.09013628959656,2.09081287904529,2.07525019246221,2.09081256099219,1,1.9233795839588685
2017-12-27C,2.09081256099219,2.09622575972813,2.07389669808489,2.07727980613708,1,1.924632982563099
2017-12-28A,2.07727980613708,2.09622575972813,2.07389669808489,2.0786334960854,1,1.933404058100667
2017-12-28C,2.0786334960854,2.09081291297611,2.07322029643816,2.08810639381409,1,1.934030403675329
2017-12-29A,2.08810639381409,2.09081291297611,2.07322029643816,2.08878285675711,1,1.9434280907329133
2017-12-29C,2.08878285675711,2.09893250465393,2.08810626733838,2.09893250465393,1,1.9440544555323453
2018-01-02A,2.09893250465393,2.09893250465393,2.08810626733838,2.09960898836,1,1.9716209032658862
2018-01-02C,2.09960898836,2.13141110928673,2.09960898836,2.12938117980957,1,1.9722473593232388
2018-01-03A,2.12938117980957,2.13141110928673,2.09960898836,2.13005776207561,1,1.9810184338586174
2018-01-03C,2.13005776207561,2.14968030607381,2.12464472437006,2.13953065872192,1,1.98039186130356
2018-01-04A,2.13953065872192,2.14968030607381,2.12464472437006,2.13885395063655,1,1.9816449358981332
2018-01-04C,2.13885395063655,2.14562032805456,2.13411750257626,2.14020729064941,1,1.9816450726190105
2018-01-05A,2.14020729064941,2.14562032805456,2.13411750257626,2.14020743831008,1,2.001693221917406
2018-01-05C,2.14020743831008,2.16727294984946,2.13682416870607,2.16185975074768,1,2.0010665814058437
2018-01-08A,2.16185975074768,2.16727294984946,2.13682416870607,2.16118296926823,1,2.0154762667867536
2018-01-08C,2.16118296926823,2.1889250677334,2.16050637993683,2.17674565315247,1,2.0167295228400612
2018-01-09A,2.17674565315247,2.1889250677334,2.16050637993683,2.17809918914358,1,2.014849985502001
2018-01-09C,2.17809918914358,2.18080570803588,2.16997947114349,2.17606925964355,1,2.0148499313956214
2018-01-10A,2.17606925964355,2.18080570803588,2.16997947114349,2.17606920120782,1,2.0211150058971645
2018-01-10C,2.17606920120782,2.18892520593181,2.16997941287129,2.18283557891846,1,2.020488305849143
2018-01-11A,2.18283557891846,2.18892520593181,2.16997941287129,2.18215873313871,1,2.01610276882627
2018-01-11C,2.18215873313871,2.18689534252062,2.16794938896245,2.17742228507996,1,2.0154763940344256
2018-01-12A,2.17742228507996,2.18689534252062,2.16794938896245,2.17674579058193,1,2.0211150058971645
2018-01-12C,2.17674579058193,2.19027854600321,2.17336252106502,2.18283557891846,1,2.0217413492982654
2018-01-15A,2.18283557891846,2.19027854600321,2.17336252106502,2.183512039514,1,2.0179822749448157
2018-01-15C,2.183512039514,2.19839813412873,2.17539232221085,2.17945218086243,1,2.0167294313302566
2018-01-16A,2.17945218086243,2.19839813412873,2.17539232221085,2.17809909031157,1,2.032392042608442
2018-01-16C,2.17809909031157,2.19569154297486,2.17539241021891,2.19501495361328,1,2.036151063189998
2018-01-17A,2.19501495361328,2.19569154297486,2.17539241021891,2.19907475419037,1,2.0386570630035963
2018-01-17C,2.19907475419037,2.22208040510655,2.18892510741961,2.20178127288818,1,2.0392834366314014
2018-01-18A,2.20178127288818,2.22208040510655,2.18892510741961,2.20245776612903,1,2.056199120110036
2018-01-18C,2.20245776612903,2.22208014538708,2.20245776612903,2.22072696685791,1,2.0587056650814466
2018-01-19A,2.22072696685791,2.22208014538708,2.20245776612903,2.22343407433462,1,2.0662238150065964
2018-01-19C,2.22343407433462,2.24440979900246,2.22275748489077,2.23155379295349,1,2.064970451321929
2018-01-22A,2.23155379295349,2.24440979900246,2.22275748489077,2.23020014071884,1,2.0793801370816576
2018-01-22C,2.23020014071884,2.2484693437321,2.22817021134813,2.24576282501221,1,2.083914702675576
2018-01-23A,2.24576282501221,2.2484693437321,2.22817021134813,2.25066022624097,1,2.1111215825551497
2018-01-23C,2.25066022624097,2.28074364273575,2.24716207309452,2.2800440788269,1,2.11241706678164
2018-01-24A,2.2800440788269,2.28074364273575,2.24716207309452,2.28144322190053,1,2.1175994105493556
2018-01-24C,2.28144322190053,2.29963321806103,2.27304795453493,2.28704023361206,1,2.116951603178442
2018-01-25A,2.28704023361206,2.29963321806103,2.27304795453493,2.28634059159595,1,2.1085305838103365
2018-01-25C,2.28634059159595,2.29123803958395,2.25905576309781,2.27724575996399,1,2.106586872009953
2018-01-26A,2.27724575996399,2.29123803958395,2.25905576309781,2.27514652104851,1,2.1318502347780117
2018-01-26C,2.27514652104851,2.30872791980281,2.27094880450394,2.30243134498596,1,2.1273160399182083
2018-01-29A,2.30243134498596,2.30872791980281,2.27094880450394,2.2975343441558,1,2.1111215825551493
2018-01-29C,2.2975343441558,2.32551890212293,2.26675136375218,2.2800440788269,1,2.110473846994083
2018-01-30A,2.2800440788269,2.32551890212293,2.26675136375218,2.27934451436654,1,2.091040404075033
2018-01-30C,2.27934451436654,2.28354223172801,2.25345881303902,2.25835609436035,0,2.091040404075033
2018-01-31A,2.25835609436035,2.28354223172801,2.25345881303902,2.25415843687204,0,2.091040404075033
2018-01-31C,2.25415843687204,2.26115474386107,2.23596860582444,2.25625729560852,0,2.091040404075033
2018-02-01A,2.25625729560852,2.26115474386107,2.23596860582444,2.25765617286715,0,2.091040404075033
2018-02-01C,2.25765617286715,2.26954959230704,2.23666775618478,2.25415802001953,0,2.091040404075033
2018-02-02A,2.25415802001953,2.26954959230704,2.23666775618478,2.24716219113934,0,2.091040404075033
2018-02-02C,2.24716219113934,2.27864490390673,2.22547420761587,2.27584648132324,1,2.076255770907694
2018-02-05A,2.27584648132324,2.27864490390673,2.22547420761587,2.25975518279741,0,2.076255770907694
2018-02-05C,2.25975518279741,2.31292587531958,2.25275904343399,2.31082701683044,1,2.054254616309355
2018-02-06A,2.31082701683044,2.31292587531958,2.25275904343399,2.28634021556073,1,2.0209389971052563
2018-02-06C,2.28634021556073,2.28703994618743,2.23876653939777,2.24926066398621,0,2.0209389971052563
2018-02-07A,2.24926066398621,2.28703994618743,2.23876653939777,2.27374744013931,0,2.0209389971052563
2018-02-07C,2.27374744013931,2.28913901331451,2.20098745800322,2.20518517494202,0,2.0209389971052563
2018-02-08A,2.20518517494202,2.28913901331451,2.20098745800322,2.2009875897347,0,2.0209389971052563
2018-02-08C,2.2009875897347,2.20238688439842,2.14082075481394,2.16460776329041,0,2.0209389971052563
2018-02-09A,2.16460776329041,2.20238688439842,2.14082075481394,2.13312493067239,0,2.0209389971052563
2018-02-09C,2.13312493067239,2.13312493067239,2.0344792494834,2.08345222473145,0,2.0209389971052563
2018-02-12A,2.08345222473145,2.13312493067239,2.0344792494834,2.08695049672204,0,2.0209389971052563
2018-02-12C,2.08695049672204,2.09884391756566,2.0708593586863,2.08765006065369,0,2.0209389971052563
2018-02-13A,2.08765006065369,2.09884391756566,2.0708593586863,2.09394650343827,0,2.0209389971052563
2018-02-13C,2.09394650343827,2.13662290297823,2.09394650343827,2.11493492126465,0,2.0209389971052563
2018-02-14A,2.11493492126465,2.13662290297823,2.09394650343827,2.11493521808536,0,2.0209389971052563
2018-02-14C,2.11493521808536,2.12333065311461,2.09884407881338,2.1212317943573,0,2.0209389971052563
2018-02-22A,2.1212317943573,2.12333065311461,2.09884407881338,2.14781692636881,0,2.0209389971052563
2018-02-22C,2.14781692636881,2.16180920600891,2.13802236398097,2.16180920600891,0,2.0209389971052563
2018-02-23A,2.16180920600891,2.16180920600891,2.13802236398097,2.16180918896382,0,2.0209389971052563
2018-02-23C,2.16180918896382,2.17720076316702,2.15271419058935,2.17160391807556,1,2.026798344973426
2018-02-26A,2.17160391807556,2.17720076316702,2.15271419058935,2.17790009168897,1,2.0333090949467914
2018-02-26C,2.17790009168897,2.193991228089,2.1590105330457,2.18489623069763,1,2.0378665011648587
2018-02-27A,2.18489623069763,2.193991228089,2.1590105330457,2.18979340038637,1,2.00791702404026
2018-02-27C,2.18979340038637,2.19259182227468,2.15341341543508,2.15761113166809,0,2.00791702404026
2018-02-28A,2.15761113166809,2.19259182227468,2.15341341543508,2.14851647662099,0,2.00791702404026
2018-02-28C,2.14851647662099,2.14851647662099,2.1233303420244,2.13802218437195,0,2.00791702404026
2018-03-01A,2.13802218437195,2.14851647662099,2.1233303420244,2.13312478460583,0,2.00791702404026
2018-03-01C,2.13312478460583,2.14781662613388,2.1177332124328,2.13382434844971,0,2.00791702404026
2018-03-02A,2.13382434844971,2.14781662613388,2.1177332124328,2.1275278607162,0,2.00791702404026
2018-03-02C,2.1275278607162,2.1387217166829,2.11493487700436,2.13242530822754,0,2.00791702404026
2018-03-05A,2.13242530822754,2.1387217166829,2.11493487700436,2.13242522076195,0,2.00791702404026
2018-03-05C,2.13242522076195,2.14781662613388,2.12333022358713,2.13382434844971,0,2.00791702404026
2018-03-06A,2.13382434844971,2.14781662613388,2.12333022358713,2.14152041192524,0,2.00791702404026
2018-03-06C,2.14152041192524,2.15411339626128,2.12612883835797,2.15131497383118,1,2.0085698317809184
2018-03-07A,2.15131497383118,2.15411339626128,2.12612883835797,2.15201440266748,1,2.0053050072613927
2018-03-07C,2.15201440266748,2.17020439752317,2.14641755815856,2.14851641654968,1,2.004651655515556
2018-03-08A,2.14851641654968,2.17020439752317,2.14641755815856,2.14781640485738,1,2.0137935054762917
2018-03-08C,2.14781640485738,2.1604095535564,2.14501798296907,2.15761113166809,1,2.020323896941878
2018-03-09A,2.15761113166809,2.1604095535564,2.14501798296907,2.16460789935156,1,2.0150999589188503
2018-03-09C,2.16460789935156,2.16460789935156,2.15271431096517,2.159010887146,1,2.0209764960077607
2018-03-12A,2.159010887146,2.16460789935156,2.15271431096517,2.16530710461031,1,2.0190175390340173
2018-03-12C,2.16530710461031,2.17160367974802,2.16040982399247,2.16320824623108,1,2.0190175391193157
2018-03-13A,2.16320824623108,2.17160367974802,2.16040982399247,2.16320824632247,1,2.0111817112239962
2018-03-13C,2.16320824632247,2.16950482146044,2.15271395442585,2.15481281280518,1,2.010528970870433
2018-03-14A,2.15481281280518,2.16950482146044,2.15271395442585,2.15411345616851,1,2.005958122719396
2018-03-14C,2.15411345616851,2.15411345616851,2.14222003540895,2.14921617507935,0,2.005958122719396
2018-03-15A,2.14921617507935,2.15411345616851,2.14222003540895,2.14781700023972,0,2.005958122719396
2018-03-15C,2.14781700023972,2.15271428160208,2.1394217322476,2.14501857757568,0,2.005958122719396
2018-03-16A,2.14501857757568,2.15271428160208,2.1394217322476,2.14571805161821,0,2.005958122719396
2018-03-16C,2.14571805161821,2.15131506351286,2.13032664421044,2.1331250667572,0,2.005958122719396
2018-03-19A,2.1331250667572,2.15131506351286,2.13032664421044,2.13242532445699,0,2.005958122719396
2018-03-19C,2.13242532445699,2.13382445221278,2.1156344569786,2.12263059616089,0,2.005958122719396
2018-03-20A,2.12263059616089,2.13382445221278,2.1156344569786,2.12263047703054,0,2.005958122719396
2018-03-20C,2.12263047703054,2.12682819366455,2.10863819945126,2.12682819366455,0,2.005958122719396
2018-03-21A,2.12682819366455,2.12682819366455,2.10863819945126,2.13102637357369,0,2.005958122719396
2018-03-21C,2.13102637357369,2.13872207787498,2.11633452896184,2.11983251571655,0,2.005958122719396
2018-03-22A,2.11983251571655,2.13872207787498,2.11633452896184,2.12612858137705,0,2.005958122719396
2018-03-22C,2.12612858137705,2.12612858137705,2.096045168587,2.10583972930908,0,2.005958122719396
2018-03-23A,2.10583972930908,2.12612858137705,2.096045168587,2.07645618716136,0,2.005958122719396
2018-03-23C,2.07645618716136,2.07645618716136,2.03238049059819,2.05896592140198,0,2.005958122719396
2018-03-26A,2.05896592140198,2.07645618716136,2.03238049059819,2.05336910410317,0,2.005958122719396
2018-03-26C,2.05336910410317,2.05336910410317,2.0127915569287,2.03797769546509,0,2.005958122719396
2018-03-27A,2.03797769546509,2.05336910410317,2.0127915569287,2.04567339978413,0,2.005958122719396
2018-03-27C,2.04567339978413,2.08485181897395,2.0302818243449,2.03797769546509,0,2.005958122719396
2018-03-28A,2.03797769546509,2.08485181897395,2.0302818243449,2.03028166119813,0,2.005958122719396
2018-03-28C,2.03028166119813,2.04217508211771,2.01279139518738,2.01279139518738,0,2.005958122719396
2018-03-29A,2.01279139518738,2.04217508211771,2.01279139518738,2.01349075552027,0,2.005958122719396
2018-03-29C,2.01349075552027,2.05266916760013,2.00159733580335,2.04847145080566,0,2.005958122719396
2018-03-30A,2.04847145080566,2.05266916760013,2.00159733580335,2.04847161424149,0,2.005958122719396
2018-03-30C,2.04847161424149,2.05266933137087,2.03797748821916,2.04357433319092,0,2.005958122719396
2018-04-02A,2.04357433319092,2.05266933137087,2.03797748821916,2.04357419849033,0,2.005958122719396
2018-04-02C,2.04357419849033,2.05336875994587,2.03098121473337,2.03238034248352,0,2.005958122719396
2018-04-03A,2.03238034248352,2.05336875994587,2.03098121473337,2.02258619910089,0,2.005958122719396
2018-04-03C,2.02258619910089,2.02328576312057,2.00089804647936,2.00439620018005,0,2.005958122719396
2018-04-04A,2.00439620018005,2.02328576312057,2.00089804647936,2.00579521259486,0,2.005958122719396
2018-04-04C,2.00579521259486,2.0218863503898,2.00439591795138,2.00509548187256,0,2.005958122719396
2018-04-09A,2.00509548187256,2.0218863503898,2.00439591795138,2.00369644165039,0,2.005958122719396
2018-04-09C,2.00369644165039,2.01069258157147,1.99250258441644,2.00369644165039,0,2.005958122719396
2018-04-10A,2.00369644165039,2.01069258157147,1.99250258441644,2.00439599247486,0,2.005958122719396
2018-04-10C,2.00439599247486,2.04077598654666,2.00439599247486,2.04007625579834,1,2.0080218936026175
2018-04-11A,2.04007625579834,2.04077598654666,2.00439599247486,2.04217512811705,1,2.0210923027804477
2018-04-11C,2.04217512811705,2.06316354788338,2.0400762694603,2.0554678440094,1,2.021091784785197
2018-04-12A,2.0554678440094,2.06316354788338,2.0400762694603,2.05546731720388,1,2.000454379588621
2018-04-12C,2.05546731720388,2.05546731720388,2.03307960847053,2.03447890281677,1,2.0176525793144777
2018-04-13A,2.03447890281677,2.05546731720388,2.03307960847053,2.0519696163595,1,1.9915117640301383
2018-04-13C,2.0519696163595,2.0519696163595,2.02328532928822,2.02538418769836,0,1.9915117640301383
2018-04-16A,2.02538418769836,2.0519696163595,2.02328532928822,2.02538441144634,0,1.9915117640301383
2018-04-16C,2.02538441144634,2.02538441144634,1.98200827751329,1.98830485343933,0,1.9915117640301383
2018-04-17A,1.98830485343933,2.02538441144634,1.98200827751329,1.99390177335821,0,1.9915117640301383
2018-04-17C,1.99390177335821,1.99530106810572,1.96591721281722,1.9715142250061,0,1.9915117640301383
2018-04-18A,1.9715142250061,1.99530106810572,1.96591721281722,1.98200814392097,0,1.9915117640301383
2018-04-18C,1.98200814392097,1.99040357792315,1.95052560001504,1.97291314601898,0,1.9915117640301383
2018-04-19A,1.97291314601898,1.99040357792315,1.95052560001504,1.97291338206645,0,1.9915117640301383
2018-04-19C,1.97291338206645,1.98690566254343,1.96941539534778,1.98550653457642,0,1.9915117640301383
2018-04-20A,1.98550653457642,1.98690566254343,1.96941539534778,1.98410679022696,0,1.9915117640301383
2018-04-20C,1.98410679022696,1.99110292888019,1.95542267178907,1.96101951599121,0,1.9915117640301383
2018-04-23A,1.96101951599121,1.99110292888019,1.95542267178907,1.95962038834123,0,1.9915117640301383
2018-04-23C,1.95962038834123,1.97011451292051,1.95192451906191,1.96101951599121,0,1.9915117640301383
2018-04-24A,1.96101951599121,1.97011451292051,1.95192451906191,1.96032019113393,0,1.9915117640301383
2018-04-24C,1.96032019113393,2.01349088474029,1.96032019113393,1.99949860572815,1,1.9859373762378285
2018-04-25A,1.99949860572815,2.01349088474029,1.96032019113393,1.99390186217894,1,1.9796661171151273
2018-04-25C,1.99390186217894,1.99740001580297,1.98480686291786,1.98760545253754,1,1.981756293088367
2018-04-26A,1.98760545253754,1.99740001580297,1.98480686291786,1.98970401103953,1,1.9517930428933135
2018-04-26C,1.98970401103953,1.99250243343569,1.95682200578106,1.95962059497833,0,1.9517930428933135
2018-04-27A,1.95962059497833,1.99250243343569,1.95682200578106,1.96451784774022,0,1.9517930428933135
2018-04-27C,1.96451784774022,1.97011469245239,1.94003127682198,1.96311855316162,0,1.9517930428933135
2018-05-02A,1.96311855316162,1.97011469245239,1.94003127682198,1.96731650756473,0,1.9517930428933135
2018-05-02C,1.96731650756473,1.97431264769998,1.96311879012335,1.9715142250061,0,1.9517930428933135
2018-05-03A,1.9715142250061,1.97431264769998,1.96311879012335,1.97151383976166,1,1.9635674937913492
2018-05-03C,1.97151383976166,1.98760497560855,1.96521726482998,1.98340725898743,1,1.963567773211634
2018-05-04A,1.98340725898743,1.98760497560855,1.96521726482998,1.98340754123096,1,1.962875206922783
2018-05-04C,1.98340754123096,1.98830482238546,1.97990938794853,1.98270797729492,1,1.962875441616215
2018-05-07A,1.98270797729492,1.98830482238546,1.97990938794853,1.98270821435968,1,1.9843464853313761
2018-05-07C,1.98270821435968,2.00509576419973,1.98060935549949,2.00439620018005,1,1.9843464382831781
2018-05-08A,2.00439620018005,2.00509576419973,1.98060935549949,2.00439615265648,1,2.0016619182252215
2018-05-08C,2.00439615265648,2.02468500995646,2.00089799903873,2.02188658714294,1,2.0058171268681133
2018-05-09A,2.02188658714294,2.02468500995646,2.00089799903873,2.02608377975841,1,1.9975058366767646
2018-05-09C,2.02608377975841,2.02608377975841,2.01419035980283,2.01768851280212,1,1.9995836881180318
2018-05-10A,2.01768851280212,2.02608377975841,2.01419035980283,2.01978735872656,1,2.012050705894115
2018-05-10C,2.01978735872656,2.03377963703479,2.01978735872656,2.03238034248352,1,2.012050824293861
2018-05-11A,2.03238034248352,2.03377963703479,2.01978735872656,2.03238046207957,1,2.0078950964130775
2018-05-11C,2.03238046207957,2.03797747381289,2.02608388643,2.02818274497986,1,2.009972842075993
2018-05-14A,2.02818274497986,2.03797747381289,2.02608388643,2.03028148405717,1,2.012050705894115
2018-05-14C,2.03028148405717,2.04077577618891,2.02888235630702,2.03238034248352,1,2.0162064489837985
2018-05-15A,2.03238034248352,2.04077577618891,2.02888235630702,2.0365780749458,1,2.018976879051657
2018-05-15C,2.0365780749458,2.04007606114912,2.02958193573807,2.03937649726868,1,2.016899043204429
2018-05-16A,2.03937649726868,2.04007606114912,2.02958193573807,2.03727766709584,1,2.011358182991849
2018-05-16C,2.03727766709584,2.04007608945755,2.03028152779103,2.03168082237244,1,2.0092804374960953
2018-05-17A,2.03168082237244,2.04007608945755,2.03028152779103,2.02958208346398,1,2.007202573510802
2018-05-17C,2.02958208346398,2.03517892851709,2.02468480234222,2.02748322486877,1,2.0072023841893545
2018-05-18A,2.02748322486877,2.03517892851709,2.02468480234222,2.02748303363443,1,2.027980856949709
2018-05-18C,2.02748303363443,2.04917101467104,2.02118645844272,2.04847145080566,1,2.0328294454674385
2018-05-21A,2.04847145080566,2.04917101467104,2.02118645844272,2.05336902916358,1,2.0342147432386946
2018-05-21C,2.05336902916358,2.06316359190329,2.05196990122999,2.05476832389832,1,2.034214594697387
2018-05-22A,2.05476832389832,2.06316359190329,2.05196990122999,2.05476817385616,1,2.024518006404648
2018-05-22C,2.05476817385616,2.05616730168759,2.04007616401829,2.04497361183166,1,2.022440171719795
2018-05-23A,2.04497361183166,2.05616730168759,2.04007616401829,2.04287478283294,1,2.008587855349055
2018-05-23C,2.04287478283294,2.04427391068461,2.02888250350952,2.02888250350952,0,2.008587855349055
2018-05-24A,2.02888250350952,2.04427391068461,2.02888250350952,2.0288825333259,0,2.008587855349055
2018-05-24C,2.0288825333259,2.02958209726201,2.01139210051402,2.01279139518738,0,2.008587855349055
2018-05-25A,2.01279139518738,2.02958209726201,2.01139210051402,2.0120917989522,0,2.008587855349055
2018-05-25C,2.0120917989522,2.01838837520152,2.00439609473713,2.01558995246887,0,2.008587855349055
2018-05-28A,2.01558995246887,2.01838837520152,2.00439609473713,2.01349093131174,0,2.008587855349055
2018-05-28C,2.01349093131174,2.01838821239915,2.00439593306337,2.01209163665772,0,2.008587855349055
2018-05-29A,2.01209163665772,2.01838821239915,2.00439593306337,2.01069256865429,0,2.008587855349055
2018-05-29C,2.01069256865429,2.01628941383474,2.00439599272543,2.00999283790588,0,2.008587855349055
2018-05-30A,2.00999283790588,2.01628941383474,2.00439599272543,2.00369639658612,0,2.008587855349055
2018-05-30C,2.00369639658612,2.00369639658612,1.97851026007646,1.98270797729492,0,2.008587855349055
2018-05-31A,1.98270797729492,2.00369639658612,1.97851026007646,1.98830483845956,0,2.008587855349055
2018-05-31C,1.98830483845956,2.01419053911452,1.98830483845956,2.01139211654663,0,2.008587855349055
2018-06-01A,2.01139211654663,2.01419053911452,1.98830483845956,2.00859372291503,0,2.008587855349055
2018-06-01C,2.00859372291503,2.01698899073965,1.99600057097641,2.00369644165039,0,2.008587855349055
2018-06-04A,2.00369644165039,2.01698899073965,1.99600057097641,2.00719451746978,0,2.008587855349055
2018-06-04C,2.00719451746978,2.01838837520152,2.00719451746978,2.01558995246887,1,2.010679097372617
2018-06-05A,2.01558995246887,2.01838837520152,2.00719451746978,2.01768848472856,1,2.0183480657084534
2018-06-05C,2.01768848472856,2.02748304610851,2.00859348721829,2.02538418769836,1,2.0169535570623176
2018-06-06A,2.02538418769836,2.02748304610851,2.00859348721829,2.0239848176841,1,2.013467722938438
2018-06-06C,2.0239848176841,2.0239848176841,2.01628911500127,2.02048683166504,1,2.0141648405676316
2018-06-07A,2.02048683166504,2.0239848176841,2.01628911500127,2.02118637950177,1,2.0064958725784967
2018-06-07C,2.02118637950177,2.0267833906095,2.01349067687988,2.01349067687988,0,2.0064958725784967
2018-06-08A,2.01349067687988,2.0267833906095,2.01349067687988,2.01279104837725,0,2.0064958725784967
2018-06-08C,2.01279104837725,2.01279104837725,1.98340719970872,1.98970377445221,0,2.0064958725784967
2018-06-11A,1.98970377445221,2.01279104837725,1.98340719970872,1.9883047502117,0,2.0064958725784967
2018-06-11C,1.9883047502117,1.98900431412234,1.97781045754647,1.98690545558929,0,2.0064958725784967
2018-06-12A,1.98690545558929,1.98900431412234,1.97781045754647,1.98760486139682,0,2.0064958725784967
2018-06-12C,1.98760486139682,2.0071939821016,1.98200785062324,2.00089740753174,0,2.0064958725784967
2018-06-13A,2.00089740753174,2.0071939821016,1.98200785062324,2.00019809417553,0,2.0064958725784967
2018-06-13C,2.00019809417553,2.0050953749649,1.99670010795503,1.99879896640778,0,2.0064958725784967
2018-06-14A,1.99879896640778,2.0050953749649,1.99670010795503,1.99530094838157,0,2.0064958725784967
2018-06-14C,1.99530094838157,2.00439594669178,1.9876052447349,1.99739980697632,0,2.0064958725784967
2018-06-15A,1.99739980697632,2.00439594669178,1.9876052447349,1.99739970371749,0,2.0064958725784967
2018-06-15C,1.99739970371749,2.00369627917622,1.9904035643637,1.99600040912628,0,2.0064958725784967
2018-06-19A,1.99600040912628,2.00369627917622,1.9904035643637,1.9932019371025,0,2.0064958725784967
2018-06-19C,1.9932019371025,1.99390150098012,1.92394010918475,1.94912624359131,0,2.0064958725784967
2018-06-20A,1.94912624359131,1.99390150098012,1.92394010918475,1.94213029886857,0,2.0064958725784967
2018-06-20C,1.94213029886857,1.94842687480094,1.92953714700384,1.94562828540802,0,2.0064958725784967
2018-06-21A,1.94562828540802,1.94842687480094,1.92953714700384,1.94562825538183,0,2.0064958725784967
2018-06-21C,1.94562825538183,1.95892097098908,1.92953711722598,1.93163597583771,0,2.0064958725784967
2018-06-22A,1.93163597583771,1.95892097098908,1.92953711722598,1.92953726484448,0,2.0064958725784967
2018-06-22C,1.92953726484448,1.93163612361679,1.91204699747681,1.92813813686371,0,2.0064958725784967
2018-06-25A,1.92813813686371,1.93163612361679,1.91204699747681,1.93233558449318,0,2.0064958725784967
2018-06-25C,1.93233558449318,1.94213014619503,1.91344585818103,1.91414558887482,0,2.0064958725784967
2018-06-26A,1.91414558887482,1.94213014619503,1.91344585818103,1.90295174603253,0,2.0064958725784967
2018-06-26C,1.90295174603253,1.90295174603253,1.87006990762906,1.89105832576752,0,2.0064958725784967
2018-06-27A,1.89105832576752,1.90295174603253,1.87006990762906,1.89105817450607,0,2.0064958725784967
2018-06-27C,1.89105817450607,1.89735458268319,1.86027503025771,1.86867046356201,0,2.0064958725784967
2018-06-28A,1.86867046356201,1.89735458268319,1.86027503025771,1.87076981600806,0,2.0064958725784967
2018-06-28C,1.87076981600806,1.87146938003449,1.84628324027037,1.84978139400482,0,2.0064958725784967
2018-06-29A,1.84978139400482,1.87146938003449,1.84628324027037,1.8518799555099,0,2.0064958725784967
2018-06-29C,1.8518799555099,1.88406223077393,1.85118022479469,1.88196337223053,0,2.0064958725784967
2018-07-02A,1.88196337223053,1.88406223077393,1.85118022479469,1.88266290434059,0,2.0064958725784967
2018-07-02C,1.88266290434059,1.88266290434059,1.81829835489984,1.82949221134186,0,2.0064958725784967
2018-07-03A,1.82949221134186,1.88266290434059,1.81829835489984,1.8336899002178,0,2.0064958725784967
2018-07-03C,1.8336899002178,1.83578875869354,1.79381175597989,1.83299016952515,0,2.0064958725784967
2018-07-04A,1.83299016952515,1.83578875869354,1.79381175597989,1.83229053027064,0,2.0064958725784967
2018-07-04C,1.83229053027064,1.84208509155382,1.82599395510241,1.82809281349182,0,2.0064958725784967
2018-07-05A,1.82809281349182,1.84208509155382,1.82599395510241,1.82879251239929,0,2.0064958725784967
2018-07-05C,1.82879251239929,1.83858707351239,1.81200164557556,1.81829822063446,0,2.0064958725784967
2018-07-06A,1.81829822063446,1.83858707351239,1.81200164557556,1.82039716985096,0,2.0064958725784967
2018-07-06C,1.82039716985096,1.83998645985605,1.80010831596033,1.83019173145294,0,2.0064958725784967
2018-07-09A,1.83019173145294,1.83998645985605,1.80010831596033,1.83299003881984,0,2.0064958725784967
2018-07-09C,1.83299003881984,1.87006975804643,1.83229047497819,1.86867046356201,1,2.0064960171815964
2018-07-10A,1.86867046356201,1.87006975804643,1.83229047497819,1.86867059823238,1,2.014008162822831
2018-07-10C,1.86867059823238,1.87916489061905,1.86097489501624,1.87566673755646,1,1.983208387037479
2018-07-11A,1.87566673755646,1.87916489061905,1.86097489501624,1.84698258620535,0,1.983208387037479
2018-07-11C,1.84698258620535,1.85537785317646,1.8371878578707,1.84908127784729,1,1.980957950529604
2018-07-12A,1.84908127784729,1.85537785317646,1.8371878578707,1.84698304145373,1,2.0169752604716975
2018-07-12C,1.84698304145373,1.88895988705921,1.84698304145373,1.88056445121765,1,2.0214767640221565
2018-07-13A,1.88056445121765,1.88895988705921,1.84698304145373,1.88476151189555,1,2.0147234536753174
2018-07-13C,1.88476151189555,1.8882594977423,1.87496695136334,1.87846493721008,1,2.0154743083609685
2018-07-16A,1.87846493721008,1.8882594977423,1.87496695136334,1.87916501056127,1,2.0072202012425833
2018-07-16C,1.87916501056127,1.88476185565731,1.86097501379743,1.8714691400528,1,1.9982160128208233
2018-07-17A,1.8714691400528,1.88476185565731,1.86097501379743,1.86307391727051,1,1.9974655255826395
2018-07-17C,1.86307391727051,1.87076962116316,1.85118032925305,1.86237418651581,1,1.9974653799491031
2018-07-18A,1.86237418651581,1.87076962116316,1.85118032925305,1.86237405073167,1,2.0079705904140503
2018-07-18C,1.86237405073167,1.88546132752749,1.86237405073167,1.87216877937317,1,2.00872085217413
2018-07-19A,1.87216877937317,1.88546132752749,1.86237405073167,1.87286829989916,1,1.9997164373842644
2018-07-19C,1.87286829989916,1.88196329762632,1.86447286605835,1.86447286605835,1,2.0004666224884717
2018-07-20A,1.86447286605835,1.88196329762632,1.86447286605835,1.86517231511281,1,2.0499907218833004
2018-07-20C,1.86517231511281,1.91694387594187,1.85957547076426,1.91134703159332,1,2.0454886450347645
2018-07-23A,1.91134703159332,1.91694387594187,1.85957547076426,1.90714943639028,1,2.0777542262329742
2018-07-23C,1.90714943639028,1.94073083822246,1.90225215557313,1.93723285198212,1,2.078504854991182
2018-07-24A,1.93723285198212,1.94073083822246,1.90225215557313,1.93793271468565,1,2.0942624044361535
2018-07-24C,1.93793271468565,1.96032043055987,1.93793271468565,1.95262455940247,1,2.100265455420934
2018-07-25A,1.95262455940247,1.96032043055987,1.93793271468565,1.95822161579779,1,2.0935121431210697
2018-07-25C,1.95822161579779,1.95822161579779,1.94562846278498,1.95192503929138,1,2.09351166157135
2018-07-26A,1.95192503929138,1.95822161579779,1.94562846278498,1.95192459030953,1,2.0807555272060663
2018-07-26C,1.95192459030953,1.96032002372028,1.93653301799018,1.94003117084503,1,2.080755749520057
2018-07-27A,1.94003117084503,1.96032002372028,1.93653301799018,1.94003137812362,1,2.074752925259873
2018-07-27C,1.94003137812362,1.94492865920276,1.93233567454226,1.9344345331192,1,2.074753150272839
2018-07-30A,1.9344345331192,1.94492865920276,1.93233567454226,1.93443474291423,1,2.078504871117229
2018-07-30C,1.93443474291423,1.9540238693553,1.92813816650053,1.93793272972107,1,2.077754149225042
2018-07-31A,1.93793272972107,1.9540238693553,1.92813816650053,1.93723278018234,1,2.0912605920374765
2018-07-31C,1.93723278018234,1.95472304433803,1.93023664115984,1.94982576370239,1,2.092761479415697
2018-08-01A,1.94982576370239,1.95472304433803,1.93023664115984,1.95122514400421,1,2.0529922785691896
2018-08-01C,1.95122514400421,1.95752171944159,1.91274629428836,1.91414558887482,0,2.0529922785691896
2018-08-02A,1.91414558887482,1.95752171944159,1.91274629428836,1.90994788653281,0,2.0529922785691896
2018-08-02C,1.90994788653281,1.90994788653281,1.85607762995927,1.87426745891571,0,2.0529922785691896
2018-08-03A,1.87426745891571,1.90994788653281,1.85607762995927,1.87636636201881,0,2.0529922785691896
2018-08-03C,1.87636636201881,1.88686065474425,1.86447294146407,1.86517250537872,0,2.0529922785691896
2018-08-06A,1.86517250537872,1.88686065474425,1.86447294146407,1.8686705956095,0,2.0529922785691896
2018-08-06C,1.8686705956095,1.88126357965472,1.84628288308344,1.8539787530899,0,2.0529922785691896
2018-08-07A,1.8539787530899,1.88126357965472,1.84628288308344,1.85607768717252,0,2.0529922785691896
2018-08-07C,1.85607768717252,1.89315724372864,1.84838181685256,1.89315724372864,0,2.0529922785691896
2018-08-08A,1.89315724372864,1.89315724372864,1.84838181685256,1.89175773834773,0,2.0529922785691896
2018-08-08C,1.89175773834773,1.89175773834773,1.86867046356201,1.86867046356201,0,2.0529922785691896
2018-08-09A,1.86867046356201,1.89175773834773,1.86867046356201,1.86797097816385,0,2.0529922785691896
2018-08-09C,1.86797097816385,1.90505053214645,1.86307369746439,1.89945352077484,1,2.0552610361707186
2018-08-10A,1.89945352077484,1.90505053214645,1.86307369746439,1.90155260300666,1,2.045430860442862
2018-08-10C,1.90155260300666,1.9050507563758,1.88056418319524,1.89245760440826,0,2.045430860442862
2018-08-13A,1.89245760440826,1.9050507563758,1.88056418319524,1.881963492081,0,2.045430860442862
2018-08-13C,1.881963492081,1.881963492081,1.85537806003891,1.87776577472687,0,2.045430860442862
2018-08-14A,1.87776577472687,1.881963492081,1.85537806003891,1.87776565589311,0,2.045430860442862
2018-08-14C,1.87776565589311,1.8812636422661,1.86937022171614,1.87356793880463,0,2.045430860442862
2018-08-15A,1.87356793880463,1.8812636422661,1.86937022171614,1.8749674145197,0,2.045430860442862
2018-08-15C,1.8749674145197,1.87776583724858,1.84068627738769,1.84138584136963,0,2.045430860442862
2018-08-16A,1.84138584136963,1.87776583724858,1.84068627738769,1.83508901205135,0,2.045430860442862
2018-08-16C,1.83508901205135,1.84698259891087,1.81340103039205,1.83438944816589,0,2.045430860442862
2018-08-17A,1.83438944816589,1.84698259891087,1.81340103039205,1.844883906768,0,2.045430860442862
2018-08-17C,1.844883906768,1.84838189331176,1.81550005251524,1.81689918041229,0,2.045430860442862
2018-08-20A,1.81689918041229,1.84838189331176,1.81550005251524,1.81899771352343,0,2.045430860442862
2018-08-20C,1.81899771352343,1.83648814351545,1.81549972760569,1.83508884906769,0,2.045430860442862
2018-08-21A,1.83508884906769,1.83648814351545,1.81549972760569,1.83648841194771,0,2.045430860442862
2018-08-21C,1.83648841194771,1.85957568950314,1.83648841194771,1.85327911376953,0,2.045430860442862
2018-08-22A,1.85327911376953,1.85957568950314,1.83648841194771,1.85327902287131,1,2.036937250663233
2018-08-22C,1.85327902287131,1.85677717592989,1.84208516660542,1.845583319664,0,2.036937250663233
2018-08-23A,1.845583319664,1.85677717592989,1.84208516660542,1.84558325990788,0,2.036937250663233
2018-08-23C,1.84558325990788,1.86027510195554,1.83648826241139,1.85187983512878,1,2.0361674828751486
2018-08-24A,1.85187983512878,1.86027510195554,1.83648826241139,1.85118000137395,1,2.0446323965367035
2018-08-24C,1.85118000137395,1.87146885364409,1.84208500438392,1.85887587070465,1,2.046941577451998
2018-08-27A,1.85887587070465,1.87146885364409,1.84208500438392,1.86097526064477,1,2.084648413848147
2018-08-27C,1.86097526064477,1.89665552816737,1.86097526064477,1.89525640010834,1,2.0846477756080963
2018-08-28A,1.89525640010834,1.89665552816737,1.86097526064477,1.89525581985292,1,2.083108650391292
2018-08-28C,1.89525581985292,1.90085266397781,1.8910581033587,1.89385652542114,1,2.0815698529799085
2018-08-29A,1.89385652542114,1.90085266397781,1.8910581033587,1.89245752901339,1,2.0808003819850627
2018-08-29C,1.89245752901339,1.89525611831766,1.8798645443487,1.89175796508789,1,2.073874673125535
2018-08-30A,1.89175796508789,1.89525611831766,1.8798645443487,1.88546146254381,1,2.066949066964092
2018-08-30C,1.88546146254381,1.8952561918867,1.87496733604939,1.87916505336761,1,2.0615620717558554
2018-08-31A,1.87916505336761,1.8952561918867,1.87496733604939,1.87426747108086,1,2.0592536588470045
2018-08-31C,1.87426747108086,1.88266290511611,1.86237405073167,1.87216877937317,1,2.06079276740321
2018-09-03A,1.87216877937317,1.88266290511611,1.86237405073167,1.87356805865798,1,2.056175574273249
2018-09-03C,1.87356805865798,1.87636648129561,1.85397893339343,1.86937034130096,0,2.056175574273249
2018-09-04A,1.86937034130096,1.87636648129561,1.85397893339343,1.87006983312236,0,2.056175574273249
2018-09-04C,1.87006983312236,1.89035851975375,1.86517238563083,1.88616096973419,1,2.0523621848279685
2018-09-05A,1.88616096973419,1.89035851975375,1.86517238563083,1.88266288988922,1,2.028719293479688
2018-09-05C,1.88266288988922,1.88476174838105,1.85607762699448,1.86097490787506,0,2.028719293479688
2018-09-06A,1.86097490787506,1.88476174838105,1.85607762699448,1.85257939920037,0,2.028719293479688
2018-09-06C,1.85257939920037,1.86307369123636,1.84208510716438,1.84348440170288,0,2.028719293479688
2018-09-07A,1.84348440170288,1.86307369123636,1.84208510716438,1.84698255444623,0,2.028719293479688
2018-09-07C,1.84698255444623,1.86587211330783,1.83998641535671,1.85187983512878,0,2.028719293479688
2018-09-10A,1.85187983512878,1.86587211330783,1.83998641535671,1.84908124625467,0,2.028719293479688
2018-09-10C,1.84908124625467,1.85397869373887,1.83998641555829,1.84348440170288,0,2.028719293479688
2018-09-11A,1.84348440170288,1.85397869373887,1.83998641555829,1.84278510533106,0,2.028719293479688
2018-09-11C,1.84278510533106,1.8434846693013,1.828093094348,1.83578896522522,0,2.028719293479688
2018-09-12A,1.83578896522522,1.8434846693013,1.828093094348,1.83788761716928,0,2.028719293479688
2018-09-12C,1.83788761716928,1.8427848980123,1.82319560783911,1.83299016952515,0,2.028719293479688
2018-09-13A,1.83299016952515,1.8427848980123,1.82319560783911,1.8434845516069,0,2.028719293479688
2018-09-13C,1.8434845516069,1.85397884449624,1.83508911729543,1.85327911376953,1,2.0294851985914786
2018-09-14A,1.85327911376953,1.85397884449624,1.83508911729543,1.85397878471532,1,2.0310167744631693
2018-09-14C,1.85397878471532,1.86027519344477,1.84908133699079,1.85537791252136,1,2.028719193976612
2018-09-17A,1.85537791252136,1.86027519344477,1.84908133699079,1.85327902287131,1,2.0202949790499094
2018-09-17C,1.85327902287131,1.85327902287131,1.84138560271415,1.845583319664,0,2.0202949790499094
2018-09-18A,1.845583319664,1.85327902287131,1.84138560271415,1.84278492705092,0,2.0202949790499094
2018-09-18C,1.84278492705092,1.87286834327573,1.83998650463954,1.87216877937317,1,2.0202949981570586
2018-09-19A,1.87216877937317,1.87286834327573,1.83998650463954,1.8721687970794,1,2.0467187700323204
2018-09-19C,1.8721687970794,1.90225221358873,1.86727134931177,1.89665520191193,1,2.0489838848571384
2018-09-20A,1.89665520191193,1.90225221358873,1.86727134931177,1.89875424056752,1,2.03992420221277
2018-09-20C,1.89875424056752,1.9008530992953,1.88825994692866,1.89035880565643,1,2.044453974991646
2018-09-21A,1.89035880565643,1.9008530992953,1.88825994692866,1.8945564595942,1,2.0973018819807105
2018-09-21C,1.8945564595942,1.94492873376966,1.89035874227939,1.94352960586548,1,2.07993712883427
2018-09-25A,1.94352960586548,1.94492873376966,1.89035874227939,1.92743802070618,1,2.07993712883427
2018-09-25C,1.92743802070618,1.93303486462819,1.92184100998307,1.92743802070618,1,2.083712166874075
2018-09-26A,1.92743802070618,1.93303486462819,1.92184100998307,1.93093627637298,1,2.0950367687585794
2018-09-26C,1.93093627637298,1.9652174088903,1.92953698179633,1.94143056869507,1,2.0927719936198477
2018-09-27A,1.94143056869507,1.9652174088903,1.92953698179633,1.93933184482009,1,2.098056748199894
2018-09-27C,1.93933184482009,1.94702754852296,1.93653325547257,1.94422912597656,1,2.0980566355626644
2018-09-28A,1.94422912597656,1.94702754852296,1.93653325547257,1.94422902159779,1,2.11466599192144
2018-09-28C,1.94422902159779,1.96241901737449,1.94422902159779,1.95962059497833,1,2.090506711562059
2018-10-08A,1.95962059497833,1.96241901737449,1.94422902159779,1.9372326511929,1,2.0436986619498523
2018-10-08C,1.9372326511929,1.9372326511929,1.8910581033587,1.89385652542114,0,2.0436986619498523
2018-10-09A,1.89385652542114,1.9372326511929,1.8910581033587,1.89385654103959,0,2.0436986619498523
2018-10-09C,1.89385654103959,1.90085267965396,1.88616083860413,1.88825953006744,0,2.0436986619498523
2018-10-10A,1.88825953006744,1.90085267965396,1.88616083860413,1.89105868232894,0,2.0436986619498523
2018-10-10C,1.89105868232894,1.90505096372617,1.88126395190995,1.89525640010834,0,2.0436986619498523
2018-10-11A,1.89525640010834,1.90505096372617,1.88126395190995,1.85048078024104,0,2.0436986619498523
2018-10-11C,1.85048078024104,1.87146920022776,1.79870937763402,1.81759893894196,0,2.0436986619498523
2018-10-12A,1.81759893894196,1.87146920022776,1.79870937763402,1.81689934066859,0,2.0436986619498523
2018-10-12C,1.81689934066859,1.83578907015508,1.79171336828889,1.82879292964935,0,2.0436986619498523
2018-10-15A,1.82879292964935,1.83578907015508,1.79171336828889,1.83508911501238,0,2.0436986619498523
2018-10-15C,1.83508911501238,1.83578884573821,1.79591069960946,1.80150771141052,0,2.0436986619498523
2018-10-16A,1.80150771141052,1.83578884573821,1.79591069960946,1.80010835825477,0,2.0436986619498523
2018-10-16C,1.80010835825477,1.81200177859393,1.78401722090153,1.78681564331055,0,2.0436986619498523
2018-10-17A,1.78681564331055,1.81200177859393,1.78401722090153,1.79870938020949,0,2.0436986619498523
2018-10-17C,1.79870938020949,1.80990307077753,1.77842052415294,1.80080807209015,0,2.0436986619498523
2018-10-18A,1.80080807209015,1.80990307077753,1.77842052415294,1.79451170812458,0,2.0436986619498523
2018-10-18C,1.79451170812458,1.79451170812458,1.76652714739612,1.77002513408661,0,2.0436986619498523
2018-10-19A,1.77002513408661,1.79451170812458,1.76652714739612,1.76232910934467,0,2.0436986619498523
2018-10-19C,1.76232910934467,1.81130208171089,1.74903639537636,1.80990278720856,0,2.0436986619498523
2018-10-22A,1.80990278720856,1.81130208171089,1.74903639537636,1.82039730304715,0,2.0436986619498523
2018-10-22C,1.82039730304715,1.88546141959404,1.82039730304715,1.8714691400528,1,2.044462621052712
2018-10-23A,1.8714691400528,1.88546141959404,1.82039730304715,1.87216871769205,1,1.995566557102291
2018-10-23C,1.87216871769205,1.87216871769205,1.8224960126219,1.82739329338074,0,1.995566557102291
2018-10-24A,1.82739329338074,1.87216871769205,1.8224960126219,1.82669396640751,0,1.995566557102291
2018-10-24C,1.82669396640751,1.85817651348323,1.82109695424216,1.83578896522522,1,1.9621038822723487
2018-10-25A,1.83578896522522,1.85817651348323,1.82109695424216,1.80500552230717,0,1.9621038822723487
2018-10-25C,1.80500552230717,1.83648823107335,1.78681552762458,1.83368980884552,1,1.9688415539928346
2018-10-26A,1.83368980884552,1.83648823107335,1.78681552762458,1.83998651926989,1,1.9650984237047573
2018-10-26C,1.83998651926989,1.85048064509627,1.82529450959138,1.83648836612701,1,1.9650985700340393
2018-10-29A,1.83648836612701,1.85048064509627,1.82529450959138,1.83648850287946,1,1.9269194235747304
2018-10-29C,1.83648850287946,1.84068622024304,1.79241280416412,1.80080807209015,0,1.9269194235747304
2018-10-30A,1.80080807209015,1.84068622024304,1.79241280416412,1.79731006823345,0,1.9269194235747304
2018-10-30C,1.79731006823345,1.82949234531044,1.79171322300316,1.8106027841568,0,1.9269194235747304
2018-10-31A,1.8106027841568,1.82949234531044,1.79171322300316,1.81759874750769,0,1.9269194235747304
2018-10-31C,1.81759874750769,1.8343894483684,1.81340103059223,1.83019173145294,1,1.9306023950879687
2018-11-01A,1.83019173145294,1.8343894483684,1.81340103059223,1.83368982479729,1,1.9247095754379118
2018-11-01C,1.83368982479729,1.84698253899652,1.82599395510241,1.82809281349182,1,1.953436816751793
2018-11-02A,1.82809281349182,1.84698253899652,1.82599395510241,1.85537800190026,1,1.9703783896595335
2018-11-02C,1.85537800190026,1.8714691400528,1.84208528629574,1.8714691400528,1,1.9600660621402632
2018-11-05A,1.8714691400528,1.8714691400528,1.84208528629574,1.86167447177197,1,1.9593295255043353
2018-11-05C,1.86167447177197,1.86867061114438,1.84348447604346,1.86097490787506,1,1.9585928468843792
2018-11-06A,1.86097490787506,1.86867061114438,1.84348447604346,1.86027520912145,1,1.9563830613219142
2018-11-06C,1.86027520912145,1.86097493983149,1.84698266084638,1.85817635059357,1,1.9563828225039146
2018-11-07A,1.85817635059357,1.86097493983149,1.84698266084638,1.85817612376378,1,1.9453340716570813
2018-11-07C,1.85817612376378,1.87006970957027,1.84558314093488,1.84768199920654,1,1.952700123548975
2018-11-08A,1.84768199920654,1.87006970957027,1.84558314093488,1.85467828929582,1,1.9468073037482971
2018-11-08C,1.85467828929582,1.86307372306805,1.84278486931923,1.84908127784729,1,1.9387047443697538
2018-11-09A,1.84908127784729,1.86307372306805,1.84278486931923,1.84138545154714,0,1.9387047443697538
2018-11-09C,1.84138545154714,1.84208501538098,1.82249589362466,1.8231954574585,0,1.9387047443697538
2018-11-12A,1.8231954574585,1.84208501538098,1.82249589362466,1.82109676440061,0,1.9387047443697538
2018-11-12C,1.82109676440061,1.84418404102325,1.81899790590754,1.84418404102325,1,1.9262017287330557
2018-11-13A,1.84418404102325,1.84418404102325,1.81899790590754,1.83229060445493,0,1.9262017287330557
2018-11-13C,1.83229060445493,1.86097489240416,1.82669375972397,1.8539787530899,1,1.926201775641125
2018-11-14A,1.8539787530899,1.86097489240416,1.82669375972397,1.85397879823915,1,1.9080299921109505
2018-11-14C,1.85397879823915,1.85817634848903,1.83438950760151,1.83648836612701,0,1.9080299921109505
2018-11-15A,1.83648836612701,1.85817634848903,1.83438950760151,1.83648867669576,0,1.9080299921109505
2018-11-15C,1.83648867669576,1.85257981691169,1.83648867669576,1.84978139400482,1,1.912359523723685
2018-11-16A,1.84978139400482,1.85257981691169,1.83648867669576,1.8539787530899,1,1.912359523723685
2018-11-16C,1.8539787530899,1.86447287866073,1.84558331919235,1.8539787530899,1,1.9130812861057829
2018-11-19A,1.8539787530899,1.86447287866073,1.84558331919235,1.85467848141221,1,1.9296791257321333
2018-11-19C,1.85467848141221,1.87146918389482,1.85467848141221,1.87076961994171,1,1.923183917426174
2018-11-20A,1.87076961994171,1.87146918389482,1.85467848141221,1.86447269823491,1,1.8972046875216155
2018-11-20C,1.86447269823491,1.86867041477747,1.83648814368597,1.83928656578064,0,1.8972046875216155
2018-11-21A,1.83928656578064,1.86867041477747,1.83648814368597,1.83159086332001,0,1.8972046875216155
2018-11-21C,1.83159086332001,1.84208498787531,1.82389516085938,1.83928656578064,0,1.8972046875216155
2018-11-22A,1.83928656578064,1.84208498787531,1.82389516085938,1.8413856034281,0,1.8972046875216155
2018-11-22C,1.8413856034281,1.84418402579538,1.82599403020639,1.83299016952515,0,1.8972046875216155
2018-11-23A,1.83299016952515,1.84418402579538,1.82599403020639,1.83229069251241,0,1.8972046875216155
2018-11-23C,1.83229069251241,1.83229069251241,1.79800955818472,1.80150771141052,0,1.8972046875216155
2018-11-26A,1.80150771141052,1.83229069251241,1.79800955818472,1.80150753258615,0,1.8972046875216155
2018-11-26C,1.80150753258615,1.812701388276,1.79591052134067,1.80360639095306,0,1.8972046875216155
2018-11-27A,1.80360639095306,1.812701388276,1.79591052134067,1.8050057578447,0,1.8972046875216155
2018-11-27C,1.8050057578447,1.80990303908274,1.79381190067155,1.79940891265869,0,1.8972046875216155
2018-11-28A,1.79940891265869,1.80990303908274,1.79381190067155,1.79800963218695,0,1.8972046875216155
2018-11-28C,1.79800963218695,1.8113023481103,1.78961436434152,1.8106027841568,0,1.8972046875216155
2018-11-29A,1.8106027841568,1.8113023481103,1.78961436434152,1.81759871308977,0,1.8972046875216155
2018-11-29C,1.81759871308977,1.81759871308977,1.79800942345562,1.79870915412903,0,1.8972046875216155
2018-11-30A,1.79870915412903,1.81759871308977,1.79800942345562,1.79800936774258,0,1.8972046875216155
2018-11-30C,1.79800936774258,1.81060251786028,1.79381165103669,1.80990278720856,0,1.8972046875216155
2018-12-03A,1.80990278720856,1.81060251786028,1.79381165103669,1.83858715243311,1,1.9080333849270525
2018-12-03C,1.83858715243311,1.85677714773888,1.834389435547,1.84908127784729,1,1.9087555469074189
2018-12-04A,1.84908127784729,1.85677714773888,1.834389435547,1.8497811273405,1,1.9123650555680554
2018-12-04C,1.8497811273405,1.85607770307411,1.83998656517787,1.85327911376953,1,1.8979267221309766
2018-12-05A,1.85327911376953,1.85607770307411,1.83998656517787,1.83928687849067,1,1.9073116858400239
2018-12-05C,1.83928687849067,1.85537801677219,1.83578889197789,1.8483818769455,1,1.895039079626333
2018-12-06A,1.8483818769455,1.85537801677219,1.83578889197789,1.8364884548705,1,1.884932248597464
2018-12-06C,1.8364884548705,1.83998660818241,1.8224961752251,1.82669389247894,0,1.884932248597464
2018-12-07A,1.82669389247894,1.83998660818241,1.8224961752251,1.82669366987538,0,1.884932248597464
2018-12-07C,1.82669366987538,1.8343893727022,1.82599393921759,1.83368980884552,1,1.8806175628169506
2018-12-10A,1.83368980884552,1.8343893727022,1.82599393921759,1.82949241907197,0,1.8806175628169506
2018-12-10C,1.82949241907197,1.83299040578165,1.81899812534065,1.82389557361603,0,1.8806175628169506
2018-12-11A,1.82389557361603,1.83299040578165,1.81899812534065,1.82669355063346,0,1.8806175628169506
2018-12-11C,1.82669355063346,1.82949197267862,1.82179627035415,1.82529425621033,0,1.8806175628169506
2018-12-12A,1.82529425621033,1.82949197267862,1.82179627035415,1.82949222664238,1,1.8878092100921395
2018-12-12C,1.82949222664238,1.83998651926989,1.82949222664238,1.83648836612701,1,1.890685820918149
2018-12-13A,1.83648836612701,1.83998651926989,1.82949222664238,1.83928677514398,1,1.9072266266766622
2018-12-13C,1.83928677514398,1.8630737826591,1.83718791663379,1.85537791252136,1,1.905788384562877
2018-12-14A,1.85537791252136,1.8630737826591,1.83718791663379,1.85397876959128,1,1.895719941363275
2018-12-14C,1.85397876959128,1.85607762808435,1.84278491322862,1.84418404102325,1,1.8935624132141218
2018-12-17A,1.84418404102325,1.85607762808435,1.84278491322862,1.84208516613466,1,1.9057883676003642
2018-12-17C,1.84208516613466,1.85467831698099,1.83928674376919,1.8539787530899,1,1.9007539216405522
2018-12-18A,1.8539787530899,1.85467831698099,1.83928674376919,1.84908117054519,1,1.8942815597463827
2018-12-18C,1.84908117054519,1.85397861782887,1.8322904707762,1.84278476238251,1,1.8921242330988306
2018-12-19A,1.84278476238251,1.85397861782887,1.8322904707762,1.84068608351762,1,1.883494187782047
2018-12-19C,1.84068608351762,1.84908135082005,1.83089152159755,1.83229064941406,0,1.883494187782047
2018-12-20A,1.83229064941406,1.84908135082005,1.83089152159755,1.83019180380731,0,1.883494187782047
2018-12-20C,1.83019180380731,1.83998653259764,1.8113022437421,1.82179653644562,0,1.883494187782047
2018-12-21A,1.82179653644562,1.83998653259764,1.8113022437421,1.81899820331796,0,1.883494187782047
2018-12-21C,1.81899820331796,1.8203974981425,1.8022074994292,1.81200206279755,0,1.883494187782047
2018-12-24A,1.81200206279755,1.8203974981425,1.8022074994292,1.80850377782238,0,1.883494187782047
2018-12-24C,1.80850377782238,1.8224960565567,1.80430606084186,1.8224960565567,0,1.883494187782047
2018-12-25A,1.8224960565567,1.8224960565567,1.80430606084186,1.81480039839214,0,1.883494187782047
2018-12-25C,1.81480039839214,1.81480039839214,1.78191839242834,1.80500566959381,0,1.883494187782047
2018-12-26A,1.80500566959381,1.81480039839214,1.78191839242834,1.80360652580314,0,1.883494187782047
2018-12-26C,1.80360652580314,1.81130222918981,1.80080793657061,1.80640494823456,0,1.883494187782047
2018-12-27A,1.80640494823456,1.81130222918981,1.80080793657061,1.81969736288847,0,1.883494187782047
2018-12-27C,1.81969736288847,1.82809262879682,1.79730965353069,1.80430579185486,0,1.883494187782047
2018-12-28A,1.80430579185486,1.82809262879682,1.79730965353069,1.80360683902704,0,1.883494187782047
2018-12-28C,1.80360683902704,1.80990324889091,1.79731026236202,1.80710482597351,0,1.883494187782047
2019-01-02A,1.80710482597351,1.80990324889091,1.79731026236202,1.80990293309386,0,1.883494187782047
2019-01-02C,1.80990293309386,1.81200179161599,1.76932539086872,1.7763215303421,0,1.883494187782047
2019-01-03A,1.7763215303421,1.81200179161599,1.76932539086872,1.77352339079354,0,1.883494187782047
2019-01-03C,1.77352339079354,1.78891480000926,1.76932567307975,1.77142453193665,0,1.883494187782047
2019-01-04A,1.77142453193665,1.78891480000926,1.76932567307975,1.76302880204077,0,1.883494187782047
2019-01-04C,1.76302880204077,1.79591064063819,1.75743195722461,1.79521107673645,0,1.883494187782047
2019-01-07A,1.79521107673645,1.79591064063819,1.75743195722461,1.76302875828405,0,1.883494187782047
2019-01-07C,1.76302875828405,1.81480032215359,1.79940874908949,1.81270146369934,1,1.8827669773686628
2019-01-08A,1.81270146369934,1.81480032215359,1.79940874908949,1.81200158610518,1,1.8871286303580916
2019-01-08C,1.81200158610518,1.816898866501,1.80430588359762,1.81619930267334,1,1.887128753952523
2019-01-09A,1.81619930267334,1.816898866501,1.80430588359762,1.81619942162237,1,1.8958520605026936
2019-01-09C,1.81619942162237,1.84628283659631,1.81619942162237,1.82459485530853,1,1.8973062191358225
2019-01-10A,1.82459485530853,1.84628283659631,1.81619942162237,1.82599435815798,1,1.8900368532891407
2019-01-10C,1.82599435815798,1.8308918066817,1.8189982175827,1.8189982175827,1,1.8914905923170726
2019-01-11A,1.8189982175827,1.8308918066817,1.8189982175827,1.82039731659817,1,1.8980330728699135
2019-01-11C,1.82039731659817,1.83019187898973,1.81829845797125,1.82669389247894,1,1.8987597425139748
2019-01-14A,1.82669389247894,1.83019187898973,1.81829845797125,1.82739324962905,1,1.8994866269435935
2019-01-14C,1.82739324962905,1.83299009413341,1.82599395510241,1.82809281349182,1,1.900214053678059
2019-01-15A,1.82809281349182,1.83299009413341,1.82599395510241,1.82879289927645,1,1.9125719579577793
2019-01-15C,1.82879289927645,1.84348474405413,1.82249632288553,1.84068632125854,1,1.9163470719512448
2019-01-16A,1.84068632125854,1.84348474405413,1.82249632288553,1.84431954439561,1,1.9140818705404987
2019-01-16C,1.84431954439561,1.84504617394324,1.83923261779856,1.84213948249817,1,1.9148367260501888
2019-01-17A,1.84213948249817,1.84504617394324,1.83923261779856,1.84286596612428,1,1.9087963094470186
2019-01-17C,1.84286596612428,1.85085941027892,1.83705258369446,1.83705258369446,1,1.910306666492123
2019-01-18A,1.83705258369446,1.85085941027892,1.83705258369446,1.83850617269098,1,1.9329585028512217
2019-01-18C,1.83850617269098,1.86176005309345,1.83850617269098,1.86030662059784,1,1.9367338575255515
2019-01-21A,1.86030662059784,1.86176005309345,1.83850617269098,1.86394007536958,1,1.9412642607046966
2019-01-21C,1.86394007536958,1.87338695325275,1.86176001330003,1.86830019950867,1,1.9405089359403631
2019-01-22A,1.86830019950867,1.87338695325275,1.86176001330003,1.86757326426525,1,1.9223875045291177
2019-01-22C,1.86757326426525,1.87266001764876,1.8450461888162,1.85013294219971,1,1.920122342047849
2019-01-23A,1.85013294219971,1.87266001764876,1.8450461888162,1.84795291776855,1,1.9246527449977475
2019-01-23C,1.84795291776855,1.85667316560547,1.84431959667286,1.85231304168701,1,1.9216325295225878
2019-01-24A,1.85231304168701,1.85667316560547,1.84431959667286,1.84940634356815,1,1.9314483425388025
2019-01-24C,1.84940634356815,1.86030648007091,1.84431959009959,1.85885322093964,1,1.9314483189015565
2019-01-25A,1.85885322093964,1.86030648007091,1.84431959009959,1.85885319819082,1,1.9374887360587811
2019-01-25C,1.85885319819082,1.87193339648496,1.85885319819082,1.86466658115387,1,1.9435289780266243
2019-01-28A,1.86466658115387,1.87193339648496,1.85885319819082,1.87047979551218,1,1.93824356848528
2019-01-28C,1.87047979551218,1.88574022761008,1.86321298083612,1.86539304256439,1,1.9322033580563636
2019-01-29A,1.86539304256439,1.88574022761008,1.86321298083612,1.85957985855959,1,1.946549574068465
2019-01-29C,1.85957985855959,1.87702018099227,1.8472262896175,1.8733868598938,1,1.9435288200036778
2019-01-30A,1.8733868598938,1.87702018099227,1.8472262896175,1.87047964342866,1,1.9397536049328543
2019-01-30C,1.87047964342866,1.87774663076839,1.86030613836026,1.86684632301331,1,1.9427743285542716
2019-01-31A,1.86684632301331,1.87774663076839,1.86030613836026,1.86975351017932,1,1.9518351351619452
2019-01-31C,1.86975351017932,1.88501394508615,1.86830025092933,1.87847375869751,1,1.9541001871163168
2019-02-01A,1.87847375869751,1.88501394508615,1.86830025092933,1.88065367675602,1,1.968446403139183
2019-02-01C,1.88065367675602,1.89518730766992,1.87484012043774,1.89446067810059,1,1.968446406497311
2019-02-11A,1.89446067810059,1.89518730766992,1.87484012043774,1.8944606813325,1,1.9797722338877863
2019-02-11C,1.8944606813325,1.91117437423744,1.88937375457487,1.90536081790924,1,1.9873230279203724
2019-02-12A,1.90536081790924,1.91117437423744,1.88937375457487,1.91262780895373,1,1.9941186329909504
2019-02-12C,1.91262780895373,1.92570818195203,1.90536099281731,1.91916799545288,1,1.9956283010572948
2019-02-13A,1.91916799545288,1.92570818195203,1.90536099281731,1.92062092136649,1,2.0175251269146663
2019-02-13C,1.92062092136649,1.95404830444297,1.91844103283303,1.94169473648071,1,2.018280195618956
2019-02-14A,1.94169473648071,1.95404830444297,1.91844103283303,1.94242142528832,1,2.0213004038308706
2019-02-14C,1.94242142528832,1.95114149867416,1.93660786977657,1.94532811641693,1,2.0190356322546283
2019-02-15A,1.94532811641693,1.95114149867416,1.93660786977657,1.9431484681983,1,1.9918533925223205
2019-02-15C,1.9431484681983,1.9431484681983,1.91408120421851,1.91698789596558,1,1.9986488972355216
2019-02-18A,1.91698789596558,1.9431484681983,1.91408120421851,1.92352798587937,1,2.0371569632464546
2019-02-18C,1.92352798587937,1.96058869361877,1.92352798587937,1.96058869361877,1,2.0386671695780647
2019-02-19A,1.96058869361877,1.96058869361877,1.92352798587937,1.96204213756649,1,2.0341367664864705
2019-02-19C,1.96204213756649,1.97366907729454,1.94896176540199,1.95768201351166,1,2.034891812555443
2019-02-20A,1.95768201351166,1.97366907729454,1.94896176540199,1.95840868053472,1,2.0364020069551003
2019-02-20C,1.95840868053472,1.96349543427774,1.94896180265353,1.95986211299896,1,2.036401896807593
2019-02-21A,1.95986211299896,1.96349543427774,1.94896180265353,1.95986200699144,1,2.0228106880081462
2019-02-21C,1.95986200699144,1.97003551392719,1.94387494376771,1.94678163528442,1,2.023565927086167
2019-02-22A,1.94678163528442,1.97003551392719,1.94387494376771,1.94750848806212,1,2.0439525607875098
2019-02-22C,1.94750848806212,1.96785550245558,1.93806161044958,1.9671288728714,1,2.048482751053711
2019-02-25A,1.9671288728714,1.96785550245558,1.93806161044958,1.97148879210006,1,2.133049665788224
2019-02-25C,1.97148879210006,2.05433044674629,1.97148879210006,2.05287718772888,1,2.1277646587080845
2019-02-26A,2.05287718772888,2.05433044674629,1.97148879210006,2.04779082211545,1,2.120214046321757
2019-02-26C,2.04779082211545,2.07395139517838,2.03471044895671,2.04052400588989,1,2.114172988100321
2019-02-27A,2.04052400588989,2.07395139517838,2.03471044895671,2.03471000595757,1,2.118703390549915
2019-02-27C,2.03471000595757,2.06959082019871,2.02889662354465,2.03907012939453,1,2.1179484565180315
2019-02-28A,2.03907012939453,2.06959082019871,2.02889662354465,2.03834357019755,1,2.119458470706125
2019-02-28C,2.03834357019755,2.05433045901166,2.03471007612328,2.03979682922363,1,2.126254005177627
2019-03-01A,2.03979682922363,2.05433045901166,2.03471007612328,2.04633694777723,1,2.140600219620633
2019-03-01C,2.04633694777723,2.06087057709063,2.0339833801863,2.06014394760132,1,2.1443756223599038
2019-03-04A,2.06014394760132,2.06087057709063,2.0339833801863,2.06377744863144,1,2.1662724494724004
2019-03-04C,2.06377744863144,2.1146453289276,2.06377744863144,2.08485126495361,1,2.1640074420360147
2019-03-05A,2.08485126495361,2.1146453289276,2.06377744863144,2.08267138973984,1,2.17759865181558
2019-03-05C,2.08267138973984,2.09647839200808,2.07249788207043,2.09575176239014,1,2.177598172141213
2019-03-06A,2.09575176239014,2.09647839200808,2.07249788207043,2.09575130074474,1,2.2040252186344347
2019-03-06C,2.09575130074474,2.12699861974241,2.08339773368815,2.1211850643158,1,2.2010049600762325
2019-03-07A,2.1211850643158,2.12699861974241,2.08339773368815,2.11827832473321,1,2.1972297449582356
2019-03-07C,2.11827832473321,2.12627194160498,2.09647788220518,2.11464500427246,1,2.1798634818386042
2019-03-08A,2.11464500427246,2.12627194160498,2.09647788220518,2.09793146685878,1,2.1088875962488762
2019-03-08C,2.09793146685878,2.09793146685878,2.02744320829805,2.02962327003479,0,2.1088875962488762
2019-03-11A,2.02962327003479,2.09793146685878,2.02744320829805,2.02671679537936,0,2.1088875962488762
2019-03-11C,2.02671679537936,2.0608708108138,2.02381010383794,2.05651068687439,0,2.1088875962488762
2019-03-12A,2.05651068687439,2.0608708108138,2.02381010383794,2.07104424910761,0,2.1088875962488762
2019-03-12C,2.07104424910761,2.0986582509711,2.05941748332776,2.07685780525208,1,2.108887570970975
2019-03-13A,2.07685780525208,2.0986582509711,2.05941748332776,2.0768577803581,1,2.093391787873261
2019-03-13C,2.0768577803581,2.08121790410056,2.0586906558494,2.06159734725952,0,2.093391787873261
2019-03-14A,2.06159734725952,2.08121790410056,2.0586906558494,2.06087074325979,0,2.093391787873261
2019-03-14C,2.06087074325979,2.07685780609538,2.0281699880407,2.03834366798401,0,2.093391787873261
2019-03-15A,2.03834366798401,2.07685780609538,2.0281699880407,2.03761689955725,0,2.093391787873261
2019-03-15C,2.03761689955725,2.07104428488817,2.03761689955725,2.05796408653259,0,2.093391787873261
2019-03-18A,2.05796408653259,2.07104428488817,2.03761689955725,2.05941737735828,0,2.093391787873261
2019-03-18C,2.05941737735828,2.11464520498892,2.05651051280835,2.11246514320374,1,2.0948321247282444
2019-03-19A,2.11246514320374,2.11464520498892,2.05651051280835,2.1139186032862,1,2.091231608674724
2019-03-19C,2.1139186032862,2.12699897524139,2.10083840458555,2.11028528213501,1,2.0833101966731347
2019-03-20A,2.11028528213501,2.12699897524139,2.10083840458555,2.10229169639762,1,2.089791331698433
2019-03-20C,2.10229169639762,2.11755213058238,2.08267131141463,2.10883188247681,1,2.0919511890081606
2019-03-21A,2.10883188247681,2.11755213058238,2.08267131141463,2.11101141872393,1,2.1005927002229083
2019-03-21C,2.11101141872393,2.13063179882017,2.11101141872393,2.11973166465759,1,2.099872599252074
2019-03-22A,2.11973166465759,2.13063179882017,2.11101141872393,2.11900500268763,1,2.102032977199209
2019-03-22C,2.11900500268763,2.12627199028453,2.09284460965869,2.1211850643158,1,2.0674676873658027
2019-03-25A,2.1211850643158,2.12627199028453,2.09284460965869,2.08630484248595,0,2.0674676873658027
2019-03-25C,2.08630484248595,2.11682553813647,2.08630484248595,2.08993816375732,0,2.0674676873658027
2019-03-26A,2.08993816375732,2.11682553813647,2.08630484248595,2.09139150513509,0,2.0674676873658027
2019-03-26C,2.09139150513509,2.10156501215734,2.05287736576125,2.05651068687439,0,2.0674676873658027
2019-03-27A,2.05651068687439,2.10156501215734,2.05287736576125,2.06741101726908,0,2.0674676873658027
2019-03-27C,2.06741101726908,2.09139152591959,2.06450432569877,2.08921146392822,0,2.0674676873658027
2019-03-28A,2.08921146392822,2.09139152591959,2.06450432569877,2.0892114821955,0,2.0674676873658027
2019-03-28C,2.0892114821955,2.09938498940781,2.07322441853719,2.07976460456848,0,2.0674676873658027
2019-03-29A,2.07976460456848,2.09938498940781,2.07322441853719,2.07831080771942,0,2.0674676873658027
2019-03-29C,2.07831080771942,2.12627199028453,2.06741067283311,2.1211850643158,1,2.069592832259071
2019-04-01A,2.1211850643158,2.12627199028453,2.06741067283311,2.12336542516722,1,2.1220056049744986
2019-04-01C,2.12336542516722,2.18004668897796,2.12336542516722,2.1771399974823,1,2.1297966540958155
2019-04-02A,2.1771399974823,2.18004668897796,2.12336542516722,2.18513347526794,1,2.1205890115425032
2019-04-02C,2.18513347526794,2.19022022877547,2.17132647388778,2.1756865978241,1,2.117755967161178
2019-04-03A,2.1756865978241,2.19022022877547,2.17132647388778,2.17277994469238,1,2.1432540416928556
2019-04-03C,2.17277994469238,2.20184720710893,2.15243275704805,2.19894051551819,1,2.1552946088423073
2019-04-04A,2.19894051551819,2.20184720710893,2.15243275704805,2.21129392319628,1,2.1680437296103983
2019-04-04C,2.21129392319628,2.22946104750689,2.20184704627549,2.22437429428101,1,2.174418240812962
2019-04-08A,2.22437429428101,2.22946104750689,2.20184704627549,2.23091442936405,1,2.178667947969572
2019-04-08C,2.23091442936405,2.24762812227814,2.20257379704173,2.23527455329895,1,2.174418099148537
2019-04-09A,2.23527455329895,2.24762812227814,2.20257379704173,2.23091428401887,1,2.1737098709575777
2019-04-09C,2.23091428401887,2.23818109901875,2.22001414814631,2.23018765449524,1,2.167335401018409
2019-04-10A,2.23018765449524,2.23818109901875,2.22001414814631,2.22364756174771,1,2.1687520263263966
2019-04-10C,2.22364756174771,2.23963462471595,2.20693386922554,2.22510099411011,1,2.16875222679383
2019-04-11A,2.22510099411011,2.23963462471595,2.20693386922554,2.22510119978613,1,2.1496287121368463
2019-04-11C,2.22510119978613,2.23600133712078,2.19530713301198,2.2054808139801,1,2.1460869397494515
2019-04-12A,2.2054808139801,2.23600133712078,2.19530713301198,2.20184701852334,1,2.1326295909528596
2019-04-12C,2.20184701852334,2.20257364804516,2.17495982041634,2.18804001808166,0,2.1326295909528596
2019-04-15A,2.18804001808166,2.20257364804516,2.17495982041634,2.22364769589412,1,2.094298132258207
2019-04-15C,2.22364769589412,2.22728119039205,2.18077343104405,2.18368029594421,0,2.094298132258207
2019-04-16A,2.18368029594421,2.22728119039205,2.18077343104405,2.17931995174903,0,2.094298132258207
2019-04-16C,2.17931995174903,2.21274733543396,2.15461264212025,2.21274733543396,1,2.09361033752481
2019-04-17A,2.21274733543396,2.21274733543396,2.15461264212025,2.21202064044235,1,2.097049329505955
2019-04-17C,2.21202064044235,2.22292095011186,2.19603375059979,2.21565413475037,1,2.0977368378004297
2019-04-18A,2.21565413475037,2.22292095011186,2.19603375059979,2.21638052710266,1,2.080542371675431
2019-04-18C,2.21638052710266,2.21638052710266,2.19603351556993,2.19821357727051,0,2.080542371675431
2019-04-19A,2.19821357727051,2.21638052710266,2.19603351556993,2.19821372285415,0,2.080542371675431
2019-04-19C,2.19821372285415,2.20911385882443,2.18150003087912,2.20330047607422,0,2.080542371675431
2019-04-22A,2.20330047607422,2.20911385882443,2.18150003087912,2.20548056607663,0,2.080542371675431
2019-04-22C,2.20548056607663,2.20766062794942,2.1582461809236,2.15969944000244,0,2.080542371675431
2019-04-23A,2.15969944000244,2.20766062794942,2.1582461809236,2.15824614567898,0,2.080542371675431
2019-04-23C,2.15824614567898,2.16115283704372,2.13717233008911,2.14007902145386,0,2.080542371675431
2019-04-24A,2.14007902145386,2.16115283704372,2.13717233008911,2.1400790464081,0,2.080542371675431
2019-04-24C,2.1400790464081,2.15751954130903,2.13135897221217,2.15533947944641,0,2.080542371675431
2019-04-25A,2.15533947944641,2.15751954130903,2.13135897221217,2.15461304405474,0,2.080542371675431
2019-04-25C,2.15461304405474,2.15461304405474,2.10447195917373,2.10665202140808,0,2.080542371675431
2019-04-26A,2.10665202140808,2.15461304405474,2.10447195917373,2.10592497218288,0,2.080542371675431
2019-04-26C,2.10592497218288,2.10592497218288,2.07903777432203,2.08194446563721,0,2.080542371675431
2019-05-06A,2.08194446563721,2.10592497218288,2.07903777432203,2.05723734043245,0,2.080542371675431
2019-05-06C,2.05723734043245,2.06014403176297,1.96930875821613,1.99183583259583,0,2.080542371675431
2019-05-07A,1.99183583259583,2.06014403176297,1.96930875821613,1.99546916294731,0,2.080542371675431
2019-05-07C,1.99546916294731,2.01944966765164,1.99546916294731,2.01363611221313,0,2.080542371675431
2019-05-08A,2.01363611221313,2.01944966765164,1.99546916294731,1.99183583259582,0,2.080542371675431
2019-05-08C,1.99183583259582,2.01508970974905,1.9765755731697,1.99183583259583,0,2.080542371675431
2019-05-09A,1.99183583259583,2.01508970974905,1.9765755731697,1.98166247782629,0,2.080542371675431
2019-05-09C,1.98166247782629,1.98820266376091,1.96058866087332,1.96204209327698,0,2.080542371675431
2019-05-10A,1.96204209327698,1.98820266376091,1.96058866087332,1.97294190153577,0,2.080542371675431
2019-05-10C,1.97294190153577,2.00782271412695,1.94532807649879,2.0056426525116,0,2.080542371675431
2019-05-13A,2.0056426525116,2.00782271412695,1.94532807649879,1.97657551526606,0,2.080542371675431
2019-05-13C,1.97657551526606,1.99038251524972,1.97294202126845,1.97802877426147,0,2.080542371675431
2019-05-14A,1.97802877426147,1.99038251524972,1.97294202126845,1.97076188469898,0,2.080542371675431
2019-05-14C,1.97076188469898,1.97802869916377,1.96131500856929,1.96640193462372,0,2.080542371675431
2019-05-15A,1.96640193462372,1.97802869916377,1.96131500856929,1.97584890024001,0,2.080542371675431
2019-05-15C,1.97584890024001,2.0005560358884,1.97512209748245,1.99619591236114,0,2.080542371675431
2019-05-16A,1.99619591236114,2.0005560358884,1.97512209748245,1.99619577659656,0,2.080542371675431
2019-05-16C,1.99619577659656,2.00782271412695,1.97730202476649,2.0056426525116,1,2.0805424533989867
2019-05-17A,2.0056426525116,2.00782271412695,1.97730202476649,2.0056427312931,1,2.038328552714942
2019-05-17C,2.0056427312931,2.01072948417723,1.96276847326453,1.96494853496552,0,2.038328552714942
2019-05-20A,1.96494853496552,2.01072948417723,1.96276847326453,1.96494843218847,0,2.038328552714942
2019-05-20C,1.96494843218847,1.97294187583765,1.94169455743058,1.95550155639648,0,2.038328552714942
2019-05-21A,1.95550155639648,1.97294187583765,1.94169455743058,1.9591354420762,0,2.038328552714942
2019-05-21C,1.9591354420762,1.98602264268848,1.95404851518591,1.97512233257294,0,2.038328552714942
2019-05-22A,1.97512233257294,1.98602264268848,1.95404851518591,1.9743953076003,0,2.038328552714942
2019-05-22C,1.9743953076003,1.98020868966139,1.96422180236612,1.97294187545776,0,2.038328552714942
2019-05-23A,1.97294187545776,1.98020868966139,1.96422180236612,1.96858217730233,0,2.038328552714942
2019-05-23C,1.96858217730233,1.96858217730233,1.95114168237953,1.95259511470795,0,2.038328552714942
2019-05-24A,1.95259511470795,1.96858217730233,1.95114168237953,1.95404837378182,0,2.038328552714942
2019-05-24C,1.95404837378182,1.96204199170628,1.94750836144031,1.95259511470795,0,2.038328552714942
2019-05-27A,1.95259511470795,1.96204199170628,1.94750836144031,1.95259538542127,0,2.038328552714942
2019-05-27C,1.95259538542127,1.97294240131279,1.9409684449456,1.97221577167511,1,2.0383280094323286
2019-05-28A,1.97221577167511,1.97294240131279,1.9409684449456,1.97221524601376,1,2.039078997008952
2019-05-28C,1.97221524601376,1.98892893600755,1.96640186395266,1.97294187545776,1,2.039079405345331
2019-05-29A,1.97294187545776,1.98892893600755,1.96640186395266,1.97294227054983,1,2.041332547588799
2019-05-29C,1.97294227054983,1.98166251864226,1.9700355789372,1.97512233257294,1,2.0383284176183096
2019-05-30A,1.97512233257294,1.98166251864226,1.9700355789372,1.97221564096031,1,2.041332547588799
2019-05-30C,1.97221564096031,1.97512233257294,1.96131533084476,1.97512233257294,1,2.0405813756822306
2019-05-31A,1.97512233257294,1.97512233257294,1.96131533084476,1.9743955247777,1,2.0375772459828965
2019-05-31C,1.9743955247777,1.983842401607,1.96930877160109,1.97148883342743,1,2.043585596770414
2019-06-03A,1.97148883342743,1.983842401607,1.96930877160109,1.97730230455264,1,2.028564768539601
2019-06-03C,1.97730230455264,1.98311586076771,1.95840855004912,1.96276867389679,1,2.027813467500453
2019-06-04A,1.96276867389679,1.98311586076771,1.95840855004912,1.96204174115736,1,2.0210540421223615
2019-06-04C,1.96204174115736,1.96276837060151,1.95332149480952,1.95550155639648,0,2.0210540421223615
2019-06-05A,1.95550155639648,1.96276837060151,1.95332149480952,1.97003508130601,1,2.0143444833545012
2019-06-05C,1.97003508130601,1.97512183365683,1.96058820601034,1.96349489688873,1,2.0128540426278496
2019-06-06A,1.96349489688873,1.97512183365683,1.96058820601034,1.96204208045883,1,1.994216434428701
2019-06-06C,1.96204208045883,1.96204208045883,1.94387495517731,1.94387495517731,0,1.994216434428701
2019-06-10A,1.94387495517731,1.96204208045883,1.94387495517731,1.95114153007885,0,1.994216434428701
2019-06-10C,1.95114153007885,1.97076191208095,1.94823483890345,1.96131503582001,1,1.997171918780474
2019-06-11A,1.96131503582001,1.97076191208095,1.94823483890345,1.9642217593818,1,2.0385487642050766
2019-06-11C,1.9642217593818,2.0056425821106,1.96276832727108,2.0049159526825,1,2.0363323864693688
2019-06-12A,2.0049159526825,2.0056425821106,1.96276832727108,2.00273614165344,1,2.025249222843924
2019-06-12C,2.00273614165344,2.00273614165344,1.98820251174631,1.99183583259583,1,2.0245103551804666
2019-06-13A,1.99183583259583,2.00273614165344,1.98820251174631,1.99110915507337,1,2.018599452163343
2019-06-13C,1.99110915507337,1.99183578457485,1.97294203150018,1.98529577255249,1,2.014166365949117
2019-06-14A,1.98529577255249,1.99183578457485,1.97294203150018,1.98093582520829,1,2.000866568736411
2019-06-14C,1.98093582520829,1.99110933215188,1.96712882392511,1.96785545349121,0,2.000866568736411
2019-06-17A,1.96785545349121,1.99110933215188,1.96712882392511,1.96785537684871,0,2.000866568736411
2019-06-17C,1.96785537684871,1.98093574805635,1.96349525311284,1.97366893291473,1,2.001602887225545
2019-06-18A,1.97366893291473,1.98093574805635,1.96349525311284,1.97439524267943,1,2.0030763479665006
2019-06-18C,1.97439524267943,1.97948199512926,1.97076174906983,1.97584867477417,1,2.0310708131492463
2019-06-19A,1.97584867477417,1.97948199512926,1.97076174906983,2.00346261319868,1,2.01707355005607
2019-06-19C,2.00346261319868,2.01145605704095,1.98965561389923,1.98965561389923,1,2.0170737321532943
2019-06-20A,1.98965561389923,2.01145605704095,1.98965561389923,1.98965579352122,1,2.0524352143744125
2019-06-20C,1.98965579352122,2.03180342468627,1.98747573168478,2.02453660964966,1,2.0524352905497683
2019-06-21A,2.02453660964966,2.03180342468627,1.98747573168478,2.02453668478957,1,2.0568554979467195
2019-06-21C,2.02453668478957,2.03689025348485,2.02090319050914,2.02889680862427,1,2.0568553988001677
2019-06-24A,2.02889680862427,2.03689025348485,2.02090319050914,2.02889671082541,1,2.058328684100106
2019-06-24C,2.02889671082541,2.03253003167615,2.02235652538862,2.03034996986389,1,2.057591971785125
2019-06-25A,2.03034996986389,2.03253003167615,2.02235652538862,2.02962327162659,1,2.0399113192902525
2019-06-25C,2.02962327162659,2.0310767038704,1.9991025805428,2.01218295097351,1,2.036228071861667
2019-06-26A,2.01218295097351,2.0310767038704,1.9991025805428,2.00854976966316,1,2.044331844566606
2019-06-26C,2.00854976966316,2.02090333926779,2.00564307797759,2.0165433883667,1,2.045804678785837
2019-06-27A,2.0165433883667,2.02090333926779,2.00564307797759,2.01799620245598,1,2.060538584182219
2019-06-27C,2.01799620245598,2.03834338627598,2.01799620245598,2.03252983093262,1,2.0605388105400344
2019-06-28A,2.03252983093262,2.03834338627598,2.01799620245598,2.03253005421357,1,2.0524352143744125
2019-06-28C,2.03253005421357,2.0339834865227,2.01581636230391,2.02453660964966,1,2.08484979271106
2019-07-01A,2.02453660964966,2.0339834865227,2.01581636230391,2.05651057894686,1,2.0819030464109827
2019-07-01C,2.05651057894686,2.05651057894686,2.04415701060323,2.05360388755798,1,2.0811666265090922
2019-07-02A,2.05360388755798,2.05651057894686,2.04415701060323,2.05287747775902,1,2.0914803274843137
2019-07-02C,2.05287747775902,2.06450441781358,2.04851735358174,2.0630509853363,1,2.0907434100559517
2019-07-03A,2.0630509853363,2.06450441781358,2.04851735358174,2.06232408477371,1,2.09295351363771
2019-07-03C,2.06232408477371,2.06741083789404,2.05505726985115,2.06450414657593,1,2.0907433718515516
2019-07-04A,2.06450414657593,2.06741083789404,2.05505726985115,2.06232404708862,1,2.0907433718515516
2019-07-04C,2.06232404708862,2.07540424440839,2.05651049130409,2.06232404708862,1,2.091480195066224
2019-07-05A,2.06232404708862,2.07540424440839,2.05651049130409,2.06305085471816,1,2.0944269414951426
2019-07-05C,2.06305085471816,2.0688642377501,2.05433060691571,2.06595754623413,1,2.090006759448547
2019-07-08A,2.06595754623413,2.0688642377501,2.05433060691571,2.0615974474052,1,2.049488600363584
2019-07-08C,2.0615974474052,2.06595757135945,2.01363643041752,2.02163004875183,0,2.049488600363584
2019-07-09A,2.02163004875183,2.06595757135945,2.01363643041752,2.02090320838592,0,2.049488600363584
2019-07-09C,2.02090320838592,2.02889682657175,2.0165432577672,2.01944994926453,0,2.049488600363584
2019-07-10A,2.01944994926453,2.02889682657175,2.0165432577672,2.01944992954782,0,2.049488600363584
2019-07-10C,2.01944992954782,2.02599011529387,2.00418949614039,2.00782299041748,0,2.049488600363584
2019-07-11A,2.00782299041748,2.02599011529387,2.00418949614039,2.01145638181723,0,2.049488600363584
2019-07-11C,2.01145638181723,2.02308332135438,2.00418956626333,2.00854969024658,0,2.049488600363584
2019-07-12A,2.00854969024658,2.02308332135438,2.00418956626333,2.01072973411791,0,2.049488600363584
2019-07-12C,2.01072973411791,2.0201766115783,2.00564298060148,2.01799654960632,0,2.049488600363584
2019-07-15A,2.01799654960632,2.0201766115783,2.00564298060148,2.01726981711008,0,2.049488600363584
2019-07-15C,2.01726981711008,2.02526326176313,1.98820255663949,2.01872324943542,0,2.049488600363584
2019-07-16A,2.01872324943542,2.02526326176313,1.98820255663949,2.01799665722326,0,2.049488600363584
2019-07-16C,2.01799665722326,2.02381021387675,2.01363653304679,2.02090334892273,0,2.049488600363584
2019-07-17A,2.02090334892273,2.02381021387675,2.01363653304679,2.01799654960632,0,2.049488600363584
2019-07-17C,2.01799654960632,2.02308330312276,2.01145636369039,2.01799654960632,0,2.049488600363584
2019-07-18A,2.01799654960632,2.02308330312276,2.01145636369039,2.01363646212685,0,2.049488600363584
2019-07-18C,2.01363646212685,2.01363646212685,1.99910283088684,1.99910283088684,0,2.049488600363584
2019-07-19A,1.99910283088684,2.01363646212685,1.99910283088684,1.99837605329896,0,2.049488600363584
2019-07-19C,1.99837605329896,2.01944986901258,1.99837605329896,2.01145625114441,0,2.049488600363584
2019-07-22A,2.01145625114441,2.01944986901258,1.99837605329896,2.01145617145199,0,2.049488600363584
2019-07-22C,2.01145617145199,2.01726972723984,1.99256259159146,1.99619591236114,0,2.049488600363584
2019-07-23A,1.99619591236114,2.01726972723984,1.99256259159146,1.99837587062118,0,2.049488600363584
2019-07-23C,1.99837587062118,2.00491605557331,1.99692243843586,2.00418925285339,0,2.049488600363584
2019-07-24A,2.00418925285339,2.00491605557331,1.99692243843586,2.00564294808403,0,2.049488600363584
2019-07-24C,2.00564294808403,2.02599013507442,2.00564294808403,2.01944994926453,1,2.0509633592292595
2019-07-25A,2.01944994926453,2.02599013507442,2.00564294808403,2.0209030930956,1,2.0605507551697735
2019-07-25C,2.0209030930956,2.03107677263767,2.02017646357636,2.03034996986389,1,2.059813398513448
2019-07-26A,2.03034996986389,2.03107677263767,2.02017646357636,2.02962342039104,1,2.0686633569096187
2019-07-26C,2.02962342039104,2.04052372988225,2.02526329659456,2.03834366798401,1,2.06866329585488
2019-07-29A,2.03834366798401,2.04052372988225,2.02526329659456,2.03834360782413,1,2.072350661190026
2019-07-29C,2.03834360782413,2.04343036101838,2.03471011368278,2.04197692871094,1,2.070875805709195
2019-07-30A,2.04197692871094,2.04343036101838,2.03471011368278,2.04052368968077,1,2.0841505672102683
2019-07-30C,2.04052368968077,2.05941744359027,2.04052368968077,2.05360388755798,1,2.0812009622594916
2019-07-31A,2.05360388755798,2.05941744359027,2.04052368968077,2.05069751395476,1,2.070876126621821
2019-07-31C,2.05069751395476,2.05069751395476,2.03689051114983,2.04052400588989,1,2.0686631265421926
2019-08-01A,2.04052400588989,2.05069751395476,2.03689051114983,2.038343440993,1,2.0553881904262385
2019-08-01C,2.038343440993,2.038343440993,2.02090294774924,2.02526307106018,0,2.0553881904262385
2019-08-02A,2.02526307106018,2.038343440993,2.02090294774924,1.99764957171557,0,2.0553881904262385
2019-08-02C,1.99764957171557,2.00055626331266,1.99183601526684,1.99910283088684,0,2.0553881904262385
2019-08-05A,1.99910283088684,2.00055626331266,1.99183601526684,1.99619582195301,0,2.0553881904262385
2019-08-05C,1.99619582195301,1.99619582195301,1.96422187295883,1.96640193462372,0,2.0553881904262385
2019-08-06A,1.96640193462372,1.99619582195301,1.96422187295883,1.94750844626766,0,2.0553881904262385
2019-08-06C,1.94750844626766,1.94896170540484,1.91117436902013,1.93297481536865,0,2.0553881904262385
2019-08-07A,1.93297481536865,1.94896170540484,1.91117436902013,1.938061526298,0,2.0553881904262385
2019-08-07C,1.938061526298,1.94024158821043,1.92716121673584,1.92716121673584,0,2.0553881904262385
2019-08-08A,1.92716121673584,1.94024158821043,1.92716121673584,1.93370107094586,0,2.0553881904262385
2019-08-08C,1.93370107094586,1.94532800806724,1.93370107094586,1.94242131710052,0,2.0553881904262385
2019-08-09A,1.94242131710052,1.94532800806724,1.93370107094586,1.94968856061414,0,2.0553881904262385
2019-08-09C,1.94968856061414,1.95114181979036,1.93733481808896,1.9431483745575,0,2.0553881904262385
2019-08-12A,1.9431483745575,1.95114181979036,1.93733481808896,1.94314809121015,0,2.0553881904262385
2019-08-12C,1.94314809121015,1.96494853496552,1.94024140002701,1.96494853496552,0,2.0553881904262385
2019-08-13A,1.96494853496552,1.96494853496552,1.94024140002701,1.95768205790004,0,2.0553881904262385
2019-08-13C,1.95768205790004,1.95768205790004,1.95114187166949,1.95332193374634,0,2.0553881904262385
2019-08-14A,1.95332193374634,1.95768205790004,1.95114187166949,1.96422219959391,1,2.048544452869751
2019-08-14C,1.96422219959391,1.97584913932196,1.9562285810752,1.95768201351166,0,2.048544452869751
2019-08-15A,1.95768201351166,1.97584913932196,1.9562285810752,1.94169488331159,0,2.048544452869751
2019-08-15C,1.94169488331159,1.97003551544406,1.9307947468019,1.96785545349121,1,2.0515703458723786
2019-08-16A,1.96785545349121,1.97003551544406,1.9307947468019,1.97076216124586,1,2.0493010740467246
2019-08-16C,1.97076216124586,1.97584908801411,1.96349534576135,1.9685822725296,1,2.050813926578925
2019-08-19A,1.9685822725296,1.97584908801411,1.96349534576135,1.97003553613911,1,2.082586076871812
2019-08-19C,1.97003553613911,2.00128286011878,1.97003553613911,2.00055623054504,1,2.0833420832836467
2019-08-20A,2.00055623054504,2.00128286011878,1.97003553613911,2.00128245903294,1,2.0871245629607684
2019-08-20C,2.00128245903294,2.0056425821106,1.99401564498833,2.0049159526825,1,2.085611642050262
2019-08-21A,2.0049159526825,2.0056425821106,1.99401564498833,2.003462623388,1,2.086368065881075
2019-08-21C,2.003462623388,2.00782274668942,1.99910250008657,2.00418925285339,1,2.086368213326846
2019-08-22A,2.00418925285339,2.00782274668942,1.99910250008657,2.0041893944915,1,2.0803164615354723
2019-08-22C,2.0041893944915,2.00564282677954,1.99183582643411,1.99837601184845,1,2.0803164890189123
2019-08-23A,1.99837601184845,2.00564282677954,1.99183582643411,1.99837603824936,1,2.0856118169959728
2019-08-23C,1.99837603824936,2.00564285327645,1.99183585274862,2.00346279144287,1,2.065186947107583
2019-08-26A,2.00346279144287,2.00564285327645,1.99183585274862,1.98384242560682,0,2.065186947107583
2019-08-26C,1.98384242560682,1.99692262346857,1.97730224004868,1.99401593208313,1,2.0651868547076315
2019-08-27A,1.99401593208313,1.99692262346857,1.97730224004868,1.99401584286749,1,2.092281153351803
2019-08-27C,1.99401584286749,2.02671659594057,1.99256258386706,2.02017641067505,1,2.0877653517800523
2019-08-28A,2.02017641067505,2.02671659594057,1.99256258386706,2.01581623384321,1,2.0817444764354507
2019-08-28C,2.01581623384321,2.02090298671922,2.00636935757218,2.01000285148621,1,2.0847550050066843
2019-08-29A,2.01000285148621,2.02090298671922,2.00636935757218,2.01290963043106,1,2.072713074354044
2019-08-29C,2.01290963043106,2.01436306271094,1.99619593885776,2.00128269195557,1,2.0787342496180674
2019-08-30A,2.00128269195557,2.01436306271094,1.99619593885776,2.00709636389609,1,2.061424006948496
2019-08-30C,2.00709636389609,2.01508980876141,1.98820260943756,1.9903826713562,0,2.061424006948496
2019-09-02A,1.9903826713562,2.01508980876141,1.98820260943756,1.99183607135341,0,2.061424006948496
2019-09-02C,1.99183607135341,2.02017670504582,1.99183607135341,2.01290988922119,1,2.0621680205630044
2019-09-03A,2.01290988922119,2.02017670504582,1.99183607135341,2.01363639301532,1,2.0681216921516037
2019-09-03C,2.01363639301532,2.01944994926453,2.010729701518,2.01944994926453,1,2.0681218407950084
2019-09-04A,2.01944994926453,2.01944994926453,2.010729701518,2.01945009440972,1,2.094912921293647
2019-09-04C,2.01945009440972,2.04779072836835,2.0172700323164,2.04561066627502,1,2.102354559099372
2019-09-05A,2.04561066627502,2.04779072836835,2.0172700323164,2.05287717053647,1,2.1120291194061007
2019-09-05C,2.05287717053647,2.08267105919816,2.05215036777932,2.06232404708862,1,2.1135174916055353
2019-09-06A,2.06232404708862,2.08267105919816,2.05215036777932,2.06377739152867,1,2.1209594477318445
2019-09-06C,2.06377739152867,2.0724976389392,2.06087070014334,2.07104420661926,1,2.1358434809553346
2019-09-09A,2.07104420661926,2.0724976389392,2.06087070014334,2.08557795492435,1,2.131378448970835
2019-09-09C,2.08557795492435,2.09066488170497,2.07467781829836,2.08121800422668,1,2.131378333361718
2019-09-10A,2.08121800422668,2.09066488170497,2.07467781829836,2.08121789133834,1,2.1246805196029155
2019-09-10C,2.08121789133834,2.08194452087278,2.06886414972564,2.07467770576477,1,2.127657189231265
2019-09-11A,2.07467770576477,2.08194452087278,2.06886414972564,2.07758432163402,1,2.1202152333576323
2019-09-11C,2.07758432163402,2.08049101292065,2.06886407451958,2.07031750679016,1,2.12095946815166
2019-09-12A,2.07031750679016,2.08049101292065,2.06886407451958,2.07104422655851,1,2.132866633554447
2019-09-12C,2.07104422655851,2.08703128921355,2.07104422655851,2.08267116546631,1,2.1350993534763694
2019-09-16A,2.08267116546631,2.08703128921355,2.07104422655851,2.08485133994548,1,2.1395645629223665
2019-09-16C,2.08485133994548,2.09357158791096,2.0833980807876,2.08921146392822,1,2.13807577476952
2019-09-17A,2.08921146392822,2.09357158791096,2.0833980807876,2.08775771332392,1,2.1135173039897137
2019-09-17C,2.08775771332392,2.08775771332392,2.05651039388272,2.06377720832825,0,2.1135173039897137
2019-09-18A,2.06377720832825,2.08775771332392,2.05651039388272,2.06523091666877,0,2.1135173039897137
2019-09-18C,2.06523091666877,2.06959104057,2.06232422515281,2.06595754623413,0,2.1135173039897137
2019-09-19A,2.06595754623413,2.06959104057,2.06232422515281,2.0652311922362,0,2.1135173039897137
2019-09-19C,2.0652311922362,2.06813788414001,2.05941780842857,2.06813788414001,0,2.1135173039897137
2019-09-20A,2.06813788414001,2.06813788414001,2.05941780842857,2.06886410713196,0,2.1135173039897137
2019-09-20C,2.06886410713196,2.07322423075791,2.06668421857352,2.06886410713196,0,2.1135173039897137
2019-09-23A,2.06886410713196,2.07322423075791,2.06668421857352,2.0674109819388,0,2.1135173039897137
2019-09-23C,2.0674109819388,2.06813761150533,2.03907034978988,2.04851722717285,0,2.1135173039897137
2019-09-24A,2.04851722717285,2.06813761150533,2.03907034978988,2.05069732666016,0,2.1135173039897137
2019-09-24C,2.05069732666016,2.06232426621005,2.04633720267213,2.05069732666016,0,2.1135173039897137
2019-09-25A,2.05069732666016,2.06232426621005,2.04633720267213,2.05069729247609,0,2.1135173039897137
2019-09-25C,2.05069729247609,2.05069729247609,2.02962347572161,2.03107690811157,0,2.1135173039897137
2019-09-26A,2.03107690811157,2.05069729247609,2.02962347572161,2.03398359963696,0,2.1135173039897137
2019-09-26C,2.03398359963696,2.04125041507769,2.02744341376393,2.03107690811157,0,2.1135173039897137
2019-09-27A,2.03107690811157,2.04125041507769,2.02744341376393,2.03107702975269,0,2.1135173039897137
2019-09-27C,2.03107702975269,2.03253028897514,2.01727002761204,2.02090334892273,0,2.1135173039897137
2019-09-30A,2.02090334892273,2.03253028897514,2.01727002761204,2.01945013630445,0,2.1135173039897137
2019-09-30C,2.01945013630445,2.021630198443,2.00273644207862,2.00927662849426,0,2.1135173039897137
2019-10-08A,2.00927662849426,2.021630198443,2.00273644207862,2.0100027592288,0,2.1135173039897137
2019-10-08C,2.0100027592288,2.02017626451387,2.00418920388411,2.01508951187134,0,2.1135173039897137
2019-10-09A,2.01508951187134,2.02017626451387,2.00418920388411,2.01145635049251,0,2.1135173039897137
2019-10-09C,2.01145635049251,2.03325697006925,2.00636959700945,2.03107690811157,0,2.1135173039897137
2019-10-10A,2.03107690811157,2.03325697006925,2.00636959700945,2.03180338481658,0,2.1135173039897137
2019-10-10C,2.03180338481658,2.04052363199121,2.03107675530354,2.03979682922363,1,2.116529473773549
2019-10-11A,2.03979682922363,2.04052363199121,2.03107675530354,2.04270393311275,1,2.1353529999300442
2019-10-11C,2.04270393311275,2.06523100994716,2.04270393311275,2.060870885849,1,2.139117774949352
2019-10-14A,2.060870885849,2.06523100994716,2.04270393311275,2.06450434375002,1,2.1549295581824337
2019-10-14C,2.06450434375002,2.09066491462063,2.06450434375002,2.07976460456848,1,2.154176438345439
2019-10-15A,2.07976460456848,2.09066491462063,2.06450434375002,2.0790377539046,1,2.1451410320209523
2019-10-15C,2.0790377539046,2.08121781568321,2.0666841859955,2.07031750679016,1,2.1421293858825448
2019-10-16A,2.07031750679016,2.08121781568321,2.0666841859955,2.06741090828147,1,2.1398705342000577
2019-10-16C,2.06741090828147,2.08412460049784,2.06305078452859,2.06523084640503,1,2.131588002581851
2019-10-17A,2.06523084640503,2.08412460049784,2.06305078452859,2.05723721337403,1,2.1285760809368126
2019-10-17C,2.05723721337403,2.0652306573529,2.04997039886927,2.05433034896851,1,2.1308352461978157
2019-10-18A,2.05433034896851,2.0652306573529,2.04997039886927,2.0565107134857,1,2.1067411261023414
2019-10-18C,2.0565107134857,2.06232426989832,2.02671682160514,2.03325700759888,0,2.1067411261023414
2019-10-21A,2.03325700759888,2.06232426989832,2.02671682160514,2.03253038236757,0,2.1067411261023414
2019-10-21C,2.03253038236757,2.04052400147659,2.02163024468009,2.03689050674438,0,2.1067411261023414
2019-10-22A,2.03689050674438,2.04052400147659,2.02163024468009,2.03761676742998,0,2.1067411261023414
2019-10-22C,2.03761676742998,2.04125026150425,2.02889669350988,2.03979682922363,0,2.1067411261023414
2019-10-23A,2.03979682922363,2.04125026150425,2.02889669350988,2.03979688942367,0,2.1067411261023414
2019-10-23C,2.03979688942367,2.04197695128167,2.03180344478071,2.0361635684967,0,2.1067411261023414
2019-10-24A,2.0361635684967,2.04197695128167,2.03180344478071,2.0332568170972,0,2.1067411261023414
2019-10-24C,2.0332568170972,2.04415695281095,2.03034995253596,2.03979682922363,0,2.1067411261023414
2019-10-25A,2.03979682922363,2.04415695281095,2.03034995253596,2.03834360782413,0,2.1067411261023414
2019-10-25C,2.03834360782413,2.04197692871094,2.02526323682073,2.04197692871094,0,2.1067411261023414
2019-10-28A,2.04197692871094,2.04197692871094,2.02526323682073,2.04125024424391,0,2.1067411261023414
2019-10-28C,2.04125024424391,2.0506971208517,2.04125024424391,2.04924368858337,1,2.1067415299486134
2019-10-29A,2.04924368858337,2.0506971208517,2.04125024424391,2.04924408140782,1,2.09777678758113
2019-10-29C,2.04924408140782,2.04924408140782,2.04052400588989,2.04052400588989,0,2.09777678758113
2019-10-30A,2.04052400588989,2.04924408140782,2.04052400588989,2.0383437369266,0,2.09777678758113
2019-10-30C,2.0383437369266,2.0383437369266,2.01436322848939,2.01799654960632,0,2.09777678758113
2019-10-31A,2.01799654960632,2.0383437369266,2.01436322848939,2.0179967037939,0,2.09777678758113
2019-10-31C,2.0179967037939,2.01872350667645,2.00636976347316,2.00927662849426,0,2.09777678758113
2019-11-01A,2.00927662849426,2.01872350667645,2.00636976347316,2.00709632549908,0,2.09777678758113
2019-11-01C,2.00709632549908,2.02816996821856,2.00273620174521,2.02671670913696,0,2.09777678758113
2019-11-04A,2.02671670913696,2.02816996821856,2.00273620174521,2.02744307829124,0,2.09777678758113
2019-11-04C,2.02744307829124,2.03834338627598,2.02380975779934,2.03252983093262,1,2.1007770886109984
2019-11-05A,2.03252983093262,2.03834338627598,2.02380975779934,2.03543681387813,1,2.1082771778522047
2019-11-05C,2.03543681387813,2.05505719613983,2.03034988768572,2.04270362854004,1,2.108277263184466
2019-11-06A,2.04270362854004,2.05505719613983,2.03034988768572,2.04270371121822,1,2.095526950023747
2019-11-06C,2.04270371121822,2.04270371121822,2.02744327853239,2.03034996986389,0,2.095526950023747
2019-11-07A,2.03034996986389,2.04270371121822,2.02744327853239,2.03035018016099,0,2.095526950023747
2019-11-07C,2.03035018016099,2.03979705790776,2.02962355056649,2.03543710708618,1,2.1097413718346387
2019-11-08A,2.03543710708618,2.03979705790776,2.02962355056649,2.04924392622985,1,2.0880454165921454
2019-11-08C,2.04924392622985,2.04997072907557,2.02526341717596,2.02817010879517,0,2.0880454165921454
2019-11-11A,2.02817010879517,2.04997072907557,2.02526341717596,2.02381000669742,0,2.0880454165921454
2019-11-11C,2.02381000669742,2.02381000669742,1.99038262243917,1.99110925197601,0,2.0880454165921454
2019-11-12A,1.99110925197601,2.02381000669742,1.99038262243917,1.99110919187387,0,2.0880454165921454
2019-11-12C,1.99110919187387,1.99619594498729,1.98384237696119,1.99474251270294,0,2.0880454165921454
2019-11-13A,1.99474251270294,1.99619594498729,1.98384237696119,1.99256258733086,0,2.0880454165921454
2019-11-13C,1.99256258733086,1.99256258733086,1.98238890803752,1.98529577255249,0,2.0880454165921454
2019-11-14A,1.98529577255249,1.99256258733086,1.98238890803752,1.98529592447228,0,2.0880454165921454
2019-11-14C,1.98529592447228,1.98674918358645,1.97875573869492,1.98384249210358,0,2.0880454165921454
2019-11-15A,1.98384249210358,1.98674918358645,1.97875573869492,1.98384218339047,0,2.0880454165921454
2019-11-15C,1.98384218339047,1.98602224497701,1.97294187545776,1.97294187545776,0,2.0880454165921454
2019-11-18A,1.97294187545776,1.98602224497701,1.97294187545776,1.97439561484334,0,2.0880454165921454
2019-11-18C,1.97439561484334,1.98384249210358,1.96422210802603,1.98384249210358,0,2.0880454165921454
2019-11-19A,1.98384249210358,1.98384249210358,1.96422210802603,1.98674907330781,0,2.0880454165921454
2019-11-19C,1.98674907330781,1.9991026413652,1.98238894969825,1.99837601184845,1,2.0888044925605174
2019-11-20A,1.99837601184845,1.9991026413652,1.98238894969825,1.99910248991943,1,2.078933724467756
2019-11-20C,1.99910248991943,2.00128255155905,1.98820235497583,1.98965561389923,0,2.078933724467756
2019-11-21A,1.98965561389923,2.00128255155905,1.98820235497583,1.98747576907339,0,2.078933724467756
2019-11-21C,1.98747576907339,1.99183589282828,1.98020895390008,1.9882025718689,0,2.078933724467756
2019-11-22A,1.9882025718689,1.99183589282828,1.98020895390008,1.99110904607715,0,2.078933724467756
2019-11-22C,1.99110904607715,2.00273598373698,1.98311560223488,1.98965561389923,0,2.078933724467756
2019-11-25A,1.98965561389923,2.00273598373698,1.98311560223488,1.98965570409436,0,2.078933724467756
2019-11-25C,1.98965570409436,2.01581627170124,1.98892907459972,2.01218295097351,1,2.0856910385292666
2019-11-26A,2.01218295097351,2.01581627170124,1.98892907459972,2.01872329999422,1,2.0744291295784625
2019-11-26C,2.01872329999422,2.01944992954782,2.00564292850213,2.00782299041748,1,2.074429051772815
2019-11-27A,2.00782299041748,2.01944992954782,2.00564292850213,2.00782291511003,1,2.0699242883614546
2019-11-27C,2.00782291511003,2.01072960646996,1.9998294705566,2.00346279144287,1,2.0684227925659977
2019-11-28A,2.00346279144287,2.01072960646996,1.9998294705566,2.00200950594126,1,2.064668763438804
2019-11-28C,2.00200950594126,2.00636945629628,1.99619595004367,1.99837601184845,1,2.062416427111098
2019-11-29A,1.99837601184845,2.00636945629628,1.99619595004367,1.99619599393584,0,2.062416427111098
2019-11-29C,1.99619599393584,2.00200954996126,1.9896558083777,1.99401593208313,0,2.062416427111098
2019-12-02A,1.99401593208313,2.00200954996126,1.9896558083777,1.99328946383789,0,2.062416427111098
2019-12-02C,1.99328946383789,2.00782309519562,1.99328946383789,1.99982964992523,1,2.06091742381654
2019-12-03A,1.99982964992523,2.00782309519562,1.99328946383789,1.99837613588491,1,2.0646646321701314
2019-12-03C,1.99837613588491,2.0027362597651,1.99038269094093,2.00200963020325,1,2.0571700941410436
2019-12-04A,2.00200963020325,2.0027362597651,1.99038269094093,1.99474252392634,0,2.0571700941410436
2019-12-04C,1.99474252392634,2.00128270936091,1.98674907945378,1.99183583259583,0,2.0571700941410436
2019-12-05A,1.99183583259583,2.00128270936091,1.98674907945378,1.99619593885776,1,2.0624122230049475
2019-12-05C,1.99619593885776,2.00346275374813,1.9940158770652,2.00128269195557,1,2.0616633374535533
2019-12-06A,2.00128269195557,2.00346275374813,1.9940158770652,2.00055600323857,1,2.05866786084092
2019-12-06C,2.00055600323857,2.00273606496661,1.99183575632638,1.99764931201935,1,2.0579192452806345
2019-12-09A,1.99764931201935,2.00273606496661,1.99183575632638,1.99692288529097,1,2.0706503357381414
2019-12-09C,1.99692288529097,2.01072988775025,1.99692288529097,2.00927662849426,1,2.070650239604971
2019-12-10A,2.00927662849426,2.01072988775025,1.99692288529097,2.00927653521046,1,2.0758923690574402
2019-12-10C,2.00927653521046,2.01436328887939,2.00709647317313,2.01436328887939,1,2.075892177757267
2019-12-11A,2.01436328887939,2.01436328887939,2.00709647317313,2.01436310324932,1,2.086376435696048
2019-12-11C,2.01436310324932,2.02816993054069,2.01436310324932,2.02453660964966,1,2.0871252602497825
2019-12-12A,2.02453660964966,2.02816993054069,2.01436310324932,2.02526323917696,1,2.0863764356960486
2019-12-12C,2.02526323917696,2.02744330101339,2.02090311550409,2.02453660964966,1,2.0953634351785526
2019-12-13A,2.02453660964966,2.02744330101339,2.02090311550409,2.03325723606776,1,2.1095919970853516
2019-12-13C,2.03325723606776,2.04997093109344,2.03325723606776,2.04706406593323,1,2.1163315271891636
2019-12-16A,2.04706406593323,2.04997093109344,2.03325723606776,2.05360383756483,1,2.1275647880520037
2019-12-16C,2.05360383756483,2.06523077609182,2.05287720804893,2.06450414657593,1,2.127564780723436
2019-12-17A,2.06450414657593,2.06523077609182,2.05287720804893,2.06450413946458,1,2.1417933397051874
2019-12-17C,2.06450413946458,2.09139133725996,2.05796395408045,2.0783109664917,1,2.1417934742870908
2019-12-18A,2.0783109664917,2.09139133725996,2.05796395408045,2.07831109708462,1,2.1387979973946334
2019-12-18C,2.07831109708462,2.08630471525236,2.07249771410312,2.07540440559387,1,2.140295484130435
2019-12-19A,2.07540440559387,2.08630471525236,2.07249771410312,2.07685750708947,1,2.1440397850128154
2019-12-19C,2.07685750708947,2.08194425970152,2.07395081606181,2.08049082756042,1,2.1455382250831114
2019-12-20A,2.08049082756042,2.08194425970152,2.07395081606181,2.08194485413385,1,2.1328073127735374
2019-12-20C,2.08194485413385,2.08339828668992,2.06813785124215,2.06959128379822,1,2.1328073480455534
2019-12-23A,2.06959128379822,2.08339828668992,2.06813785124215,2.06959131802478,1,2.1095919970853516
2019-12-23C,2.06959131802478,2.07177138026766,2.04488400369035,2.04706406593323,0,2.1095919970853516
2019-12-24A,2.04706406593323,2.07177138026766,2.04488400369035,2.0477904346589,0,2.1095919970853516
2019-12-24C,2.0477904346589,2.05360381723758,2.03907018753633,2.05287718772888,0,2.1095919970853516
2019-12-25A,2.05287718772888,2.05360381723758,2.03907018753633,2.05287718772888,0,2.1095919970853516
2019-12-25C,2.05287718772888,2.05433044674629,2.04561037287826,2.05287718772888,0,2.1095919970853516
2019-12-26A,2.05287718772888,2.05433044674629,2.04561037287826,2.05433031563132,0,2.1095919970853516
2019-12-26C,2.05433031563132,2.07395087040484,2.053603686169,2.07322406768799,1,2.1110711344835846
2019-12-27A,2.07322406768799,2.07395087040484,2.053603686169,2.07467770576477,1,2.1110711344835846
2019-12-27C,2.07467770576477,2.08775790365738,2.07467770576477,2.07467770576477,1,2.109592203879665
2019-12-30A,2.07467770576477,2.08775790365738,2.07467770576477,2.07322427091731,1,2.1288173868504696
2019-12-30C,2.07322427091731,2.09284482761414,2.06813751767335,2.09211802482605,1,2.1288174451469413
2019-12-31A,2.09211802482605,2.09284482761414,2.06813751767335,2.09211808211753,1,2.14286664482475
2019-12-31C,2.09211808211753,2.10737851552185,2.08921139064917,2.1059250831604,1,2.1517397687106348
2020-01-02A,2.1059250831604,2.10737851552185,2.08921139064917,2.11464524043309,1,2.1694860233750783
2020-01-02C,2.11464524043309,2.13862574721748,2.11464524043309,2.13208556175232,1,2.1694861180090945
2020-01-03A,2.13208556175232,2.13862574721748,2.11464524043309,2.13208565475491,1,2.1643101341850945
2020-01-03C,2.13208565475491,2.13571897577991,2.12045871561674,2.12699890136719,1,2.161352549058864
2020-01-06A,2.12699890136719,2.13571897577991,2.12045871561674,2.12409230299442,1,2.1591342449951108
2020-01-06C,2.12409230299442,2.14007919341238,2.1190053761292,2.12191224098206,1,2.1583944103242123
2020-01-07A,2.12191224098206,2.14007919341238,2.1190053761292,2.12118516055706,1,2.1746619125650635
2020-01-07C,2.12118516055706,2.1378988516283,2.12118516055706,2.13717222213745,1,2.1598732071920934
2020-01-08A,2.13717222213745,2.1378988516283,2.12118516055706,2.122638463974,1,2.1598732071920934
2020-01-08C,2.122638463974,2.122638463974,2.122638463974,2.122638463974,1,2.1665285292785694
2020-01-09A,2.122638463974,2.122638463974,2.122638463974,2.12917905283998,1,2.176880497361996
2020-01-09C,2.12917905283998,2.14080599246719,2.12917905283998,2.13935256004334,1,2.178359205527326
2020-01-10A,2.13935256004334,2.14080599246719,2.12917905283998,2.1408057762869,1,2.1709649181724586
2020-01-10C,2.1408057762869,2.14443909709783,2.12409208474578,2.13353896141052,1,2.1709651041709974
2020-01-13A,2.13353896141052,2.14443909709783,2.12409208474578,2.13353914420257,1,2.1783593921593756
2020-01-13C,2.13353914420257,2.1422592188486,2.12409226672846,2.14080595970154,1,2.189450375337181
2020-01-14A,2.14080595970154,2.1422592188486,2.12409226672846,2.15170574188232,1,2.189450375337181
2020-01-14C,2.15170574188232,2.15170574188232,2.15170574188232,2.15170574188232,1,2.1879718508253516
2020-01-15A,2.15170574188232,2.15170574188232,2.15170574188232,2.1502527061262,1,2.1813169391532914
2020-01-15C,2.1502527061262,2.15243259471394,2.13281221138797,2.14371252059937,1,2.182056033731435
2020-01-16A,2.14371252059937,2.15243259471394,2.13281221138797,2.14443887369031,1,2.179098354356359
2020-01-16C,2.14443887369031,2.14661893525156,2.13571862744531,2.14153218269348,1,2.1837630892336484
2020-01-17A,2.14153218269348,2.14661893525156,2.13571862744531,2.14611650071817,1,2.1643276014464767
2020-01-17C,2.14611650071817,2.15146457830063,2.12396004919422,2.12701606750488,0,2.1643276014464767
2020-01-20A,2.12701606750488,2.15146457830063,2.12396004919422,2.12701606750488,0,2.1643276014464767
2020-01-20C,2.12701606750488,2.13083622700963,2.11631991233995,2.12701606750488,0,2.1643276014464767
2020-01-21A,2.12701606750488,2.13083622700963,2.11631991233995,2.12701596047178,0,2.1643276014464767
2020-01-21C,2.12701596047178,2.13924021525453,2.08652321896626,2.08805131912231,0,2.1643276014464767
2020-01-22A,2.08805131912231,2.13924021525453,2.08652321896626,2.08728709021689,0,2.1643276014464767
2020-01-22C,2.08728709021689,2.09492722569877,2.05825446609266,2.08499503135681,0,2.1643276014464767
2020-01-23A,2.08499503135681,2.09492722569877,2.05825446609266,2.07811973515918,0,2.1643276014464767
2020-01-23C,2.07811973515918,2.08575987387775,2.02387462274864,2.03762698173523,0,2.1643276014464767
2020-02-03A,2.03762698173523,2.08575987387775,2.02387462274864,1.87641970846254,0,2.1643276014464767
2020-02-03C,1.87641970846254,1.87641970846254,1.84127503802415,1.84738707542419,0,2.1643276014464767
2020-02-04A,1.84738707542419,1.87641970846254,1.84127503802415,1.84738684329758,0,2.1643276014464767
2020-02-04C,1.84738684329758,1.89704782401518,1.84356686594135,1.89628386497498,0,2.1643276014464767
2020-02-05A,1.89628386497498,1.89704782401518,1.84356686594135,1.89704765381346,0,2.1643276014464767
2020-02-05C,1.89704765381346,1.93524833472457,1.89169957670143,1.92073202133179,0,2.1643276014464767
2020-02-06A,1.92073202133179,1.93524833472457,1.89169957670143,1.92226019640043,0,2.1643276014464767
2020-02-06C,1.92226019640043,1.93295635104166,1.90239580512088,1.92531621456146,0,2.1643276014464767
2020-02-07A,1.92531621456146,1.93295635104166,1.90239580512088,1.91996806236013,0,2.1643276014464767
2020-02-07C,1.91996806236013,1.92149616245866,1.9023957309255,1.92073202133179,0,2.1643276014464767
2020-02-10A,1.92073202133179,1.92149616245866,1.9023957309255,1.91996845893406,0,2.1643276014464767
2020-02-10C,1.91996845893406,1.95434916993308,1.90698024295706,1.95358502864838,0,2.1643276014464767
2020-02-11A,1.95358502864838,1.95434916993308,1.90698024295706,1.95816910121571,0,2.1643276014464767
2020-02-11C,1.95816910121571,1.97497747675118,1.9505289636369,1.9642813205719,1,2.164327479538042
2020-02-12A,1.9642813205719,1.97497747675118,1.9505289636369,1.96428120993132,1,2.170220216108366
2020-02-12C,1.96428120993132,1.96962928771973,1.95358487219928,1.96962928771973,1,2.168536291724998
2020-02-13A,1.96962928771973,1.96962928771973,1.95358487219928,1.96810100650699,1,2.156750819667769
2020-02-13C,1.96810100650699,1.97192116580767,1.95587675176214,1.95740485191345,1,2.1542256717491295
2020-02-14A,1.95740485191345,1.97192116580767,1.95587675176214,1.9551131004776,1,2.1693783952495553
2020-02-14C,1.9551131004776,1.96962941665653,1.95434914135932,1.968865275383,1,2.169378227023199
2020-02-17A,1.968865275383,1.96962941665653,1.95434914135932,1.96886512270561,1,2.2072603338960968
2020-02-17C,1.96886512270561,2.00400978959493,1.96886512270561,2.00324583053589,1,2.208102275383432
2020-02-18A,2.00324583053589,2.00400978959493,1.96886512270561,2.00400995235159,1,2.208944238313317
2020-02-18C,2.00400995235159,2.01317819042566,1.99560585555386,2.00477409362793,1,2.2081020960513125
2020-02-19A,2.00477409362793,2.01317819042566,1.99560585555386,2.00400978959493,1,2.2072603338960963
2020-02-19C,2.00400978959493,2.01241406786536,1.99789775281211,2.00324583053589,1,2.207260499876954
2020-02-20A,2.00324583053589,2.01241406786536,1.99789775281211,2.00324598117533,1,2.2375661475129256
2020-02-20C,2.00324598117533,2.03151447219327,2.00095392167061,2.03075051307678,1,2.2375660826167696
2020-02-21A,2.03075051307678,2.03151447219327,2.00095392167061,2.0307504541789,1,2.251035281253925
2020-02-21C,2.0307504541789,2.05672688493872,2.02845839474065,2.04297471046448,1,2.2493514410435376
2020-02-24A,2.04297471046448,2.05672688493872,2.02845839474065,2.04144650564471,1,2.2358822430957055
2020-02-24C,2.04144650564471,2.04144650564471,2.0154700762143,2.02922224998474,1,2.2097858210680443
2020-02-25A,2.02922224998474,2.04144650564471,2.0154700762143,2.00553788986826,1,2.2072603338960968
2020-02-25C,2.00553788986826,2.0063018489273,1.97115718203798,2.00324583053589,1,2.1803218178363797
2020-02-26A,2.00324583053589,2.0063018489273,1.97115718203798,1.97879721015852,0,2.1803218178363797
2020-02-26C,1.97879721015852,2.03304230777955,1.97879721015852,2.00859379768372,1,2.184469024152834
2020-02-27A,2.00859379768372,2.03304230777955,1.97879721015852,2.01241435885813,1,2.1819810010898797
2020-02-27C,2.01241435885813,2.02616653468565,2.00553817986674,2.01012229919434,1,2.1562712400197
2020-02-28A,2.01012229919434,2.02616653468565,2.00553817986674,1.98643750816806,0,2.1562712400197
2020-02-28C,1.98643750816806,1.98720164940235,1.9444168443365,1.95434904098511,0,2.1562712400197
2020-03-02A,1.95434904098511,1.98720164940235,1.9444168443365,1.95511272487394,0,2.1562712400197
2020-03-02C,1.95511272487394,2.02005397348862,1.95511272487394,2.01470589637756,1,2.1750784473716855
2020-03-03A,2.01470589637756,2.02005397348862,1.95511272487394,2.03227835704169,1,2.1619952426492146
2020-03-03C,2.03227835704169,2.04755863037503,2.00782984684625,2.02005410194397,1,2.1562713819106554
2020-03-04A,2.02005410194397,2.04755863037503,2.00782984684625,2.01470602895297,1,2.1816199570853017
2020-03-04C,2.01470602895297,2.0391543570473,2.00859381031297,2.03839039802551,1,2.187343713883639
2020-03-05A,2.03839039802551,2.0391543570473,2.00859381031297,2.04373837390026,1,2.1996092786517165
2020-03-05C,2.04373837390026,2.05978278764693,2.0414463147936,2.05519866943359,1,2.187344405219528
2020-03-06A,2.05519866943359,2.05978278764693,2.0414463147936,2.04373901984798,1,2.1808028985787207
2020-03-06C,2.04373901984798,2.04373901984798,2.02845874241083,2.03762698173523,1,2.1431881018656447
2020-03-09A,2.03762698173523,2.04373901984798,2.02845874241083,2.00248170347785,0,2.1431881018656447
2020-03-09C,2.00248170347785,2.00935788089807,1.98108921222223,1.9833812713623,0,2.1431881018656447
2020-03-10A,1.9833812713623,2.00935788089807,1.98108921222223,1.97879747529891,0,2.1431881018656447
2020-03-10C,1.97879747529891,2.01623420447582,1.96962941940096,2.01165008544922,1,2.1431880979555635
2020-03-11A,2.01165008544922,2.01623420447582,1.96962941940096,2.01165008177912,1,2.130164714201088
2020-03-11C,2.01165008177912,2.01929021942443,1.99866186599761,1.99942600727081,0,2.130164714201088
2020-03-12A,1.99942600727081,2.01929021942443,1.99866186599761,1.98414525666572,0,2.130164714201088
2020-03-12C,1.98414525666572,1.98490939782602,1.96198898827659,1.96810102462769,0,2.130164714201088
2020-03-13A,1.96810102462769,1.98490939782602,1.96198898827659,1.91003608952862,0,2.130164714201088
2020-03-13C,1.91003608952862,1.94976487516462,1.88787963737353,1.93448460102081,0,2.130164714201088
2020-03-16A,1.93448460102081,1.94976487516462,1.88787963737353,1.93677673164378,0,2.130164714201088
2020-03-16C,1.93677673164378,1.95816904337039,1.88405972926074,1.89017176628113,0,2.130164714201088
2020-03-17A,1.89017176628113,1.95816904337039,1.88405972926074,1.89093577624608,0,2.130164714201088
2020-03-17C,1.89093577624608,1.91003621122038,1.84509495089405,1.87259948253632,0,2.130164714201088
2020-03-18A,1.87259948253632,1.91003621122038,1.84509495089405,1.88023945255418,0,2.130164714201088
2020-03-18C,1.88023945255418,1.89628386750641,1.84738684576373,1.85273492336273,0,2.130164714201088
2020-03-19A,1.85273492336273,1.89628386750641,1.84738684576373,1.84891502352981,0,2.130164714201088
2020-03-19C,1.84891502352981,1.85197104197806,1.79237786253854,1.8198823928833,0,2.130164714201088
2020-03-20A,1.8198823928833,1.85197104197806,1.79237786253854,1.82752240520964,0,2.130164714201088
2020-03-20C,1.82752240520964,1.83974666032263,1.8145341910756,1.83898270130157,0,2.130164714201088
2020-03-23A,1.83898270130157,1.83974666032263,1.8145341910756,1.8099501454613,0,2.130164714201088
2020-03-23C,1.8099501454613,1.8099501454613,1.77709753821625,1.78168165683746,0,2.130164714201088
2020-03-24A,1.78168165683746,1.8099501454613,1.77709753821625,1.80918617559564,0,2.130164714201088
2020-03-24C,1.80918617559564,1.81682631253358,1.78855782407871,1.81377029418945,0,2.130164714201088
2020-03-25A,1.81377029418945,1.81682631253358,1.78855782407871,1.84280280129423,0,2.130164714201088
2020-03-25C,1.84280280129423,1.86266719440642,1.83974678285126,1.85731911659241,0,2.130164714201088
2020-03-26A,1.85731911659241,1.86266719440642,1.83974678285126,1.85502712888322,0,2.130164714201088
2020-03-26C,1.85502712888322,1.85655522924136,1.8420389133824,1.84356701374054,0,2.130164714201088
2020-03-27A,1.84356701374054,1.85655522924136,1.8420389133824,1.85884713247991,1,2.1240360304960992
2020-03-27C,1.85884713247991,1.8710712056967,1.8512069956418,1.85349905490875,1,2.1082766336798877
2020-03-30A,1.85349905490875,1.8710712056967,1.8512069956418,1.83974692138305,0,2.1082766336798877
2020-03-30C,1.83974692138305,1.84509499959977,1.82293854544818,1.83669090270996,0,2.1082766336798877
2020-03-31A,1.83669090270996,1.84509499959977,1.82293854544818,1.84738703804245,1,2.0917103107194257
2020-03-31C,1.84738703804245,1.85197115707736,1.83134280357555,1.83287072181702,0,2.0917103107194257
2020-04-01A,1.83287072181702,1.85197115707736,1.83134280357555,1.83287066152591,0,2.0917103107194257
2020-04-01C,1.83287066152591,1.84280285838973,1.82064640522003,1.82064640522003,0,2.0917103107194257
2020-04-02A,1.82064640522003,1.84280285838973,1.82064640522003,1.81835457361327,0,2.0917103107194257
2020-04-02C,1.81835457361327,1.84203894556917,1.79543397861692,1.84051084518433,1,2.0917103013240252
2020-04-03A,1.84051084518433,1.84203894556917,1.79543397861692,1.84051083691725,1,2.0856322985169573
2020-04-03C,1.84051083691725,1.84433099678457,1.82828658035919,1.83516275882721,1,2.1047347164932884
2020-04-07A,1.83516275882721,1.84433099678457,1.82828658035919,1.85197111286864,1,2.116022495008674
2020-04-07C,1.85197111286864,1.86343122802708,1.8504430125084,1.86190330982208,1,2.1134175322626922
2020-04-08A,1.86190330982208,1.86343122802708,1.8504430125084,1.85961118449253,1,2.11689064698677
2020-04-08C,1.85961118449253,1.86343116202496,1.85197104727244,1.86266720294952,1,2.1186273828981097
2020-04-09A,1.86266720294952,1.86343116202496,1.85197104727244,1.86419536928482,1,2.116022495008674
2020-04-09C,1.86419536928482,1.87030740641529,1.86113935071959,1.86190330982208,1,2.1160223652088983
2020-04-10A,1.86190330982208,1.87030740641529,1.86113935071959,1.86190319561033,1,2.1012614727518693
2020-04-10C,1.86190319561033,1.8664873142546,1.84509482129972,1.84891498088837,1,2.10126148833465
2020-04-13A,1.84891498088837,1.8664873142546,1.84509482129972,1.84891499459977,1,2.0925785981769196
2020-04-13C,1.84891499459977,1.84967895366107,1.83439867950365,1.84127485752106,0,2.0925785981769196
2020-04-14A,1.84127485752106,1.84967895366107,1.83439867950365,1.84356703853427,1,2.1107899355309314
2020-04-14C,1.84356703853427,1.86037523192361,1.84356703853427,1.85961127281189,1,2.1125242422709434
2020-04-15A,1.85961127281189,1.86037523192361,1.84356703853427,1.86113920143707,1,2.102984793981895
2020-04-15C,1.86113920143707,1.86343107856073,1.84967890504262,1.85273492336273,1,2.0995160626594176
2020-04-16A,1.85273492336273,1.86343107856073,1.84967890504262,1.84967896229287,1,2.0960472662465026
2020-04-16C,1.84967896229287,1.8519710216427,1.84127486611364,1.84662294387817,1,2.1021177214120543
2020-04-17A,1.84662294387817,1.8519710216427,1.84127486611364,1.85197103023529,1,2.1021177214120543
2020-04-17C,1.85197103023529,1.86037512645351,1.84967897087482,1.85197103023529,1,2.1021176960742722
2020-04-20A,1.85197103023529,1.86037512645351,1.84967897087482,1.85197100791264,1,2.104719345054429
2020-04-20C,1.85197100791264,1.85502702630468,1.84585878897333,1.85426306724548,1,2.1038521281216997
2020-04-21A,1.85426306724548,1.85502702630468,1.84585878897333,1.85349904693397,1,2.090843883650803
2020-04-21C,1.85349904693397,1.85349904693397,1.83134259555221,1.8420387506485,0,2.090843883650803
2020-04-22A,1.8420387506485,1.85349904693397,1.83134259555221,1.83669072622634,0,2.090843883650803
2020-04-22C,1.83669072622634,1.84356690419652,1.82905058920011,1.84280276298523,0,2.090843883650803
2020-04-23A,1.84280276298523,1.84356690419652,1.82905058920011,1.84356708134085,0,2.090843883650803
2020-04-23C,1.84356708134085,1.84662310001394,1.8359269435805,1.83669090270996,0,2.090843883650803
2020-04-24A,1.83669090270996,1.84662310001394,1.8359269435805,1.83592647945116,0,2.090843883650803
2020-04-24C,1.83592647945116,1.83669043838749,1.81988206670184,1.82293808460236,0,2.090843883650803
2020-04-27A,1.82293808460236,1.83669043838749,1.81988206670184,1.82370244120253,0,2.090843883650803
2020-04-27C,1.82370244120253,1.83439859619591,1.82293830002069,1.83134257793426,0,2.090843883650803
2020-04-28A,1.83134257793426,1.83439859619591,1.82293830002069,1.82981461197178,0,2.090843883650803
2020-04-28C,1.82981461197178,1.83057857105443,1.79237788459312,1.81759035587311,0,2.090843883650803
2020-04-29A,1.81759035587311,1.83057857105443,1.79237788459312,1.81682628097569,0,2.090843883650803
2020-04-29C,1.81682628097569,1.8458587279735,1.8145342217186,1.8420387506485,1,2.0925785178239154
2020-04-30A,1.8420387506485,1.8458587279735,1.8145342217186,1.84356696774307,1,2.12639954207425
2020-04-30C,1.84356696774307,1.87336337566376,1.84356696774307,1.87336337566376,1,2.1177275220521823
2020-05-06A,1.87336337566376,1.87336337566376,1.84356696774307,1.86572330408694,1,2.1255324695044093
2020-05-06C,1.86572330408694,1.87259948253632,1.85044302896959,1.87259948253632,1,2.12553239464089
2020-05-07A,1.87259948253632,1.87259948253632,1.85044302896959,1.87259941658137,1,2.12639954207425
2020-05-07C,1.87259941658137,1.87565543506615,1.86419532020941,1.87336337566376,1,2.1272669535669766
2020-05-08A,1.87336337566376,1.87565543506615,1.86419532020941,1.87412756738312,1,2.1411423466696182
2020-05-08C,1.87412756738312,1.88864370111565,1.87412756738312,1.88635182380676,1,2.141142161808855
2020-05-11A,1.88635182380676,1.88864370111565,1.87412756738312,1.88635166094396,1,2.1394076602861336
2020-05-11C,1.88635166094396,1.89704781608296,1.87718342387898,1.88482356071472,1,2.139407886706278
2020-05-12A,1.88482356071472,1.89704781608296,1.87718342387898,1.88482376019144,1,2.129868644219318
2020-05-12C,1.88482376019144,1.8863518605824,1.86877952578494,1.87641966342926,1,2.1246651965395147
2020-05-13A,1.87641966342926,1.8863518605824,1.86877952578494,1.87183541286033,1,2.1316027893589995
2020-05-13C,1.87183541286033,1.88023950903188,1.86495923481712,1.87794744968414,1,2.1316029220439536
2020-05-14A,1.87794744968414,1.88023950903188,1.86495923481712,1.87794756657992,1,2.1107899355309323
2020-05-14C,1.87794756657992,1.87871170784689,1.85961127281189,1.85961127281189,0,2.1107899355309323
2020-05-15A,1.85961127281189,1.87871170784689,1.85961127281189,1.8611392325533,0,2.1107899355309323
2020-05-15C,1.8611392325533,1.86725126929571,1.85426305460167,1.85579097270966,0,2.1107899355309323
2020-05-18A,1.85579097270966,1.86725126929571,1.85426305460167,1.85655511391888,0,2.1107899355309323
2020-05-18C,1.85655511391888,1.8611392325533,1.85044289502124,1.85579097270966,0,2.1107899355309323
2020-05-19A,1.85579097270966,1.8611392325533,1.85044289502124,1.86037520946184,0,2.1107899355309323
2020-05-19C,1.86037520946184,1.86877948821029,1.85731919089661,1.86190330982208,0,2.1107899355309323
2020-05-20A,1.86190330982208,1.86877948821029,1.85731919089661,1.86190312924642,0,2.1107899355309323
2020-05-20C,1.86190312924642,1.86266708827483,1.84815077380377,1.84967887401581,0,2.1107899355309323
2020-05-21A,1.84967887401581,1.86266708827483,1.84815077380377,1.85044300996405,0,2.1107899355309323
2020-05-21C,1.85044300996405,1.85426316978177,1.84127495428095,1.84356701374054,0,2.1107899355309323
2020-05-22A,1.84356701374054,1.85426316978177,1.84127495428095,1.84433092747365,0,2.1107899355309323
2020-05-22C,1.84433092747365,1.8450948865563,1.81147831890139,1.81759035587311,0,2.1107899355309323
2020-05-25A,1.81759035587311,1.8450948865563,1.81147831890139,1.81759030259664,0,2.1107899355309323
2020-05-25C,1.81759030259664,1.81835444381214,1.80613018807178,1.81682634353638,0,2.1107899355309323
2020-05-26A,1.81682634353638,1.81835444381214,1.80613018807178,1.8183545923035,0,2.1107899355309323
2020-05-26C,1.8183545923035,1.82675868911838,1.8175904510256,1.82599472999573,0,2.1107899355309323
2020-05-27A,1.82599472999573,1.82675868911838,1.8175904510256,1.82675866213646,0,2.1107899355309323
2020-05-27C,1.82675866213646,1.83974687780589,1.82523056175849,1.83516275882721,0,2.1107899355309323
2020-05-28A,1.83516275882721,1.83974687780589,1.82523056175849,1.835162432489,0,2.1107899355309323
2020-05-28C,1.835162432489,1.84433066881601,1.82675833729271,1.83821845054626,0,2.1107899355309323
2020-05-29A,1.83821845054626,1.84433066881601,1.82675833729271,1.83592691437125,0,2.1107899355309323
2020-05-29C,1.83592691437125,1.83592691437125,1.82293851644557,1.8275226354599,0,2.1107899355309323
2020-06-01A,1.8275226354599,1.83592691437125,1.82293851644557,1.82752246206425,0,2.1107899355309323
2020-06-01C,1.82752246206425,1.8588471509199,1.82752246206425,1.85808300971985,1,2.110790020125262
2020-06-02A,1.85808300971985,1.8588471509199,1.82752246206425,1.85808308418642,1,2.115997597880299
2020-06-02C,1.85808308418642,1.86648736263719,1.85655516603554,1.86266720294952,1,2.1220731558235717
2020-06-03A,1.86266720294952,1.86648736263719,1.85655516603554,1.86801538601546,1,2.1246769448477596
2020-06-03C,1.86801538601546,1.8832956613164,1.86801538601546,1.87030744552612,1,2.1411672406004953
2020-06-04A,1.87030744552612,1.8832956613164,1.86801538601546,1.88482349842539,1,2.1342239421252542
2020-06-04C,1.88482349842539,1.88635159860413,1.87183528444938,1.87871146202087,1,2.1342240688830807
2020-06-05A,1.87871146202087,1.88635159860413,1.87183528444938,1.87871157360306,1,2.121205124807434
2020-06-05C,1.87871157360306,1.87871157360306,1.86113924020238,1.86725127696991,1,2.1229409025348804
2020-06-08A,1.86725127696991,1.87871157360306,1.86113924020238,1.86877924479358,1,2.1298842009304084
2020-06-08C,1.86877924479358,1.8794753994563,1.86877924479358,1.87489128112793,1,2.129884285811068
2020-06-09A,1.87489128112793,1.8794753994563,1.86877924479358,1.87489135584655,1,2.1350918632797753
2020-06-09C,1.87489135584655,1.88100339242447,1.87489135584655,1.8794754743576,1,2.1350918786016764
2020-06-10A,1.8794754743576,1.88100339242447,1.87489135584655,1.87947548784514,1,2.1264126517345696
2020-06-10C,1.87947548784514,1.88023944688406,1.8687793326794,1.8718353509903,1,2.128147968907319
2020-06-11A,1.8718353509903,1.88023944688406,1.8687793326794,1.87336291339757,1,2.111657585840967
2020-06-11C,1.87336291339757,1.87412705444664,1.85655472480119,1.858846783638,0,2.111657585840967
2020-06-12A,1.858846783638,1.87412705444664,1.85655472480119,1.84891496728982,0,2.111657585840967
2020-06-12C,1.84891496728982,1.85731906330569,1.83439865240812,1.85655510425568,0,2.111657585840967
2020-06-15A,1.85655510425568,1.85731906330569,1.83439865240812,1.85655504283066,0,2.111657585840967
2020-06-15C,1.85655504283066,1.8573190018554,1.84203872842924,1.84433078765869,0,2.111657585840967
2020-06-16A,1.84433078765869,1.8573190018554,1.84203872842924,1.84891494129176,0,2.111657585840967
2020-06-16C,1.84891494129176,1.86725123332094,1.84891494129176,1.86572313308716,1,2.1116575848518946
2020-06-17A,1.86572313308716,1.86725123332094,1.84891494129176,1.86572313221328,1,2.118575499368749
2020-06-17C,1.86572313221328,1.87641946953425,1.86495917317436,1.8718353509903,1,2.118575395131596
2020-06-18A,1.8718353509903,1.87641946953425,1.86495917317436,1.87183525889314,1,2.1367345332828283
2020-06-18C,1.87183525889314,1.89246360917077,1.86725114057473,1.88787949085236,1,2.136734558381928
2020-06-19A,1.88787949085236,1.89246360917077,1.86725114057473,1.88787951302829,1,2.134140366306076
2020-06-19C,1.88787951302829,1.88940761320412,1.88100333546991,1.88558745384216,1,2.134140666766359
2020-06-22A,1.88558745384216,1.88940761320412,1.88100333546991,1.8855877193093,1,2.1237641031684866
2020-06-22C,1.8855877193093,1.88711581970026,1.87412760392044,1.87641966342926,1,2.123763909003713
2020-06-23A,1.87641966342926,1.88711581970026,1.87412760392044,1.87641949187791,1,2.1159813323919967
2020-06-23C,1.87641949187791,1.87641949187791,1.86572315442957,1.8695433139801,0,2.1159813323919967
2020-06-24A,1.8695433139801,1.87641949187791,1.86572315442957,1.87030725075723,0,2.1159813323919967
2020-06-24C,1.87030725075723,1.8756553283401,1.8687793326794,1.8718353509903,0,2.1159813323919967
2020-06-29A,1.8718353509903,1.8756553283401,1.8687793326794,1.87183536545801,0,2.1159813323919967
2020-06-29C,1.87183536545801,1.87183536545801,1.85579095043016,1.85808300971985,0,2.1159813323919967
2020-06-30A,1.85808300971985,1.87183536545801,1.85579095043016,1.86113944257447,0,2.1159813323919967
2020-06-30C,1.86113944257447,1.87259955829851,1.86113944257447,1.87107145786285,0,2.1159813323919967
2020-07-01A,1.87107145786285,1.87259955829851,1.86113944257447,1.87259920441862,1,2.1487873370658077
2020-07-01C,1.87259920441862,1.90239579111863,1.87259920441862,1.9016318321228,1,2.1496507893438723
2020-07-02A,1.9016318321228,1.90239579111863,1.87259920441862,1.90239596932203,1,2.1979963441397796
2020-07-02C,1.90239596932203,1.94670887402507,1.89475583218239,1.94518077373505,1,2.2014492514584227
2020-07-03A,1.94518077373505,1.94670887402507,1.89475583218239,1.94823652446349,1,2.2299385886587664
2020-07-03C,1.94823652446349,1.97956120994052,1.94823652446349,1.97344899177551,1,2.2420250970154365
2020-07-06A,1.97344899177551,1.97956120994052,1.94823652446349,1.98414529877332,1,2.387925209423631
2020-07-06C,1.98414529877332,2.11861192290323,1.98414529877332,2.11326384544373,1,2.4026020047454644
2020-07-07A,2.11326384544373,2.11861192290323,1.98414529877332,2.1262525022066,1,2.350803232484621
2020-07-07C,2.1262525022066,2.17973347009012,2.07047947462684,2.08041167259216,1,2.3516661515999444
2020-07-08A,2.08041167259216,2.17973347009012,2.07047947462684,2.08117533795352,1,2.3853354105650935
2020-07-08C,2.08117533795352,2.11326398701548,2.05901888545466,2.11097192764282,1,2.3827456191550254
2020-07-09A,2.11097192764282,2.11326398701548,2.05901888545466,2.10868001643365,1,2.3956954142168962
2020-07-09C,2.10868001643365,2.12548839229573,2.08270358459199,2.12014031410217,1,2.3956950502074985
2020-07-10A,2.12014031410217,2.12548839229573,2.08270358459199,2.12013999196147,1,2.34216958180125
2020-07-10C,2.12013999196147,2.12013999196147,2.06283887663585,2.0727710723877,1,2.3413061594295987
2020-07-13A,2.0727710723877,2.12013999196147,2.06283887663585,2.07200696165502,1,2.387925209423631
2020-07-13C,2.07200696165502,2.11937588192453,2.06665888419551,2.11326384544373,1,2.389651776967408
2020-07-14A,2.11326384544373,2.11937588192453,2.06665888419551,2.11479182159331,1,2.374112230429079
2020-07-14C,2.11479182159331,2.13389225489228,2.07200701858644,2.10103964805603,1,2.3827454198211817
2020-07-15A,2.10103964805603,2.13389225489228,2.07200701858644,2.10867984002737,1,2.339579782942712
2020-07-15C,2.10867984002737,2.11326395871128,2.05137872078889,2.07047915458679,0,2.339579782942712
2020-07-16A,2.07047915458679,2.11326395871128,2.05137872078889,2.07047933092365,0,2.339579782942712
2020-07-16C,2.07047933092365,2.08728770681112,2.0139421659323,2.01547026634216,0,2.339579782942712
2020-07-17A,2.01547026634216,2.08728770681112,2.0139421659323,2.01623414976176,0,2.339579782942712
2020-07-17C,2.01623414976176,2.0399187033714,2.00171783395653,2.01699829101562,0,2.339579782942712
2020-07-20A,2.01699829101562,2.0399187033714,2.00171783395653,2.02005411006698,0,2.339579782942712
2020-07-20C,2.02005411006698,2.0964554770409,2.02005411006698,2.09416341781616,1,2.3429943291257
2020-07-21A,2.09416341781616,2.0964554770409,2.02005411006698,2.0972197862106,1,2.3336053504255676
2020-07-21C,2.0972197862106,2.10562406548955,2.08193951026466,2.08881568908691,1,2.3336052766919457
2020-07-22A,2.08881568908691,2.10562406548955,2.08193951026466,2.08881562308777,1,2.3344587646825956
2020-07-22C,2.08881562308777,2.11402809581748,2.08652356355278,2.08957958221436,1,2.3318977015409916
2020-07-23A,2.08957958221436,2.11402809581748,2.08652356355278,2.08728716851641,1,2.306291033379862
2020-07-23C,2.08728716851641,2.08728716851641,2.03380603598189,2.06436657905579,0,2.306291033379862
2020-07-24A,2.06436657905579,2.08728716851641,2.03380603598189,2.06436702671419,0,2.306291033379862
2020-07-24C,2.06436702671419,2.06513116796538,1.99254977134799,2.00553798675537,0,2.306291033379862
2020-07-27A,2.00553798675537,2.06513116796538,1.99254977134799,2.00553766402003,0,2.306291033379862
2020-07-27C,2.00553766402003,2.01699795939129,1.98414517337873,1.99560546875,0,2.306291033379862
2020-07-28A,1.99560546875,2.01699795939129,1.98414517337873,1.99713408253633,0,2.306291033379862
2020-07-28C,1.99713408253633,2.01929035569426,1.99713408253633,2.01012229919434,0,2.306291033379862
2020-07-29A,2.01012229919434,2.01929035569426,1.99713408253633,2.00324577660331,0,2.306291033379862
2020-07-29C,2.00324577660331,2.03762648350797,1.99636959879134,2.03380632400513,0,2.306291033379862
2020-07-30A,2.03380632400513,2.03762648350797,1.99636959879134,2.04297448524541,0,2.306291033379862
2020-07-30C,2.04297448524541,2.05137858082235,2.03457038966847,2.03533434867859,0,2.306291033379862
2020-07-31A,2.03533434867859,2.05137858082235,2.03457038966847,2.03609858372649,0,2.306291033379862
2020-07-31C,2.03609858372649,2.06283915641326,2.03227860600281,2.04985094070435,1,2.32262299442553
2020-08-03A,2.04985094070435,2.06283915641326,2.03227860600281,2.06436692555989,1,2.358725991371967
2020-08-03C,2.06436692555989,2.09798367430791,2.06436692555989,2.09645557403564,1,2.3707601808425793
2020-08-04A,2.09645557403564,2.09798367430791,2.06436692555989,2.1071516632325,1,2.3595854489233985
2020-08-04C,2.1071516632325,2.11249992293969,2.08575935302467,2.09721946716309,1,2.359585503560706
2020-08-05A,2.09721946716309,2.11249992293969,2.08575935302467,2.09721951572519,1,2.3466917079358085
2020-08-05C,2.09721951572519,2.09721951572519,2.06895102708661,2.08575940132141,1,2.3475510658844736
2020-08-06A,2.08575940132141,2.09721951572519,2.06895102708661,2.08652320592108,1,2.357866265575366
2020-08-06C,2.08652320592108,2.0987474606274,2.07353499221913,2.09569144248962,1,2.3578662412239324
2020-08-07A,2.09569144248962,2.0987474606274,2.07353499221913,2.09569142084586,1,2.3535681730827243
2020-08-07C,2.09569142084586,2.09569142084586,2.07047895269798,2.09187126159668,1,2.3552878447071603
2020-08-10A,2.09187126159668,2.09569142084586,2.07047895269798,2.09339972025434,1,2.3810756431414513
2020-08-10C,2.09339972025434,2.12166821134984,2.09339972025434,2.11632013320923,1,2.381075280458589
2020-08-11A,2.11632013320923,2.12166821134984,2.09339972025434,2.11631981085364,1,2.369900549011535
2020-08-11C,2.11631981085364,2.13771230231287,2.10103953787786,2.10638761520386,1,2.3699008489565707
2020-08-12A,2.10638761520386,2.13771230231287,2.10103953787786,2.10638788179754,1,2.3527089837764823
2020-08-12C,2.10638788179754,2.10638788179754,2.06513117597234,2.09110760688782,0,2.3527089837764823
2020-08-13A,2.09110760688782,2.10638788179754,2.06513117597234,2.09492776929576,1,2.3690113301409395
2020-08-13C,2.09492776929576,2.11479198097888,2.09339966894079,2.10944390296936,1,2.3707275450834455
2020-08-14A,2.10944390296936,2.11479198097888,2.09339966894079,2.11097207596735,1,2.3810239364632997
2020-08-14C,2.11097207596735,2.12166823235448,2.08575960325184,2.12014031410217,1,2.385313723079612
2020-08-17A,2.12014031410217,2.12166823235448,2.08575960325184,2.12396007811414,1,2.43422116807248
2020-08-17C,2.12396007811414,2.17744103682222,2.12396007811414,2.16750884056091,1,2.435079178178692
2020-08-18A,2.16750884056091,2.17744103682222,2.12396007811414,2.16827284036294,1,2.436795106744404
2020-08-18C,2.16827284036294,2.17591297682299,2.16368872205586,2.16980075836182,1,2.4393694026215713
2020-08-19A,2.16980075836182,2.17591297682299,2.16368872205586,2.17209299422977,1,2.4299311810339494
2020-08-19C,2.17209299422977,2.18508120905301,2.15834082034493,2.16368889808655,1,2.429931441680046
2020-08-20A,2.16368889808655,2.18508120905301,2.15834082034493,2.16368913017422,1,2.417060952162309
2020-08-20C,2.16368913017422,2.16598118976009,2.1468807539296,2.15222883224487,1,2.417918476224526
2020-08-21A,2.15222883224487,2.16598118976009,2.1468807539296,2.15299239925769,1,2.4144862102223175
2020-08-21C,2.15299239925769,2.16139649406068,2.14000418650572,2.14993619918823,1,2.421350904420234
2020-08-24A,2.14993619918823,2.16139649406068,2.14000418650572,2.15604874374946,1,2.417918842467605
2020-08-24C,2.15604874374946,2.1606328623928,2.14840860672898,2.15299272537231,1,2.4273569696918904
2020-08-25A,2.15299272537231,2.1606328623928,2.14840860672898,2.16139673749138,1,2.4067643942065673
2020-08-25C,2.16139673749138,2.16674481498245,2.13771236829445,2.14306044578552,0,2.4067643942065673
2020-08-26A,2.14306044578552,2.16674481498245,2.13771236829445,2.14306074185167,0,2.4067643942065673
2020-08-26C,2.14306074185167,2.14458866011436,2.10638797121835,2.11250019073486,0,2.4067643942065673
2020-08-27A,2.11250019073486,2.14458866011436,2.10638797121835,2.11402780446502,0,2.4067643942065673
2020-08-27C,2.11402780446502,2.11861192290323,2.09721943090997,2.11326384544373,0,2.4067643942065673
2020-08-28A,2.11326384544373,2.11861192290323,2.09721943090997,2.11326390183737,0,2.4067643942065673
2020-08-28C,2.11326390183737,2.14076843104541,2.11020788351542,2.13847637176514,0,2.4067643942065673
2020-08-31A,2.13847637176514,2.14076843104541,2.11020788351542,2.14458842201146,1,2.3913310171275337
2020-08-31C,2.14458842201146,2.15222855894241,2.1300722893513,2.13083624839783,0,2.3913310171275337
2020-09-01A,2.13083624839783,2.15222855894241,2.1300722893513,2.13083608543721,0,2.3913310171275337
2020-09-01C,2.13083608543721,2.13236400341341,2.11326375362437,2.12930798530579,0,2.3913310171275337
2020-09-02A,2.12930798530579,2.13236400341341,2.11326375362437,2.13160004442531,0,2.3913310171275337
2020-09-02C,2.13160004442531,2.13847622178386,2.12013993098293,2.12930798530579,0,2.3913310171275337
2020-09-03A,2.12930798530579,2.13847622178386,2.12013993098293,2.12930825883643,0,2.3913310171275337
2020-09-03C,2.12930825883643,2.1422964740787,2.12014020333585,2.12548828125,0,2.3913310171275337
2020-09-04A,2.12548828125,2.1422964740787,2.12014020333585,2.12472416812219,0,2.3913310171275337
2020-09-04C,2.12472416812219,2.12472416812219,2.09110759986475,2.11020803451538,0,2.3913310171275337
2020-09-07A,2.11020803451538,2.12472416812219,2.09110759986475,2.11249977095869,0,2.3913310171275337
2020-09-07C,2.11249977095869,2.12854400246028,2.09721931628143,2.10027551651001,0,2.3913310171275337
2020-09-08A,2.10027551651001,2.12854400246028,2.09721931628143,2.10256790676011,0,2.3913310171275337
2020-09-08C,2.10256790676011,2.11326406277916,2.09339966894079,2.10944390296936,0,2.3913310171275337
2020-09-09A,2.10944390296936,2.11326406277916,2.09339966894079,2.10027576873984,0,2.3913310171275337
2020-09-09C,2.10027576873984,2.10638780562059,2.08270343501363,2.09263563156128,0,2.3913310171275337
2020-09-10A,2.09263563156128,2.10638780562059,2.08270343501363,2.09569178523971,0,2.3913310171275337
2020-09-10C,2.09569178523971,2.1056239824283,2.07659134998312,2.07888340950012,0,2.3913310171275337
2020-09-11A,2.07888340950012,2.1056239824283,2.07659134998312,2.07964727177591,0,2.3913310171275337
2020-09-11C,2.07964727177591,2.08041141301616,2.06054701956403,2.07659125328064,0,2.3913310171275337
2020-09-14A,2.07659125328064,2.08041141301616,2.06054701956403,2.07888299850507,0,2.3913310171275337
2020-09-14C,2.07888299850507,2.08346711663279,2.07047890337439,2.07811903953552,0,2.3913310171275337
2020-09-15A,2.07811903953552,2.08346711663279,2.07047890337439,2.0796472578581,0,2.3913310171275337
2020-09-15C,2.0796472578581,2.08423137664795,2.07506332122349,2.08423137664795,0,2.3913310171275337
2020-09-16A,2.08423137664795,2.08423137664795,2.07506332122349,2.084231256589,0,2.3913310171275337
2020-09-16C,2.084231256589,2.09798361216637,2.07964713806321,2.0903434753418,0,2.3913310171275337
2020-09-17A,2.0903434753418,2.09798361216637,2.07964713806321,2.09034357219219,0,2.3913310171275337
2020-09-17C,2.09034357219219,2.10027576873984,2.08193929378711,2.09263563156128,0,2.3913310171275337
2020-09-18A,2.09263563156128,2.10027576873984,2.08193929378711,2.09339934464936,1,2.42013171239984
2020-09-18C,2.09339934464936,2.11937577157307,2.08881522644983,2.11861181259155,1,2.421877666230122
2020-09-21A,2.11861181259155,2.11937577157307,2.08881522644983,2.12014024114365,1,2.4096590299191654
2020-09-21C,2.12014024114365,2.12243230059848,2.10715184351453,2.10944390296936,1,2.4079130342630473
2020-09-22A,2.10944390296936,2.12243230059848,2.10715184351453,2.10791543780243,1,2.381730605669729
2020-09-22C,2.10791543780243,2.10791543780243,2.08041091363665,2.08499503135681,0,2.381730605669729
2020-09-23A,2.08499503135681,2.10791543780243,2.08041091363665,2.08575947696298,0,2.381730605669729
2020-09-23C,2.08575947696298,2.09187151391262,2.0788832987782,2.08423137664795,0,2.381730605669729
2020-09-24A,2.08423137664795,2.09187151391262,2.0788832987782,2.08423112425815,0,2.381730605669729
2020-09-24C,2.08423112425815,2.08499526540075,2.05137851978282,2.05443453788757,0,2.381730605669729
2020-09-25A,2.05443453788757,2.08499526540075,2.05137851978282,2.05672693703802,0,2.381730605669729
2020-09-25C,2.05672693703802,2.06283915641326,2.0383906432228,2.04985094070435,0,2.381730605669729
2020-09-28A,2.04985094070435,2.06283915641326,2.0383906432228,2.05061476789469,0,2.381730605669729
2020-09-28C,2.05061476789469,2.05596284565693,2.04526669013245,2.05137872695923,0,2.381730605669729
2020-09-29A,2.05137872695923,2.05596284565693,2.04526669013245,2.05290682724354,0,2.381730605669729
2020-09-29C,2.05290682724354,2.06207488248372,2.0475587494813,2.05137872695923,0,2.381730605669729
2020-09-30A,2.05137872695923,2.06207488248372,2.0475587494813,2.05137883786278,0,2.381730605669729
2020-09-30C,2.05137883786278,2.05901897538692,2.03686252192033,2.0460307598114,0,2.381730605669729
2020-10-09A,2.0460307598114,2.05901897538692,2.03686252192033,2.05901858648042,0,2.381730605669729
2020-10-09C,2.05901858648042,2.08117503576211,2.05901858648042,2.07429885864258,1,2.383485152526622
2020-10-12A,2.07429885864258,2.08117503576211,2.05901858648042,2.07582693009366,1,2.421206838340249
2020-10-12C,2.07582693009366,2.10944349195577,2.07582693009366,2.10867953300476,1,2.4229617321332473
2020-10-13A,2.10867953300476,2.10944349195577,2.07582693009366,2.11020790660973,1,2.4168210161062107
2020-10-13C,2.11020790660973,2.11326392496513,2.09416349147223,2.10485982894897,1,2.417698029326501
2020-10-14A,2.10485982894897,2.11326392496513,2.09416349147223,2.1056236380538,1,2.40629378347343
2020-10-14C,2.1056236380538,2.10715155604508,2.09339938334749,2.09569144248962,1,2.4062941959140525
2020-10-15A,2.09569144248962,2.10715155604508,2.09339938334749,2.09569180169276,1,2.3992760846425636
2020-10-15C,2.09569180169276,2.09721971994592,2.08728770483461,2.08957958221436,1,2.3992756486257463
2020-10-16A,2.08957958221436,2.09721971994592,2.08728770483461,2.08957920247822,1,2.401907413730228
2020-10-16C,2.08957920247822,2.09721933882136,2.086523184372,2.09187126159668,1,2.404539544979862
2020-10-19A,2.09187126159668,2.09721933882136,2.086523184372,2.09416363959859,1,2.3922581120570983
2020-10-19C,2.09416363959859,2.11250011533844,2.08117542405303,2.08346748352051,0,2.3922581120570983
2020-10-20A,2.08346748352051,2.11250011533844,2.08117542405303,2.08346769146874,0,2.3922581120570983
2020-10-20C,2.08346769146874,2.08346769146874,2.06818741493059,2.08041167259216,0,2.3922581120570983
2020-10-21A,2.08041167259216,2.08346769146874,2.06818741493059,2.08041092576903,0,2.3922581120570983
2020-10-21C,2.08041092576903,2.08270298464248,2.06818667249571,2.0773549079895,0,2.3922581120570983
2020-10-22A,2.0773549079895,2.08270298464248,2.06818667249571,2.07735547478117,0,2.3922581120570983
2020-10-22C,2.07735547478117,2.07888339301022,2.06513121817254,2.06818723678589,0,2.3922581120570983
2020-10-23A,2.06818723678589,2.07888339301022,2.06513121817254,2.06895083856373,0,2.3922581120570983
2020-10-23C,2.06895083856373,2.07506305689,2.05978278430715,2.06207466125488,0,2.3922581120570983
2020-10-26A,2.06207466125488,2.07506305689,2.05978278430715,2.06131105603064,0,2.3922581120570983
2020-10-26C,2.06131105603064,2.06207501514433,2.04526682171173,2.04985094070435,0,2.3922581120570983
2020-10-27A,2.04985094070435,2.06207501514433,2.04526682171173,2.04832272232045,0,2.3922581120570983
2020-10-27C,2.04832272232045,2.04908668139013,2.03762656672403,2.04373860359192,0,2.3922581120570983
2020-10-28A,2.04373860359192,2.04908668139013,2.03762656672403,2.04373863445875,0,2.3922581120570983
2020-10-28C,2.04373863445875,2.04908671233773,2.03227851961957,2.04679465293884,0,2.3922581120570983
2020-10-29A,2.04679465293884,2.04908671233773,2.03227851961957,2.04068243898955,0,2.3922581120570983
2020-10-29C,2.04068243898955,2.06971506742057,2.03380626138927,2.06513094902039,1,2.3922581792108466
2020-10-30A,2.06513094902039,2.06971506742057,2.03380626138927,2.06513100699126,1,2.378097540119525
2020-10-30C,2.06513100699126,2.07811922138623,2.05061469236826,2.05290675163269,0,2.378097540119525
2020-11-02A,2.05290675163269,2.07811922138623,2.05061469236826,2.05367086912682,0,2.378097540119525
2020-11-02C,2.05367086912682,2.06513116633324,2.05367086912682,2.06131100654602,1,2.379860327727861
2020-11-03A,2.06131100654602,2.06513116633324,2.05367086912682,2.06283897309826,1,2.393963232075258
2020-11-03C,2.06283897309826,2.07659114669877,2.06283897309826,2.07506322860718,1,2.3966074687947043
2020-11-04A,2.07506322860718,2.07659114669877,2.06283897309826,2.07735522637504,1,2.415998777817481
2020-11-04C,2.07735522637504,2.09569151801773,2.07735522637504,2.09416341781616,1,2.429220204405824
2020-11-05A,2.09416341781616,2.09569151801773,2.07735522637504,2.10562361727771,1,2.4565444350376886
2020-11-05C,2.10562361727771,2.13160004442531,2.10562361727771,2.12930798530579,1,2.4565445164402955
2020-11-06A,2.12930798530579,2.13160004442531,2.10562361727771,2.12930805586475,1,2.476817401177406
2020-11-06C,2.12930805586475,2.14764452942853,2.12548807864245,2.14688038825989,1,2.4900388527824098
2020-11-09A,2.14688038825989,2.14764452942853,2.12548807864245,2.15834060940563,1,2.521770332581596
2020-11-09C,2.15834060940563,2.18890115474539,2.15834060940563,2.18584513664246,1,2.529703348123038
2020-11-10A,2.18584513664246,2.18890115474539,2.15834060940563,2.19272139464904,1,2.5120747694715924
2020-11-10C,2.19272139464904,2.19883361374272,2.1728571835215,2.1774411201477,1,2.5111931384431183
2020-11-11A,2.1774411201477,2.19883361374272,2.1728571835215,2.17667693124794,1,2.5252960419050874
2020-11-11C,2.17667693124794,2.19883338158209,2.17056489495484,2.18890118598938,1,2.525296138369833
2020-11-12A,2.18890118598938,2.19883338158209,2.17056489495484,2.18890126960405,1,2.5367547347360655
2020-11-12C,2.18890126960405,2.20036156578543,2.18126113286821,2.19883346557617,1,2.5367547657979976
2020-11-13A,2.19883346557617,2.20036156578543,2.18126113286821,2.19883349250034,1,2.5191261881185865
2020-11-13C,2.19883349250034,2.19883349250034,2.1698008632555,2.18355321884155,1,2.527940816471724
2020-11-16A,2.18355321884155,2.19883349250034,2.1698008632555,2.19119364995777,1,2.569367958567265
2020-11-16C,2.19119364995777,2.22863038009629,2.19119364995777,2.22710227966309,1,2.5702490225401338
2020-11-17A,2.22710227966309,2.22863038009629,2.19119364995777,2.22786597704476,1,2.5790635216772575
2020-11-17C,2.22786597704476,2.24620245146777,2.22786597704476,2.23550629615784,1,2.5790635416606693
2020-11-18A,2.23550629615784,2.24620245146777,2.22786597704476,2.23550631347926,1,2.591403504309488
2020-11-18C,2.23550631347926,2.24849452819271,2.23168615389313,2.24620246887207,1,2.591403182606513
2020-11-19A,2.24620246887207,2.24849452819271,2.23168615389313,2.24620219002317,1,2.574655972434022
2020-11-19C,2.24620219002317,2.24773010794375,2.22404574077774,2.23168587684631,1,2.574656256509645
2020-11-20A,2.23168587684631,2.24773010794375,2.22404574077774,2.2316861230802,1,2.5878777949859972
2020-11-20C,2.2316861230802,2.24314641952515,2.22175392687966,2.24314641952515,1,2.5905221374511225
2020-11-23A,2.24314641952515,2.24314641952515,2.22175392687966,2.2454385089523,1,2.626660872603687
2020-11-23C,2.2454385089523,2.28822331613309,2.24467454983548,2.27676320075989,1,2.6319489120266475
2020-11-24A,2.27676320075989,2.28822331613309,2.24467454983548,2.28134682009497,1,2.6222530483012116
2020-11-24C,2.28134682009497,2.28440283804812,2.26224638911615,2.27294254302978,1,2.6240164658844125
2020-11-25A,2.27294254302978,2.28440283804812,2.26224638911615,2.27447105563789,1,2.5940479238317273
2020-11-25C,2.27447105563789,2.28363929331553,2.24620256567214,2.24849462509155,1,2.594047787392983
2020-11-26A,2.24849462509155,2.28363929331553,2.24620256567214,2.24849450682782,1,2.586996230125505
2020-11-26C,2.24849450682782,2.24925846587569,2.23015803243697,2.24238228797913,0,2.586996230125505
2020-11-27A,2.24238228797913,2.24925846587569,2.23015803243697,2.24238248815408,0,2.586996230125505
2020-11-27C,2.24238248815408,2.26148292329788,2.23245029102415,2.25842690467834,1,2.5887465352366865
2020-11-30A,2.25842690467834,2.26148292329788,2.23245029102415,2.25995490696472,1,2.563366628376821
2020-11-30C,2.25995490696472,2.2767632832302,2.23397847449963,2.23779845237732,0,2.563366628376821
2020-12-01A,2.23779845237732,2.2767632832302,2.23397847449963,2.23779816938141,0,2.563366628376821
2020-12-01C,2.23779816938141,2.24620244752896,2.2194618771458,2.24238228797913,0,2.563366628376821
2020-12-02A,2.24238228797913,2.24620244752896,2.2194618771458,2.24314635363044,0,2.563366628376821
2020-12-02C,2.24314635363044,2.25002234914019,2.23168605752216,2.24391031265259,0,2.563366628376821
2020-12-03A,2.24391031265259,2.25002234914019,2.23168605752216,2.24238245796342,0,2.563366628376821
2020-12-03C,2.24238245796342,2.24238245796342,2.22022600449839,2.2248101234436,0,2.563366628376821
2020-12-04A,2.2248101234436,2.24238245796342,2.22022600449839,2.22480996455949,0,2.563366628376821
2020-12-04C,2.22480996455949,2.22557410576595,2.19959749431661,2.21640586853027,0,2.563366628376821
2020-12-07A,2.21640586853027,2.22557410576595,2.19959749431661,2.21717009358073,0,2.563366628376821
2020-12-07C,2.21717009358073,2.22099025360565,2.18278956413269,2.18278956413269,0,2.563366628376821
2020-12-08A,2.18278956413269,2.22099025360565,2.18278956413269,2.18508125739837,0,2.563366628376821
2020-12-08C,2.18508125739837,2.19272139464904,2.17362114259999,2.1774411201477,0,2.563366628376821
2020-12-09A,2.1774411201477,2.19272139464904,2.17362114259999,2.1782054827225,0,2.563366628376821
2020-12-09C,2.1782054827225,2.17973340103475,2.146880789303,2.14840888977051,0,2.563366628376821
2020-12-10A,2.14840888977051,2.17973340103475,2.146880789303,2.14840876461187,0,2.563366628376821
2020-12-10C,2.14840876461187,2.16368903977575,2.14764480550025,2.16139698028564,0,2.563366628376821
2020-12-11A,2.16139698028564,2.16368903977575,2.14764480550025,2.16216081156132,0,2.563366628376821
2020-12-11C,2.16216081156132,2.16980094869155,2.13924040017065,2.15604877471924,0,2.563366628376821
2020-12-14A,2.15604877471924,2.16980094869155,2.13924040017065,2.15299267853358,0,2.563366628376821
2020-12-14C,2.15299267853358,2.1591047151549,2.1178480125729,2.12701606750488,0,2.563366628376821
2020-12-15A,2.12701606750488,2.1591047151549,2.1178480125729,2.12777988519341,0,2.563366628376821
2020-12-15C,2.12777988519341,2.12930780303882,2.10180327811417,2.11708354949951,0,2.563366628376821
2020-12-16A,2.11708354949951,2.12930780303882,2.10180327811417,2.11708368118508,0,2.563366628376821
2020-12-16C,2.11708368118508,2.12472381735298,2.11097164511285,2.11555576324463,0,2.563366628376821
2020-12-17A,2.11555576324463,2.12472381735298,2.11097164511285,2.11555616658201,0,2.563366628376821
2020-12-17C,2.11555616658201,2.13542056083679,2.09874779094598,2.13542056083679,0,2.563366628376821
2020-12-18A,2.13542056083679,2.13542056083679,2.09874779094598,2.13542013394794,0,2.563366628376821
2020-12-18C,2.13542013394794,2.16139656024733,2.13542013394794,2.14917230606079,0,2.563366628376821
2020-12-21A,2.14917230606079,2.16139656024733,2.13542013394794,2.14917281351547,0,2.563366628376821
2020-12-21C,2.14917281351547,2.15834105185894,2.13618459729904,2.15222883224487,1,2.561546279709821
2020-12-22A,2.15222883224487,2.15834105185894,2.13618459729904,2.15070044889054,1,2.50967823517002
2020-12-22C,2.15070044889054,2.15070044889054,2.10180343117249,2.1071515083313,0,2.50967823517002
2020-12-23A,2.1071515083313,2.15070044889054,2.10180343117249,2.1086799438695,0,2.50967823517002
2020-12-23C,2.1086799438695,2.11708404043371,2.10103980640514,2.10944390296936,0,2.50967823517002
2020-12-24A,2.10944390296936,2.11708404043371,2.10103980640514,2.11020805837788,0,2.50967823517002
2020-12-24C,2.11020805837788,2.11708405463325,2.09416364208645,2.10180377960205,0,2.50967823517002
2020-12-25A,2.10180377960205,2.11708405463325,2.09416364208645,2.10103980640514,0,2.50967823517002
2020-12-25C,2.10103980640514,2.11861214078868,2.09110760948596,2.10944390296936,0,2.50967823517002
2020-12-28A,2.10944390296936,2.11861214078868,2.09110760948596,2.10944405945715,0,2.50967823517002
2020-12-28C,2.10944405945715,2.11250026039381,2.09339982423834,2.09951186180115,0,2.50967823517002
2020-12-29A,2.09951186180115,2.11250026039381,2.09339982423834,2.10027606852281,0,2.50967823517002
2020-12-29C,2.10027606852281,2.10562414709563,2.07888357207624,2.08041167259216,0,2.50967823517002
2020-12-30A,2.08041167259216,2.10562414709563,2.07888357207624,2.08117535817313,0,2.50967823517002
2020-12-30C,2.08117535817313,2.09263565514776,2.07353522090846,2.08423137664795,0,2.50967823517002
2020-12-31A,2.08423137664795,2.09263565514776,2.07353522090846,2.0842313531562,0,2.50967823517002
2020-12-31C,2.0842313531562,2.09492769093037,2.07888327534673,2.09263563156128,0,2.50967823517002
2021-01-04A,2.09263563156128,2.09492769093037,2.07888327534673,2.09263528337092,0,2.50967823517002
2021-01-04C,2.09263528337092,2.09798336029053,2.0788829294446,2.09798336029053,1,2.5096783563022993
2021-01-05A,2.09798336029053,2.09798336029053,2.0788829294446,2.09798346155192,1,2.4895716157744077
2021-01-05C,2.09798346155192,2.09798346155192,2.06360275723192,2.08117508888245,0,2.4895716157744077
2021-01-06A,2.08117508888245,2.09798346155192,2.06360275723192,2.08117546901712,0,2.4895716157744077
2021-01-06C,2.08117546901712,2.08575958805113,2.06971535358737,2.07888340950012,0,2.4895716157744077
2021-01-07A,2.07888340950012,2.08575958805113,2.06971535358737,2.07888318455914,0,2.4895716157744077
2021-01-07C,2.07888318455914,2.0827033440592,2.06283895183141,2.07124304771423,0,2.4895716157744077
2021-01-08A,2.07124304771423,2.0827033440592,2.06283895183141,2.07200685248906,0,2.4895716157744077
2021-01-08C,2.07200685248906,2.08270318899975,2.06207465711462,2.08117508888245,0,2.4895716157744077
2021-01-11A,2.08117508888245,2.08270318899975,2.06207465711462,2.08193898873089,1,2.458509142944145
2021-01-11C,2.08193898873089,2.08423104776414,2.05290654456844,2.05596256256104,0,2.458509142944145
2021-01-12A,2.05596256256104,2.08423104776414,2.05290654456844,2.05672666763793,0,2.458509142944145
2021-01-12C,2.05672666763793,2.07353504102414,2.05596270862431,2.07200694084167,0,2.458509142944145
2021-01-13A,2.07200694084167,2.07353504102414,2.05596270862431,2.07277079024261,0,2.458509142944145
2021-01-13C,2.07277079024261,2.08346694354856,2.06665857252834,2.0773549079895,1,2.458509514490078
2021-01-14A,2.0773549079895,2.08346694354856,2.06665857252834,2.07735522193292,1,2.45670103761672
2021-01-14C,2.07735522193292,2.08423121743721,2.06665888485526,2.07582712173462,1,2.4567013754116696
2021-01-15A,2.07582712173462,2.08423121743721,2.06665888485526,2.07582740715963,1,2.4729768072011002
2021-01-15C,2.07582740715963,2.09339974215777,2.07582740715963,2.08957958221436,1,2.5072970927197735
2021-01-18A,2.08957958221436,2.09339974215777,2.07582740715963,2.1185790324586,1,2.4863234348684893
2021-01-18C,2.1185790324586,2.1185790324586,2.08635713819926,2.10085701942444,1,2.4872769498253646
2021-01-19A,2.10085701942444,2.1185790324586,2.08635713819926,2.10166270647311,1,2.4891837288298055
2021-01-19C,2.10166270647311,2.1153569120206,2.08716301591004,2.10327386856079,1,2.4901369209518487
2021-01-20A,2.10327386856079,2.1153569120206,2.08716301591004,2.10407928282523,1,2.487276866188924
2021-01-20C,2.10407928282523,2.11052354684623,2.09521837178222,2.10166263580322,1,2.48823025441482
2021-01-21A,2.10166263580322,2.11052354684623,2.09521837178222,2.10246821576861,1,2.491090309306933
2021-01-21C,2.10246821576861,2.1121348042933,2.09682943648138,2.10488486289978,1,2.492996921976862
2021-01-22A,2.10488486289978,2.1121348042933,2.09682943648138,2.10649588444057,1,2.468209932762644
2021-01-22C,2.10649588444057,2.10730136941171,2.08071844479919,2.08555173873901,0,2.468209932762644
2021-01-25A,2.08555173873901,2.10730136941171,2.08071844479919,2.08555187656041,0,2.468209932762644
2021-01-25C,2.08555187656041,2.08555187656041,2.05574681803721,2.05735778808594,0,2.468209932762644
2021-01-26A,2.05735778808594,2.08555187656041,2.05574681803721,2.05735787339863,0,2.468209932762644
2021-01-26C,2.05735787339863,2.06380233003034,2.04688579942157,2.04849696159363,0,2.468209932762644
2021-01-27A,2.04849696159363,2.06380233003034,2.04688579942157,2.04849706873332,0,2.468209932762644
2021-01-27C,2.04849706873332,2.06058030551441,2.0460804213771,2.04769158363342,0,2.468209932762644
2021-01-28A,2.04769158363342,2.06058030551441,2.0460804213771,2.04688552885962,0,2.468209932762644
2021-01-28C,2.04688552885962,2.04688552885962,2.02030260490187,2.02191376686096,0,2.468209932762644
2021-01-29A,2.02191376686096,2.04688552885962,2.02030260490187,2.02271930168548,0,2.468209932762644
2021-01-29C,2.02271930168548,2.03158040459422,1.99774753907111,2.00902509689331,0,2.468209932762644
2021-02-01A,2.00902509689331,2.03158040459422,1.99774753907111,2.00983066289907,0,2.468209932762644
2021-02-01C,2.00983066289907,2.02513603030716,1.9969421346149,2.02271938323975,0,2.468209932762644
2021-02-02A,2.02271938323975,2.02513603030716,1.9969421346149,2.02271931071378,0,2.468209932762644
2021-02-02C,2.02271931071378,2.0291637666813,2.02191382573902,2.02755260467529,0,2.468209932762644
2021-02-03A,2.02755260467529,2.0291637666813,2.02191382573902,2.02755255908286,0,2.468209932762644
2021-02-03C,2.02755255908286,2.02916372105264,2.00741409077139,2.01144170761108,0,2.468209932762644
2021-02-04A,2.01144170761108,2.02916372105264,2.00741409077139,2.01063602034724,0,2.468209932762644
2021-02-04C,2.01063602034724,2.01144150522283,1.98969187712999,1.99774730205536,0,2.468209932762644
2021-02-05A,1.99774730205536,2.01144150522283,1.98969187712999,1.99774757331531,0,2.468209932762644
2021-02-05C,1.99774757331531,2.01788623439145,1.99049763228112,2.01305294036865,0,2.468209932762644
2021-02-08A,2.01305294036865,2.01788623439145,1.99049763228112,2.0130529266593,0,2.468209932762644
2021-02-08C,2.0130529266593,2.03077474854684,2.00821963266942,2.02352499961853,1,2.4682101611493805
2021-02-09A,2.02352499961853,2.03077474854684,2.00821963266942,2.02352518685798,1,2.483931276312814
2021-02-09C,2.02352518685798,2.03641390800476,2.01627524520231,2.03641390800476,1,2.484913321702625
2021-02-10A,2.03641390800476,2.03641390800476,2.01627524520231,2.03721902323044,1,2.5025994266368308
2021-02-10C,2.03721902323044,2.05332987372509,2.03721902323044,2.05171871185303,1,2.5251986061437255
2021-02-18A,2.05171871185303,2.05332987372509,2.03721902323044,2.07024631118567,1,2.564501271723811
2021-02-18C,2.07024631118567,2.1056903376664,2.07024631118567,2.10246801376343,1,2.564501493263267
2021-02-19A,2.10246801376343,2.1056903376664,2.07024631118567,2.10246819538924,1,2.615595056636132
2021-02-19C,2.10246819538924,2.14596765127219,2.10246819538924,2.14435648918152,1,2.6175602738017947
2021-02-22A,2.14435648918152,2.14596765127219,2.10246819538924,2.14596764308363,1,2.6588281697733622
2021-02-22C,2.14596764308363,2.20799440646178,2.14596764308363,2.17980051040649,1,2.659810320028975
2021-02-23A,2.17980051040649,2.20799440646178,2.14596764308363,2.18060571160483,1,2.631315818560567
2021-02-23C,2.18060571160483,2.18141119651399,2.14999498037862,2.15724492073059,1,2.631316158606704
2021-02-24A,2.15724492073059,2.18141119651399,2.14999498037862,2.15724519951233,1,2.6008566605739265
2021-02-24C,2.15724519951233,2.16127300869166,2.11857923008466,2.13227343559265,1,2.6028217895174026
2021-02-25A,2.13227343559265,2.16127300869166,2.11857923008466,2.13388451716712,1,2.6421244603609626
2021-02-25C,2.13388451716712,2.17416165078329,2.13388451716712,2.16610622406006,1,2.636229081748371
2021-02-26A,2.16610622406006,2.17416165078329,2.13388451716712,2.16127298607392,1,2.591030966261509
2021-02-26C,2.16127298607392,2.16127298607392,2.11938469291854,2.12421798706055,1,2.592012954602758
2021-03-01A,2.12421798706055,2.16127298607392,2.11938469291854,2.12502305551582,1,2.625420169322816
2021-03-01C,2.12502305551582,2.15321713777988,2.12502305551582,2.15241146087646,1,2.635246112454288
2021-03-02A,2.15241146087646,2.15321713777988,2.12502305551582,2.16046711339914,1,2.6106820640734902
2021-03-02C,2.16046711339914,2.16691156902383,2.1266344415814,2.14032864570618,1,2.6116647112087543
2021-03-03A,2.14032864570618,2.16691156902383,2.1266344415814,2.14113425426387,1,2.6745489316978106
2021-03-03C,2.14113425426387,2.19430010396889,2.14032876928547,2.19268894195557,1,2.6745488154958736
2021-03-04A,2.19268894195557,2.19430010396889,2.14032876928547,2.19268884668915,1,2.6706185958102653
2021-03-04C,2.19268884668915,2.21282750672642,2.17980031936858,2.18946671485901,1,2.652932492577609
2021-03-05A,2.18946671485901,2.21282750672642,2.17980031936858,2.17496702763141,1,2.6431068262231934
2021-03-05C,2.17496702763141,2.17657799751974,2.14918958885314,2.16691160202026,1,2.650967311913911
2021-03-08A,2.16691160202026,2.17657799751974,2.14918958885314,2.17335590365489,1,2.632298475235678
2021-03-08C,2.17335590365489,2.19430004902106,2.15321743530345,2.15805053710938,0,2.632298475235678
2021-03-09A,2.15805053710938,2.19430004902106,2.15321743530345,2.15885629872071,0,2.632298475235678
2021-03-09C,2.15885629872071,2.1814114148872,2.11857916838304,2.14918971061707,0,2.632298475235678
2021-03-10A,2.14918971061707,2.1814114148872,2.11857916838304,2.15482871945132,0,2.632298475235678
2021-03-10C,2.15482871945132,2.16127317622649,2.13469024816315,2.13710689544678,0,2.632298475235678
2021-03-11A,2.13710689544678,2.16127317622649,2.13469024816315,2.13710656898663,0,2.632298475235678
2021-03-11C,2.13710656898663,2.17657802045768,2.13710656898663,2.17496705055237,1,2.6400979034116143
2021-03-12A,2.17496705055237,2.17657802045768,2.13710656898663,2.18141141826196,1,2.658621537896798
2021-03-12C,2.18141141826196,2.2031610494723,2.17013386016127,2.19671678543091,1,2.658621633012937
2021-03-15A,2.19671678543091,2.2031610494723,2.17013386016127,2.19671686402172,1,2.682994861622305
2021-03-15C,2.19671686402172,2.22491095233865,2.19591137900186,2.21685552597046,1,2.6839693840244263
2021-03-16A,2.21685552597046,2.22491095233865,2.19591137900186,2.21766073637292,1,2.6859193257502305
2021-03-16C,2.21766073637292,2.22329951492674,2.19913323881473,2.21927189826965,1,2.684944328087092
2021-03-17A,2.21927189826965,2.22329951492674,2.19913323881473,2.21846629517728,1,2.672270287548026
2021-03-17C,2.21846629517728,2.21846629517728,2.19430001826042,2.20799422264099,1,2.6732453746635523
2021-03-18A,2.20799422264099,2.21846629517728,2.19430001826042,2.20879989964443,1,2.672270287548026
2021-03-18C,2.20879989964443,2.21927197218072,2.20316092884632,2.20799422264099,1,2.6664205950146407
2021-03-19A,2.20799422264099,2.21927197218072,2.20316092884632,2.20316084654946,1,2.655696496666921
2021-03-19C,2.20316084654946,2.21121627188751,2.1846333490663,2.19429993629456,0,2.655696496666921
2021-03-22A,2.19429993629456,2.21121627188751,2.1846333490663,2.1951053956554,0,2.655696496666921
2021-03-22C,2.1951053956554,2.21927186344469,2.1951053956554,2.21524405479431,1,2.6556968576213102
2021-03-23A,2.21524405479431,2.21927186344469,2.1951053956554,2.21524435588371,1,2.635417079121768
2021-03-23C,2.21524435588371,2.21927216508153,2.18785594474195,2.19832801818848,0,2.635417079121768
2021-03-24A,2.19832801818848,2.21927216508153,2.18785594474195,2.18624469492506,0,2.635417079121768
2021-03-24C,2.18624469492506,2.19349463595632,2.15160634385104,2.15966176986694,0,2.635417079121768
2021-03-25A,2.15966176986694,2.19349463595632,2.15160634385104,2.159661840546,0,2.635417079121768
2021-03-25C,2.159661840546,2.17657817811606,2.158856355535,2.16127300262451,0,2.635417079121768
2021-03-26A,2.16127300262451,2.17657817811606,2.158856355535,2.16288382693076,0,2.635417079121768
2021-03-26C,2.16288382693076,2.1886612661112,2.16288382693076,2.18705010414124,0,2.635417079121768
2021-03-29A,2.18705010414124,2.1886612661112,2.16288382693076,2.19752217280646,1,2.657636507090718
2021-03-29C,2.19752217280646,2.22007748006243,2.18946674708429,2.2160496711731,1,2.657636349421439
2021-03-30A,2.2160496711731,2.22007748006243,2.18946674708429,2.21604953970179,1,2.6566703574927044
2021-03-30C,2.21604953970179,2.21927186344469,2.19752204243433,2.21524405479431,1,2.656670572793086
2021-03-31A,2.21524405479431,2.21927186344469,2.19752204243433,2.21524423432087,1,2.6499081680896697
2021-03-31C,2.21524423432087,2.21524423432087,2.20074454452871,2.20960545539856,1,2.650874129720924
2021-04-01A,2.20960545539856,2.21524423432087,2.20074454452871,2.21041091504272,1,2.6672971452877703
2021-04-01C,2.21041091504272,2.23054957558293,2.20477213618502,2.2241051197052,1,2.667297134131188
2021-04-02A,2.2241051197052,2.23054957558293,2.20477213618502,2.22410511040237,1,2.6450777060273083
2021-04-02C,2.22410511040237,2.22813291931617,2.20154999506592,2.20557761192322,0,2.6450777060273083
2021-04-06A,2.20557761192322,2.22813291931617,2.20154999506592,2.20960547977426,1,2.6470061682681845
2021-04-06C,2.20960547977426,2.21685542077857,2.20799431775447,2.21121644973755,1,2.6470062769546194
2021-04-07A,2.21121644973755,2.21685542077857,2.20799431775447,2.2112165405304,1,2.666292509506199
2021-04-07C,2.2112165405304,2.22893855524977,2.20074465916954,2.22732758522034,1,2.6662926667028395
2021-04-08A,2.22732758522034,2.22893855524977,2.20074465916954,2.22732771653692,1,2.667256897919709
2021-04-08C,2.22732771653692,2.2386052756339,2.22249442205063,2.22813320159912,1,2.6682209573891376
2021-04-09A,2.22813320159912,2.2386052756339,2.22249442205063,2.22893854318951,1,2.6711138807608577
2021-04-09C,2.22893854318951,2.23457732237505,2.2184664698288,2.2313551902771,1,2.6720778971576675
2021-04-12A,2.2313551902771,2.23457732237505,2.2184664698288,2.23216049588613,1,2.6778637434360895
2021-04-12C,2.23216049588613,2.24424373035293,2.22652171715379,2.23699378967285,1,2.675935400954054
2021-04-13A,2.23699378967285,2.24424373035293,2.22652171715379,2.23538291975191,1,2.647006168268185
2021-04-13C,2.23538291975191,2.23618840473356,2.2104109647559,2.21121644973755,0,2.647006168268185
2021-04-14A,2.21121644973755,2.23618840473356,2.2104109647559,2.2112163773285,0,2.647006168268185
2021-04-14C,2.2112163773285,2.22007748006243,2.20557759852863,2.2160496711731,0,2.647006168268185
2021-04-15A,2.2160496711731,2.22007748006243,2.20557759852863,2.2168552514528,0,2.647006168268185
2021-04-15C,2.2168552514528,2.22249403000662,2.2120219578191,2.21927189826965,0,2.647006168268185
2021-04-16A,2.21927189826965,2.22249403000662,2.2120219578191,2.21927195542748,0,2.647006168268185
2021-04-16C,2.21927195542748,2.25471578956,2.21927195542748,2.24746584892273,1,2.647005998638386
2021-04-19A,2.24746584892273,2.25471578956,2.21927195542748,2.24746570489693,1,2.6583910504532704
2021-04-19C,2.24746570489693,2.26277107013152,2.24021576472425,2.25713229179382,1,2.655545351397295
2021-04-20A,2.25713229179382,2.26277107013152,2.24021576472425,2.25471612385236,1,2.6508015034007286
2021-04-20C,2.25471612385236,2.25713277108975,2.24827166720047,2.25068831443787,1,2.64700646338492
2021-04-21A,2.25068831443787,2.25713277108975,2.24827166720047,2.24746609949441,1,2.642262841761912
2021-04-21C,2.24746609949441,2.24907726161227,2.23296640865977,2.24343848228455,1,2.642262504706175
2021-04-22A,2.24343848228455,2.24907726161227,2.23296640865977,2.24343819610416,1,2.6498523888144536
2021-04-22C,2.24343819610416,2.264382340682,2.24343819610416,2.2498824596405,1,2.6460574604737226
2021-04-23A,2.2498824596405,2.264382340682,2.24343819610416,2.24666033951583,1,2.645108781505047
2021-04-23C,2.24666033951583,2.24827130938002,2.23618826717264,2.24585485458374,1,2.6489037252740255
2021-04-26A,2.24585485458374,2.24827130938002,2.23618826717264,2.24907698780791,1,2.6375186728462277
2021-04-26C,2.24907698780791,2.2587433831687,2.23377162174937,2.23941040039062,0,2.6375186728462277
2021-04-27A,2.23941040039062,2.2587433831687,2.23377162174937,2.23699376668366,0,2.6375186728462277
2021-04-27C,2.23699376668366,2.2377994436775,2.21524413692344,2.22893834114075,0,2.6375186728462277
2021-04-28A,2.22893834114075,2.2377994436775,2.21524413692344,2.22571641109156,0,2.6375186728462277
2021-04-28C,2.22571641109156,2.23216067528746,2.21524433773085,2.2313551902771,0,2.6375186728462277
2021-04-29A,2.2313551902771,2.23216067528746,2.21524433773085,2.23135514008636,0,2.6375186728462277
2021-04-29C,2.23135514008636,2.24746599227022,2.22329971399443,2.24424386024475,1,2.631838482207205
2021-04-30A,2.24424386024475,2.24746599227022,2.22329971399443,2.23941063077878,0,2.631838482207205
2021-04-30C,2.23941063077878,2.24182727788172,2.21202221968744,2.22088313102722,0,2.631838482207205
2021-05-06A,2.22088313102722,2.24182727788172,2.21202221968744,2.22168864377842,0,2.631838482207205
2021-05-06C,2.22168864377842,2.25954932082618,2.22168864377842,2.25391054153442,1,2.64124456751105
2021-05-07A,2.25391054153442,2.25954932082618,2.22168864377842,2.26196592751811,1,2.6609973781846596
2021-05-07C,2.26196592751811,2.29418763264151,2.2571326333383,2.27888226509094,1,2.6722848058592197
2021-05-10A,2.27888226509094,2.29418763264151,2.2571326333383,2.288548835587,1,2.699562432502281
2021-05-10C,2.288548835587,2.31432608425061,2.28371554144492,2.31190943717957,1,2.6967409537626352
2021-05-11A,2.31190943717957,2.31432608425061,2.28371554144492,2.30949311842863,1,2.6741660555400393
2021-05-11C,2.30949311842863,2.310298603481,2.25632726384185,2.2901599407196,1,2.6685222858424904
2021-05-12A,2.2901599407196,2.310298603481,2.25632726384185,2.28532660763275,1,2.6845129132329535
2021-05-12C,2.28532660763275,2.30304862288073,2.27727118107577,2.29902100563049,1,2.6619376746370222
2021-05-13A,2.29902100563049,2.30304862288073,2.27727118107577,2.27968753642521,1,2.6440661818140536
2021-05-13C,2.27968753642521,2.29338174061344,2.2611600385102,2.26438236236572,0,2.6440661818140536
2021-05-14A,2.26438236236572,2.29338174061344,2.2611600385102,2.2643824818759,0,2.6440661818140536
2021-05-14C,2.2643824818759,2.27566003979594,2.26116015785031,2.26921558380127,0,2.6440661818140536
2021-05-17A,2.26921558380127,2.27566003979594,2.26116015785031,2.26921607339788,0,2.6440661818140536
2021-05-17C,2.26921607339788,2.28049382580766,2.26357729322125,2.26518845558166,0,2.6440661818140536
2021-05-18A,2.26518845558166,2.28049382580766,2.26357729322125,2.26518802545827,0,2.6440661818140536
2021-05-18C,2.26518802545827,2.27807674572455,2.26196589340582,2.2748544216156,1,2.6431299271845967
2021-05-19A,2.2748544216156,2.27807674572455,2.26196589340582,2.27404890358499,1,2.6206591752361854
2021-05-19C,2.27404890358499,2.27404890358499,2.25149378748899,2.25471591949463,0,2.6206591752361854
2021-05-20A,2.25471591949463,2.27404890358499,2.25149378748899,2.235382749011,0,2.6206591752361854
2021-05-20C,2.235382749011,2.235382749011,2.20477201736855,2.21927189826965,0,2.6206591752361854
2021-05-21A,2.21927189826965,2.235382749011,2.20477201736855,2.21927212467701,0,2.6206591752361854
2021-05-21C,2.21927212467701,2.23457730000316,2.21846644761821,2.223299741745,0,2.6206591752361854
2021-05-24A,2.223299741745,2.23457730000316,2.21846644761821,2.22329967099726,0,2.6206591752361854
2021-05-24C,2.22329967099726,2.2313550969334,2.21685540707094,2.22168850898743,0,2.6206591752361854
2021-05-25A,2.22168850898743,2.2313550969334,2.21685540707094,2.22168865794782,0,2.6206591752361854
2021-05-25C,2.22168865794782,2.24907726161227,2.21363323147157,2.24343848228455,0,2.6206591752361854
2021-05-26A,2.24343848228455,2.24907726161227,2.21363323147157,2.24343834959134,0,2.6206591752361854
2021-05-26C,2.24343834959134,2.26599346556815,2.24102170258576,2.25874352455139,1,2.6206592829864905
2021-05-27A,2.25874352455139,2.26599346556815,2.24102170258576,2.25874361742127,1,2.6318747367820188
2021-05-27C,2.25874361742127,2.27082685294601,2.25310483819522,2.26841020584106,1,2.6374829083022666
2021-05-28A,2.26841020584106,2.27082685294601,2.25310483819522,2.27324388327063,1,2.6281367695069187
2021-05-28C,2.27324388327063,2.28291047332001,2.25874399819657,2.26518845558166,1,2.6384171351152923
2021-05-31A,2.26518845558166,2.28291047332001,2.25874399819657,2.27404909242729,1,2.6309403141182712
2021-05-31C,2.27404909242729,2.27485457748146,2.25229945951243,2.26760482788086,1,2.630940117779942
2021-06-01A,2.26760482788086,2.27485457748146,2.25229945951243,2.26760465865705,1,2.6515014854020804
2021-06-01C,2.26760465865705,2.28613215791605,2.25391045347545,2.28532648086548,1,2.651501499314604
2021-06-02A,2.28532648086548,2.28613215791605,2.25391045347545,2.28532649285667,1,2.6468285422230524
2021-06-02C,2.28532649285667,2.28613216991147,2.27404893465459,2.28129887580872,1,2.6468286777945527
2021-06-03A,2.28129887580872,2.28613216991147,2.27404893465459,2.28129899265766,1,2.6599132257164815
2021-06-03C,2.28129899265766,2.31029856670303,2.28129899265766,2.29257655143738,1,2.6608478574230854
2021-06-04A,2.29257655143738,2.31029856670303,2.28129899265766,2.29338210957141,1,2.654305583253605
2021-06-04C,2.29338210957141,2.29579875682359,2.27324363854527,2.28774333000183,1,2.654305348774089
2021-06-07A,2.28774333000183,2.29579875682359,2.27324363854527,2.28774312790417,1,2.651501485402081
2021-06-07C,2.28774312790417,2.29579855401432,2.27968770179402,2.28532648086548,1,2.6524366314597976
2021-06-08A,2.28532648086548,2.29579855401432,2.27968770179402,2.28613248231822,1,2.6412211763802675
2021-06-08C,2.28613248231822,2.28774345253494,2.27163259802851,2.27646589279175,0,2.6412211763802675
2021-06-09A,2.27646589279175,2.28774345253494,2.27163259802851,2.27646560395966,0,2.6412211763802675
2021-06-09C,2.27646560395966,2.30143755971582,2.27324347187849,2.28935432434082,1,2.6412210789871526
2021-06-10A,2.28935432434082,2.30143755971582,2.27324347187849,2.28935423992254,1,2.6514438851688946
2021-06-10C,2.28935423992254,2.31190935571549,2.28774307791312,2.29821515083313,1,2.6598080081620368
2021-06-11A,2.29821515083313,2.31190935571549,2.28774307791312,2.30546499469888,1,2.65516135884785
2021-06-11C,2.30546499469888,2.31190925835219,2.297409569104,2.30143737792969,1,2.664455214140244
2021-06-15A,2.30143737792969,2.31190925835219,2.297409569104,2.3094930939726,1,2.640292014257631
2021-06-15C,2.3094930939726,2.31190954910411,2.2812990048165,2.28854894638062,0,2.640292014257631
2021-06-16A,2.28854894638062,2.31190954910411,2.2812990048165,2.28854881696284,0,2.640292014257631
2021-06-16C,2.28854881696284,2.30143753721801,2.27646558170596,2.28129887580872,0,2.640292014257631
2021-06-17A,2.28129887580872,2.30143753721801,2.27646558170596,2.281298877777,0,2.640292014257631
2021-06-17C,2.281298877777,2.28935430393637,2.27002131956519,2.2748544216156,0,2.640292014257631
2021-06-18A,2.2748544216156,2.28935430393637,2.27002131956519,2.2748544216156,0,2.640292014257631
2021-06-18C,2.2748544216156,2.27807674572455,2.27002131956519,2.2748544216156,0,2.640292014257631
2021-06-21A,2.2748544216156,2.27807674572455,2.27002131956519,2.27404936842256,0,2.640292014257631
2021-06-21C,2.27404936842256,2.27404936842256,2.26357729322125,2.26518845558166,0,2.640292014257631
2021-06-22A,2.26518845558166,2.27404936842256,2.26357729322125,2.26518801161836,0,2.640292014257631
2021-06-22C,2.26518801161836,2.28854880495474,2.26518801161836,2.28532648086548,1,2.641223098067847
2021-06-23A,2.28532648086548,2.28854880495474,2.26518801161836,2.28613238811964,1,2.6737961789303415
2021-06-23C,2.28613238811964,2.31835409580483,2.28532671098795,2.31432628631592,1,2.6765880205410495
2021-06-24A,2.31432628631592,2.31835409580483,2.28532671098795,2.31674278779715,1,2.684964050187472
2021-06-24C,2.31674278779715,2.33849261196673,2.30788187635833,2.32399272918701,1,2.6858946716594456
2021-06-25A,2.32399272918701,2.33849261196673,2.30788187635833,2.3247982362605,1,2.694270701385308
2021-06-25C,2.3247982362605,2.33849263414562,2.31835397189051,2.33204817771912,1,2.6942707092773825
2021-06-28A,2.33204817771912,2.33849263414562,2.31835397189051,2.33204818455017,1,2.6607668121632515
2021-06-28C,2.33204818455017,2.33204818455017,2.3006319635273,2.30304861068726,0,2.6607668121632515
2021-06-29A,2.30304861068726,2.33204818455017,2.3006319635273,2.30304867419245,0,2.6607668121632515
2021-06-29C,2.30304867419245,2.30304867419245,2.28452117349294,2.28613233566284,0,2.6607668121632515
2021-06-30A,2.28613233566284,2.30304867419245,2.28452117349294,2.28613221445113,0,2.6607668121632515
2021-06-30C,2.28613221445113,2.30304855208382,2.28291008233869,2.29740977287292,0,2.6607668121632515
2021-07-01A,2.29740977287292,2.30304855208382,2.28291008233869,2.29982631284256,0,2.6607668121632515
2021-07-01C,2.29982631284256,2.31271503274846,2.29257637188489,2.29821515083313,0,2.6607668121632515
2021-07-02A,2.29821515083313,2.31271503274846,2.29257637188489,2.29821524975368,0,2.6607668121632515
2021-07-02C,2.29821524975368,2.30063189684359,2.27807678007981,2.27888226509094,0,2.6607668121632515
2021-07-05A,2.27888226509094,2.30063189684359,2.27807678007981,2.27968757068727,0,2.6607668121632515
2021-07-05C,2.27968757068727,2.28935415828612,2.27163214504039,2.28452086448669,0,2.6607668121632515
2021-07-06A,2.28452086448669,2.28935415828612,2.27163214504039,2.28452116123998,0,2.6607668121632515
2021-07-06C,2.28452116123998,2.2901599407196,2.27968786681272,2.2901599407196,0,2.6607668121632515
2021-07-07A,2.2901599407196,2.2901599407196,2.27968786681272,2.28774325708706,0,2.6607668121632515
2021-07-07C,2.28774325708706,2.29579868365208,2.27807686044295,2.29257655143738,0,2.6607668121632515
2021-07-08A,2.29257655143738,2.29579868365208,2.27807686044295,2.29257649923774,0,2.6607668121632515
2021-07-08C,2.29257649923774,2.29257649923774,2.25552149947105,2.25793814659119,0,2.6607668121632515
2021-07-09A,2.25793814659119,2.29257649923774,2.25552149947105,2.25793840336525,0,2.6607668121632515
2021-07-09C,2.25793840336525,2.27324377284779,2.23699425398,2.27243828773499,0,2.6607668121632515
2021-07-12A,2.27243828773499,2.27324377284779,2.23699425398,2.27243827519341,0,2.6607668121632515
2021-07-12C,2.27243827519341,2.2893546148082,2.26760498043017,2.27646589279175,0,2.6607668121632515
2021-07-13A,2.27646589279175,2.2893546148082,2.26760498043017,2.27727101678754,0,2.6607668121632515
2021-07-13C,2.27727101678754,2.29660419277477,2.27324339982787,2.29418754577637,1,2.6607670041178593
2021-07-14A,2.29418754577637,2.29660419277477,2.27324339982787,2.294187711285,1,2.666372591687006
2021-07-14C,2.294187711285,2.30707643218748,2.29257654915099,2.29902100563049,1,2.6663725444709776
2021-07-15A,2.29902100563049,2.30707643218748,2.29257654915099,2.29902096491951,1,2.6953344494061047
2021-07-15C,2.29902096491951,2.32560389129249,2.28371559711531,2.32399272918701,1,2.6953345565536275
2021-07-16A,2.32399272918701,2.32560389129249,2.28371559711531,2.3239928215726,1,2.7065457319390727
2021-07-16C,2.3239928215726,2.3465481316633,2.31835404206405,2.33365941047668,1,2.7093485286126553
2021-07-19A,2.33365941047668,2.3465481316633,2.31835404206405,2.33607606014041,1,2.699071543583764
2021-07-19C,2.33607606014041,2.34493697194072,2.32318733894034,2.32721495628357,1,2.6934656272332247
2021-07-20A,2.32721495628357,2.34493697194072,2.32318733894034,2.32238137845357,1,2.680386072695478
2021-07-20C,2.32238137845357,2.32238137845357,2.29821510117338,2.31110382080078,1,2.6841232230193213
2021-07-21A,2.31110382080078,2.32238137845357,2.29821510117338,2.31432609630815,1,2.6766492550323715
2021-07-21C,2.31432609630815,2.32640933172632,2.3022430529465,2.3078818321228,0,2.6766492550323715
2021-07-22A,2.3078818321228,2.32640933172632,2.3022430529465,2.30788191030205,0,2.6766492550323715
2021-07-22C,2.30788191030205,2.32802057266235,2.30304861597106,2.32802057266235,1,2.6803537629780294
2021-07-23A,2.32802057266235,2.32802057266235,2.30304861597106,2.33124257520634,1,2.6683134627188974
2021-07-23C,2.33124257520634,2.3465479423844,2.31352056099719,2.32077050209045,1,2.66738737611155
2021-07-26A,2.32077050209045,2.3465479423844,2.31352056099719,2.31996503657422,1,2.622930831515993
2021-07-26C,2.31996503657422,2.31996503657422,2.26196589145422,2.28129887580872,0,2.622930831515993
2021-07-27A,2.28129887580872,2.31996503657422,2.26196589145422,2.28129887284943,0,2.622930831515993
2021-07-27C,2.28129887284943,2.29740972513337,2.22893850689839,2.23377180099487,0,2.622930831515993
2021-07-28A,2.23377180099487,2.29740972513337,2.22893850689839,2.23457707338485,0,2.622930831515993
2021-07-28C,2.23457707338485,2.24827127731762,2.18624452113161,2.21282744407654,0,2.622930831515993
2021-07-29A,2.21282744407654,2.24827127731762,2.18624452113161,2.2216884710802,0,2.622930831515993
2021-07-29C,2.2216884710802,2.2377995147341,2.21121639833624,2.23054957389832,0,2.622930831515993
2021-07-30A,2.23054957389832,2.2377995147341,2.21121639833624,2.23055000708332,0,2.622930831515993
2021-07-30C,2.23055000708332,2.25793842170658,2.22007793230563,2.25552177429199,0,2.622930831515993
2021-08-02A,2.25552177429199,2.25793842170658,2.22007793230563,2.25471580287199,0,2.622930831515993
2021-08-02C,2.25471580287199,2.25471580287199,2.19107788281201,2.23699378967285,0,2.622930831515993
2021-08-03A,2.23699378967285,2.25471580287199,2.19107788281201,2.22732743435601,0,2.622930831515993
2021-08-03C,2.22732743435601,2.2313550512133,2.20154999506592,2.20557761192322,0,2.622930831515993
2021-08-04A,2.20557761192322,2.2313550512133,2.20154999506592,2.20638300159911,0,2.622930831515993
2021-08-04C,2.20638300159911,2.22652146737592,2.20638300159911,2.22491049766541,0,2.622930831515993
2021-08-05A,2.22491049766541,2.22652146737592,2.20638300159911,2.22410496494606,0,2.622930831515993
2021-08-05C,2.22410496494606,2.2361881988407,2.20960527632897,2.21524405479431,0,2.622930831515993
2021-08-06A,2.21524405479431,2.2361881988407,2.20960527632897,2.21524420893689,0,2.622930831515993
2021-08-06C,2.21524420893689,2.22571628168876,2.20316097420146,2.2241051197052,0,2.622930831515993
2021-08-09A,2.2241051197052,2.22571628168876,2.20316097420146,2.22410502000244,0,2.622930831515993
2021-08-09C,2.22410502000244,2.26518782420471,2.21685527154268,2.25632691383362,1,2.622931456504096
2021-08-10A,2.25632691383362,2.26518782420471,2.21685527154268,2.25632745146788,1,2.621994874357274
2021-08-10C,2.25632745146788,2.25793842170658,2.24021640468513,2.25552177429199,1,2.630422619288637
2021-08-11A,2.25552177429199,2.25793842170658,2.24021640468513,2.26277158335408,1,2.6763075508898146
2021-08-11C,2.26277158335408,2.3046598799994,2.26196609828214,2.30224323272705,1,2.675371143566705
2021-08-12A,2.30224323272705,2.3046598799994,2.26196609828214,2.30143770593997,1,2.705336634942712
2021-08-12C,2.30143770593997,2.332853735798,2.28854898473991,2.32721495628357,1,2.703463931613916
2021-08-13A,2.32721495628357,2.332853735798,2.28854898473991,2.32560399846813,1,2.7006546318979514
2021-08-13C,2.32560399846813,2.32882613077106,2.31110411502018,2.32318735122681,1,2.700654575289634
2021-08-16A,2.32318735122681,2.32882613077106,2.31110411502018,2.32318730253057,1,2.7081458922008466
2021-08-16C,2.32318730253057,2.34332577304412,2.3207706553399,2.32963156700134,1,2.706273266070495
2021-08-17A,2.32963156700134,2.34332577304412,2.3207706553399,2.32802067559441,1,2.6763075508898146
2021-08-17C,2.32802067559441,2.34252036717197,2.29740993818236,2.30224323272705,1,2.6763075193863766
2021-08-18A,2.30224323272705,2.34252036717197,2.29740993818236,2.30224320562681,1,2.6931630944386438
2021-08-18C,2.30224320562681,2.31996522139658,2.30143772056435,2.31674289703369,1,2.68660783343872
2021-08-19A,2.31674289703369,2.31996522139658,2.30143772056435,2.31110385705459,1,2.6837985340363217
2021-08-19C,2.31110385705459,2.31432598899786,2.29499300528173,2.30868721008301,1,2.6819258826521426
2021-08-20A,2.30868721008301,2.31432598899786,2.29499300528173,2.30707629695195,1,2.697845097483405
2021-08-20C,2.30707629695195,2.32238147207351,2.29499306179651,2.32077050209045,1,2.7100186379874724
2021-08-23A,2.32077050209045,2.32238147207351,2.29499306179651,2.33124256134033,1,2.7100186379874724
2021-08-23C,2.33124256134033,2.34413128141064,2.32721475229364,2.33124256134033,1,2.71844669835906
2021-08-24A,2.33124256134033,2.34413128141064,2.32721475229364,2.33849264175394,1,2.732492973208982
2021-08-24C,2.33849264175394,2.35782562698331,2.3360759945932,2.3505756855011,1,2.7324928841867044
2021-08-25A,2.3505756855011,2.35782562698331,2.3360759945932,2.35057560892136,1,2.764331314520014
2021-08-25C,2.35057560892136,2.37796401977539,2.34735347683086,2.37796401977539,1,2.7633952616095114
2021-08-26A,2.37796401977539,2.37796401977539,2.34735347683086,2.37715879786509,1,2.802725236131633
2021-08-26C,2.37715879786509,2.423074713392,2.37232550316614,2.41099166870117,1,2.8008522179213924
2021-08-27A,2.41099166870117,2.423074713392,2.37232550316614,2.40938044001489,1,2.8298815743979038
2021-08-27C,2.40938044001489,2.43676904520154,2.37635324724365,2.4343523979187,1,2.8336267181068937
2021-08-30A,2.4343523979187,2.43676904520154,2.37635324724365,2.43757408735299,1,2.8532915896217212
2021-08-30C,2.43757408735299,2.45690707004623,2.42871317696369,2.45449042320251,1,2.853291731959875
2021-08-31A,2.45449042320251,2.45690707004623,2.42871317696369,2.45449054564623,1,2.9216508296013566
2021-08-31C,2.45449054564623,2.51490633564003,2.44482414984564,2.51329517364502,1,2.9338243997380866
2021-09-01A,2.51329517364502,2.51490633564003,2.44482414984564,2.52376725838584,1,2.9169688265565954
2021-09-01C,2.52376725838584,2.55196134506445,2.48429580591489,2.50926756858826,1,2.91603279432758
2021-09-02A,2.50926756858826,2.55196134506445,2.48429580591489,2.50846236446882,1,2.990946858208899
2021-09-02C,2.50846236446882,2.5745169410679,2.5052400401028,2.57290577888489,1,2.990946570925803
2021-09-03A,2.57290577888489,2.5745169410679,2.5052400401028,2.57290553175501,1,2.9694087573025096
2021-09-03C,2.57290553175501,2.57451669378327,2.54793376868431,2.55437803268433,1,2.9787727350717033
2021-09-06A,2.55437803268433,2.57451669378327,2.54793376868431,2.56243321843582,1,2.9956283069408607
2021-09-06C,2.56243321843582,2.59062730291931,2.55679443995042,2.57693290710449,1,3.0012473186751847
2021-09-07A,2.57693290710449,2.59062730291931,2.55679443995042,2.58176655626251,1,3.071479361536192
2021-09-07C,2.58176655626251,2.65104326156237,2.58096107124122,2.64218235015869,1,3.072415438765656
2021-09-08A,2.64218235015869,2.65104326156237,2.58096107124122,2.64298759298892,1,3.10519044863385
2021-09-08C,2.64298759298892,2.68487588316151,2.63090455055083,2.67118167877197,1,3.1070635791905983
2021-09-09A,2.67118167877197,2.68487588316151,2.63090455055083,2.67279300410222,1,3.1997697925646373
2021-09-09C,2.67279300410222,2.75656939751186,2.65829312182238,2.7525417804718,1,3.2007060351585546
2021-09-10A,2.7525417804718,2.75656939751186,2.65829312182238,2.75334716555369,1,3.1407748358309355
2021-09-10C,2.75334716555369,2.75737497450409,2.697764669611,2.7017924785614,1,3.140774825772965
2021-09-13A,2.7017924785614,2.75737497450409,2.697764669611,2.70179246990922,1,3.2081975643390517
2021-09-13C,2.70179246990922,2.77751343419195,2.69776466097172,2.75979161262512,1,3.2081976035738182
2021-09-14A,2.75979161262512,2.77751343419195,2.69776466097172,2.75979164637609,1,3.1426475816175623
2021-09-14C,2.75979164637609,2.75979164637609,2.69857017893887,2.70340347290039,1,3.1417114913932536
2021-09-15A,2.70340347290039,2.75979164637609,2.69857017893887,2.70259821889159,1,3.1211100350239716
2021-09-15C,2.70259821889159,2.7179035870589,2.6663487031388,2.68487620353699,1,3.1445205278169754
2021-09-16A,2.68487620353699,2.7179035870589,2.6663487031388,2.70501463964071,1,3.1089362173635036
2021-09-16C,2.70501463964071,2.73965299035021,2.67037628893122,2.67440390586853,0,3.1089362173635036
2021-09-17A,2.67440390586853,2.73965299035021,2.67037628893122,2.67037621505301,0,3.1089362173635036
2021-09-17C,2.67037621505301,2.69615346208556,2.55760006308078,2.60271048545837,0,3.1089362173635036
2021-09-22A,2.60271048545837,2.69615346208556,2.55760006308078,2.58982164283987,0,3.1089362173635036
2021-09-22C,2.58982164283987,2.64943194389343,2.55759994153806,2.64943194389343,0,3.1089362173635036
2021-09-23A,2.64943194389343,2.64943194389343,2.55759994153806,2.68326515914844,1,3.0613360641159595
2021-09-23C,2.68326515914844,2.70259814405488,2.62365485027354,2.64218235015869,0,3.0613360641159595
2021-09-24A,2.64218235015869,2.70259814405488,2.62365485027354,2.63009915548568,0,3.0613360641159595
2021-09-24C,2.63009915548568,2.63171012543568,2.54551708730248,2.55035018920898,0,3.0613360641159595
2021-09-27A,2.55035018920898,2.63171012543568,2.54551708730248,2.55035001551989,0,3.0613360641159595
2021-09-27C,2.55035001551989,2.56484989642143,2.4722124086277,2.48187899589539,0,3.0613360641159595
2021-09-28A,2.48187899589539,2.56484989642143,2.4722124086277,2.48187934003045,0,3.0613360641159595
2021-09-28C,2.48187934003045,2.54873939908543,2.48107366294211,2.54471158981323,0,3.0613360641159595
2021-09-29A,2.54471158981323,2.54873939908543,2.48107366294211,2.54390582619282,0,3.0613360641159595
2021-09-29C,2.54390582619282,2.54471131113644,2.46254589313568,2.47704577445984,0,3.0613360641159595
2021-09-30A,2.47704577445984,2.54471131113644,2.46254589313568,2.47624034579429,0,3.0613360641159595
2021-09-30C,2.47624034579429,2.491545713597,2.4496574194239,2.48912906646728,0,3.0613360641159595
2021-10-08A,2.48912906646728,2.491545713597,2.4496574194239,2.51087862696778,0,3.0613360641159595
2021-10-08C,2.51087862696778,2.52376715423084,2.4609349116257,2.4810733795166,0,3.0613360641159595
2021-10-11A,2.4810733795166,2.52376715423084,2.4609349116257,2.4826845964211,0,3.0613360641159595
2021-10-11C,2.4826845964211,2.51732294633459,2.47382368571744,2.51571178436279,0,3.0613360641159595
2021-10-12A,2.51571178436279,2.51732294633459,2.47382368571744,2.51571217505969,0,3.0613360641159595
2021-10-12C,2.51571217505969,2.54793407510438,2.45207424416612,2.48349046707153,0,3.0613360641159595
2021-10-13A,2.48349046707153,2.54793407510438,2.45207424416612,2.48349037979897,0,3.0613360641159595
2021-10-13C,2.48349037979897,2.48510154196437,2.41904696608726,2.45126867294312,0,3.0613360641159595
2021-10-14A,2.45126867294312,2.48510154196437,2.41904696608726,2.43999079508212,0,3.0613360641159595
2021-10-14C,2.43999079508212,2.45449048444974,2.41743548799677,2.4375741481781,0,3.0613360641159595
2021-10-15A,2.4375741481781,2.45449048444974,2.41743548799677,2.43757450057907,0,3.0613360641159595
2021-10-15C,2.43757450057907,2.46174078105649,2.42146364692745,2.45529651641846,0,3.0613360641159595
2021-10-18A,2.45529651641846,2.46174078105649,2.42146364692745,2.4552964483687,0,3.0613360641159595
2021-10-18C,2.4552964483687,2.49718455146803,2.44401869747991,2.49476790428162,1,3.0613355943690026
2021-10-19A,2.49476790428162,2.49718455146803,2.44401869747991,2.49476752147176,1,3.0731974882760187
2021-10-19C,2.49476752147176,2.5165173428121,2.4730178921879,2.50443410873413,1,3.052439683435313
2021-10-20A,2.50443410873413,2.5165173428121,2.4730178921879,2.48751799622791,0,3.052439683435313
2021-10-20C,2.48751799622791,2.48751799622791,2.43918543969328,2.44482421875,0,3.052439683435313
2021-10-21A,2.44482421875,2.48751799622791,2.43918543969328,2.44160191346357,0,3.052439683435313
2021-10-21C,2.44160191346357,2.49799008857787,2.44079642846541,2.47543478012085,0,3.052439683435313
2021-10-22A,2.47543478012085,2.49799008857787,2.44079642846541,2.47060152006848,0,3.052439683435313
2021-10-22C,2.47060152006848,2.49235134382709,2.42146347748642,2.42549109458923,0,3.052439683435313
2021-10-25A,2.42549109458923,2.49235134382709,2.42146347748642,2.42710236382001,0,3.052439683435313
2021-10-25C,2.42710236382001,2.4327411432468,2.4005194367757,2.42468571662903,0,3.052439683435313
2021-10-26A,2.42468571662903,2.4327411432468,2.4005194367757,2.4246857460005,0,3.052439683435313
2021-10-26C,2.4246857460005,2.42710239322076,2.3972973335796,2.40374159812927,0,3.052439683435313
2021-10-27A,2.40374159812927,2.42710239322076,2.3972973335796,2.40051941918223,0,3.052439683435313
2021-10-27C,2.40051941918223,2.40051941918223,2.34332575617563,2.34654808044434,0,3.052439683435313
2021-10-28A,2.34654808044434,2.40051941918223,2.34332575617563,2.3360757422719,0,3.052439683435313
2021-10-28C,2.3360757422719,2.33688122721963,2.27807660079179,2.28452086448669,0,3.052439683435313
2021-10-29A,2.28452086448669,2.33688122721963,2.27807660079179,2.28452119768443,0,3.052439683435313
2021-10-29C,2.28452119768443,2.29338210957141,2.27163247635831,2.28774333000183,0,3.052439683435313
2021-11-01A,2.28774333000183,2.29338210957141,2.27163247635831,2.28613225069135,0,3.052439683435313
2021-11-01C,2.28613225069135,2.3014376185387,2.27002139781724,2.29499316215515,0,3.052439683435313
2021-11-02A,2.29499316215515,2.3014376185387,2.27002139781724,2.29579864370984,0,3.052439683435313
2021-11-02C,2.29579864370984,2.30143761505812,2.2297440702033,2.25391054153442,0,3.052439683435313
2021-11-03A,2.25391054153442,2.30143761505812,2.2297440702033,2.25391028819175,0,3.052439683435313
2021-11-03C,2.25391028819175,2.29177076892742,2.25229912626527,2.28693747520447,0,3.052439683435313
2021-11-04A,2.28693747520447,2.29177076892742,2.25229912626527,2.28532649285667,0,3.052439683435313
2021-11-04C,2.28532649285667,2.28613216991147,2.26438253850559,2.28129887580872,0,3.052439683435313
2021-11-05A,2.28129887580872,2.28613216991147,2.26438253850559,2.27485422091443,0,3.052439683435313
2021-11-05C,2.27485422091443,2.27485422091443,2.24827129772817,2.2498824596405,0,3.052439683435313
2021-11-08A,2.2498824596405,2.27485422091443,2.24827129772817,2.24988249580182,0,3.052439683435313
2021-11-08C,2.24988249580182,2.26116005319992,2.24343823216191,2.24746584892273,0,3.052439683435313
2021-11-09A,2.24746584892273,2.26116005319992,2.24343823216191,2.2474657300959,0,3.052439683435313
2021-11-09C,2.2474657300959,2.24988237684722,2.22813274814183,2.23618817329407,0,3.052439683435313
2021-11-10A,2.23618817329407,2.24988237684722,2.22813274814183,2.23135505886124,0,3.052439683435313
2021-11-10C,2.23135505886124,2.23216054382416,2.19591122375826,2.23054957389832,0,3.052439683435313
2021-11-11A,2.23054957389832,2.23216054382416,2.19591122375826,2.23135520630719,0,3.052439683435313
2021-11-11C,2.23135520630719,2.27163233796216,2.23135520630719,2.26841020584106,1,3.053523959069083
2021-11-12A,2.26841020584106,2.27163233796216,2.23135520630719,2.26921598160362,1,3.035096629777593
2021-11-12C,2.26921598160362,2.27082714389886,2.24666086180954,2.25552177429199,1,3.035096116111508
2021-11-15A,2.25552177429199,2.27082714389886,2.24666086180954,2.25552139256278,1,3.0394319119574154
2021-11-15C,2.25552139256278,2.25954920159092,2.24424383457437,2.25874352455139,1,3.0394321245994402
2021-11-16A,2.25874352455139,2.25954920159092,2.24424383457437,2.25874368257559,1,3.021004797137441
2021-11-16C,2.25874368257559,2.26841027127422,2.24343850654477,2.24504947662354,0,3.021004797137441
2021-11-17A,2.24504947662354,2.26841027127422,2.24343850654477,2.24504920204364,0,3.021004797137441
2021-11-17C,2.24504920204364,2.24907701086096,2.2369937764655,2.24746584892273,1,3.0220875160902367
2021-11-18A,2.24746584892273,2.24907701086096,2.2369937764655,2.2482713338636,1,3.021004797137441
2021-11-18C,2.2482713338636,2.26116005319992,2.24424371710277,2.24746584892273,1,3.01775700964317
2021-11-19A,2.24746584892273,2.26116005319992,2.24424371710277,2.24504966888725,1,3.0599861554915617
2021-11-19C,2.24504966888725,2.2837158349366,2.23618875652567,2.27646589279175,1,3.0621516753676885
2021-11-22A,2.27646589279175,2.2837158349366,2.23618875652567,2.27807692365518,1,3.058903259862183
2021-11-22C,2.27807692365518,2.28774332056751,2.27082698192853,2.27566027641296,1,3.058903240084994
2021-11-23A,2.27566027641296,2.28774332056751,2.27082698192853,2.27566026169979,1,3.0729796211314584
2021-11-23C,2.27566026169979,2.29579873251268,2.2716324523033,2.28613233566284,1,3.077310557653368
2021-11-24A,2.28613233566284,2.29579873251268,2.2716324523033,2.28935432059185,1,3.1076287560118248
2021-11-24C,2.28935432059185,2.31271511424092,2.28935432059185,2.31190943717957,1,3.107628870343304
2021-11-25A,2.31190943717957,2.31271511424092,2.28935432059185,2.31190952223607,1,3.0957181860012946
2021-11-25C,2.31190952223607,2.31996514080692,2.29015988985302,2.30304861068726,1,3.0859730776770586
2021-11-26A,2.30304861068726,2.31996514080692,2.29015988985302,2.29579877176826,1,3.061068730642789
2021-11-26C,2.29579877176826,2.29579877176826,2.27324365334312,2.27727127075195,1,3.0404953829814696
2021-11-29A,2.27727127075195,2.29579877176826,2.27324365334312,2.26196580142246,0,3.0404953829814696
2021-11-29C,2.26196580142246,2.26196580142246,2.23779952392709,2.2490770816803,0,3.0404953829814696
2021-11-30A,2.2490770816803,2.26196580142246,2.23779952392709,2.24907734431729,0,3.0404953829814696
2021-11-30C,2.24907734431729,2.27002149233701,2.24182740260511,2.25068831443787,0,3.0404953829814696
2021-12-01A,2.25068831443787,2.27002149233701,2.24182740260511,2.24988290624216,0,3.0404953829814696
2021-12-01C,2.24988290624216,2.27243821720956,2.24182747919449,2.27082705497742,1,3.0394169626017615
2021-12-02A,2.27082705497742,2.27243821720956,2.24182747919449,2.27002162498447,1,3.05667415515142
2021-12-02C,2.27002162498447,2.28854912684944,2.26438284511989,2.28291034698486,1,3.0566737820552676
2021-12-03A,2.28291034698486,2.28854912684944,2.26438284511989,2.28291006833394,1,3.090109411747326
2021-12-03C,2.28291006833394,2.31996506754097,2.26921567084118,2.3078818321228,1,3.090109156626439
2021-12-06A,2.3078818321228,2.31996506754097,2.26921567084118,2.30788164158299,1,3.081480690693014
2021-12-06C,2.30788164158299,2.33365908030921,2.29579840716242,2.30143737792969,1,3.103052204493617
2021-12-07A,2.30143737792969,2.33365908030921,2.29579840716242,2.31754829769277,1,3.113837915805362
2021-12-07C,2.31754829769277,2.32640920849237,2.29982628403706,2.325603723526,1,3.113837915805362
2021-12-08A,2.325603723526,2.32640920849237,2.29982628403706,2.325603723526,1,3.113837915805362
2021-12-08C,2.325603723526,2.32640920849237,2.30949287185954,2.325603723526,1,3.113838439383381
2021-12-09A,2.325603723526,2.32640920849237,2.30949287185954,2.32560411456594,1,3.125702646675727
2021-12-09C,2.32560411456594,2.34090929178303,2.31754868737823,2.33446502685547,1,3.117073801081607
2021-12-10A,2.33446502685547,2.34090929178303,2.31754868737823,2.32802047964845,1,3.1041308440399256
2021-12-10C,2.32802047964845,2.32802047964845,2.31190943517,2.31835389137268,1,3.104130670284821
2021-12-13A,2.31835389137268,2.32802047964845,2.31190943517,2.31835376160179,1,3.0944234530469235
2021-12-13C,2.31835376160179,2.32318705546913,2.30788168890806,2.31110382080078,1,3.090109515539266
2021-12-14A,2.31110382080078,2.32318705546913,2.30788168890806,2.30788190964094,1,3.053438145335379
2021-12-14C,2.30788190964094,2.30788190964094,2.28049349784851,2.28049349784851,0,3.053438145335379
2021-12-15A,2.28049349784851,2.30788190964094,2.28049349784851,2.27807689670798,0,3.053438145335379
2021-12-15C,2.27807689670798,2.29740988236049,2.27243811722836,2.2901599407196,0,3.053438145335379
2021-12-16A,2.2901599407196,2.29740988236049,2.27243811722836,2.29257650855413,0,3.053438145335379
2021-12-16C,2.29257650855413,2.32479821421149,2.29177102352965,2.32399272918701,1,3.0576713789180823
2021-12-17A,2.32399272918701,2.32479821421149,2.29177102352965,2.32721467232091,1,3.036503718637747
2021-12-17C,2.32721467232091,2.33446461312192,2.307076203949,2.31110382080078,1,3.012161233028905
2021-12-20A,2.31110382080078,2.33446461312192,2.307076203949,2.29257658793323,0,3.012161233028905
2021-12-20C,2.29257658793323,2.30385414689248,2.28693780845361,2.2901599407196,0,3.012161233028905
2021-12-21A,2.2901599407196,2.30385414689248,2.28693780845361,2.28935417719699,0,3.012161233028905
2021-12-21C,2.28935417719699,2.32399252697033,2.28774301523171,2.32157588005066,1,3.0121615582059222
2021-12-22A,2.32157588005066,2.32399252697033,2.28774301523171,2.32157613067573,1,3.006935869618231
2021-12-22C,2.32157613067573,2.3239927778563,2.30949308682944,2.31754851341248,1,3.0058906394388383
2021-12-23A,2.31754851341248,2.3239927778563,2.30949308682944,2.31674291869631,1,3.0163422661723343
2021-12-23C,2.31674291869631,2.32802066995881,2.31110413909333,2.3247983455658,1,3.016342066938037
2021-12-24A,2.3247983455658,2.32802066995881,2.31110413909333,2.3247981920091,1,3.0048453530465165
2021-12-24C,2.3247981920091,2.3256038690824,2.30868733933428,2.31593728065491,1,3.0038000325166445
2021-12-27A,2.31593728065491,2.3256038690824,2.30868733933428,2.31513161630253,1,3.012161233028905
2021-12-27C,2.31513161630253,2.33446459960342,2.31190929237196,2.32157588005066,1,3.012161437390378
2021-12-28A,2.32157588005066,2.33446459960342,2.31190929237196,2.32157603755905,1,2.99439369820655
2021-12-28C,2.32157603755905,2.32399268464268,2.29902092085382,2.3078818321228,0,2.99439369820655
2021-12-29A,2.3078818321228,2.32399268464268,2.29902092085382,2.30707656394155,0,2.99439369820655
2021-12-29C,2.30707656394155,2.30949321125231,2.29740997469852,2.29982662200928,0,2.99439369820655
2021-12-30A,2.29982662200928,2.30949321125231,2.29740997469852,2.29982641997138,0,2.99439369820655
2021-12-30C,2.29982641997138,2.30224306706984,2.29418764076048,2.29740977287292,0,2.99439369820655
2021-12-31A,2.29740977287292,2.30224306706984,2.29418764076048,2.29740991113901,0,2.99439369820655
2021-12-31C,2.29740991113901,2.31915954427759,2.29660442607655,2.31674289703369,1,3.0110522863363562
2022-01-04A,2.31674289703369,2.31915954427759,2.29660442607655,2.32963153814573,1,3.038122628468635
2022-01-04C,2.32963153814573,2.35379781769657,2.32882605311099,2.3505756855011,1,3.037081370535552
2022-01-05A,2.3505756855011,2.35379781769657,2.32882605311099,2.34977007102165,1,3.028751901289609
2022-01-05C,2.34977007102165,2.34977007102165,2.32882592482006,2.3433256149292,1,3.0245874730934834
2022-01-06A,2.3433256149292,2.34977007102165,2.32882592482006,2.34010362396343,1,3.0329169428415126
2022-01-06C,2.34010362396343,2.35299234486872,2.3320481974047,2.34654808044434,1,3.031875172579249
2022-01-07A,2.34654808044434,2.35299234486872,2.3320481974047,2.34574206957914,1,3.0495749519544884
2022-01-07C,2.34574206957914,2.37232499264621,2.34251993782542,2.35943627357483,1,3.04957514869364
2022-01-10A,2.35943627357483,2.37232499264621,2.34251993782542,2.35943642579063,1,3.0693573585441354
2022-01-10C,2.35943642579063,2.37554727765511,2.35299216186744,2.37474179267883,1,3.068316248167472
2022-01-11A,2.37474179267883,2.37554727765511,2.35299216186744,2.37393629236282,1,3.0912219777533725
2022-01-11C,2.37393629236282,2.40051921697308,2.36829751345234,2.39165830612183,1,3.0912221659366677
2022-01-12A,2.39165830612183,2.40051921697308,2.36829751345234,2.39165845171802,1,3.078728085723162
2022-01-12C,2.39165845171802,2.39407490677833,2.36668649552969,2.38199186325073,1,3.078727915884443
2022-01-13A,2.38199186325073,2.39407490677833,2.36668649552969,2.38199173184762,1,3.077686825335192
2022-01-13C,2.38199173184762,2.40051923068351,2.38038056983978,2.38118624687195,1,3.0766459482974327
2022-01-14A,2.38118624687195,2.40051923068351,2.38038056983978,2.38038092708873,1,3.030834730221936
2022-01-14C,2.38038092708873,2.38038092708873,2.34252043875915,2.34493708610535,0,3.030834730221936
2022-01-17A,2.34493708610535,2.38038092708873,2.34252043875915,2.34493691387942,0,3.030834730221936
2022-01-17C,2.34493691387942,2.36485844290474,2.33912647615967,2.34742712974548,0,3.030834730221936
2022-01-18A,2.34742712974548,2.36485844290474,2.33912647615967,2.34742727280189,0,3.030834730221936
2022-01-18C,2.34742727280189,2.37896967918896,2.34244684076625,2.3723292350769,1,3.0308343637422555
2022-01-19A,2.3723292350769,2.37896967918896,2.34244684076625,2.37232894822178,1,3.048862377060487
2022-01-19C,2.37232894822178,2.40138113507812,2.37232894822178,2.38644003868103,1,3.045681080402306
2022-01-20A,2.38644003868103,2.40138113507812,2.37232894822178,2.38394993818416,1,3.0340159542412315
2022-01-20C,2.38394993818416,2.39889123320657,2.36651862522788,2.37481927871704,1,3.03401617446711
2022-01-21A,2.37481927871704,2.39889123320657,2.36651862522788,2.37481945109473,1,3.0308347302219354
2022-01-21C,2.37481945109473,2.37896967918896,2.35821814291138,2.3723292350769,1,3.028713526289488
2022-01-24A,2.3723292350769,2.37896967918896,2.35821814291138,2.37066890234667,0,3.028713526289488
2022-01-24C,2.37066890234667,2.37149910624509,2.34493693536582,2.36070823669434,0,3.028713526289488
2022-01-25A,2.36070823669434,2.37149910624509,2.34493693536582,2.35821787906157,0,3.028713526289488
2022-01-25C,2.35821787906157,2.35821787906157,2.29430267159398,2.2951328754425,0,3.028713526289488
2022-01-26A,2.2951328754425,2.35821787906157,2.29430267159398,2.29513286636482,0,3.028713526289488
2022-01-26C,2.29513286636482,2.3092439568957,2.28185178177599,2.30177330970764,0,3.028713526289488
2022-01-27A,2.30177330970764,2.3092439568957,2.28185178177599,2.30177318988768,0,3.028713526289488
2022-01-27C,2.30177318988768,2.31256405818543,2.28600189039048,2.2868320941925,0,3.028713526289488
2022-01-28A,2.2868320941925,2.31256405818543,2.28600189039048,2.28766206820383,0,3.028713526289488
2022-01-28C,2.28766206820383,2.29679272667344,2.26192990666641,2.28019142150879,0,3.028713526289488
2022-02-07A,2.28019142150879,2.29679272667344,2.26192990666641,2.28517221170844,0,3.028713526289488
2022-02-07C,2.28517221170844,2.33414612901038,2.28517221170844,2.32916569709778,1,3.040586653395206
2022-02-08A,2.32916569709778,2.33414612901038,2.28517221170844,2.33829646503997,1,3.101031396204957
2022-02-08C,2.33829646503997,2.38810058856394,2.33663645292787,2.38478016853333,1,3.1010309487001826
2022-02-09A,2.38478016853333,2.38810058856394,2.33663645292787,2.3847798243896,1,3.10750721616343
2022-02-09C,2.3847798243896,2.40553155602187,2.38394981845332,2.3897602558136,1,3.106428236683368
2022-02-10A,2.3897602558136,2.40553155602187,2.38394981845332,2.38893049031382,1,3.151761856146806
2022-02-10C,2.38893049031382,2.42545332792707,2.36651874455335,2.42379331588745,1,3.150682082794675
2022-02-11A,2.42379331588745,2.42545332792707,2.36651874455335,2.42296293987777,1,3.154999766126049
2022-02-11C,2.42296293987777,2.4528453314038,2.41466228655961,2.42628335952759,1,3.153920310367503
2022-02-14A,2.42628335952759,2.4528453314038,2.41466228655961,2.42545322775629,1,3.1053488161944975
2022-02-14C,2.42545322775629,2.42545322775629,2.3822897500576,2.38810038566589,1,3.104269463665007
2022-02-15A,2.38810038566589,2.42545322775629,2.3822897500576,2.38727033328063,1,3.084840916231201
2022-02-15C,2.38727033328063,2.38810053722204,2.36402858098523,2.3723292350769,0,3.084840916231201
2022-02-16A,2.3723292350769,2.38810053722204,2.36402858098523,2.37232897490051,0,3.084840916231201
2022-02-16C,2.37232897490051,2.40055115613639,2.37232897490051,2.39640092849731,1,3.083772615249925
2022-02-17A,2.39640092849731,2.40055115613639,2.37232897490051,2.39557103887481,1,3.0698817349905787
2022-02-17C,2.39557103887481,2.39557103887481,2.3748195021511,2.38478016853333,1,3.0656074088469474
2022-02-18A,2.38478016853333,2.39557103887481,2.3748195021511,2.38145973826887,0,3.0656074088469474
2022-02-18C,2.38145973826887,2.43043365355332,2.37481929459442,2.4287736415863,1,3.061416200477117
2022-02-21A,2.4287736415863,2.43043365355332,2.37481929459442,2.4254530936304,1,3.0928475490687375
2022-02-21C,2.4254530936304,2.45118525679081,2.41383221886282,2.450355052948,1,3.075036704682341
2022-02-22A,2.450355052948,2.45118525679081,2.41383221886282,2.43624414322902,1,3.081323024825936
2022-02-22C,2.43624414322902,2.44371479094958,2.41549260787617,2.44122457504272,1,3.0781797714224823
2022-02-23A,2.44122457504272,2.44371479094958,2.41549260787617,2.43873428519246,1,3.0488439447006983
2022-02-23C,2.43873428519246,2.43873428519246,2.3997212336733,2.41549253463745,1,3.0446529209864686
2022-02-24A,2.41549253463745,2.43873428519246,2.3997212336733,2.41217213297773,0,3.0446529209864686
2022-02-24C,2.41217213297773,2.41549255271317,2.37066886531665,2.39474081993103,0,3.0446529209864686
2022-02-25A,2.39474081993103,2.41549255271317,2.37066886531665,2.39391079681892,0,3.0446529209864686
2022-02-25C,2.39391079681892,2.41549253542889,2.36236819488029,2.37813949584961,0,3.0446529209864686
2022-02-28A,2.37813949584961,2.41549253542889,2.36236819488029,2.37813945623513,0,3.0446529209864686
2022-02-28C,2.37813945623513,2.38810031939786,2.35655771798466,2.38561010360718,0,3.0446529209864686
2022-03-01A,2.38561010360718,2.38810031939786,2.35655771798466,2.38893046938699,0,3.0446529209864686
2022-03-01C,2.38893046938699,2.41632264683277,2.38561024743363,2.4105122089386,1,3.0467496017928193
2022-03-02A,2.4105122089386,2.41632264683277,2.38561024743363,2.41217219279,1,3.079251205147443
2022-03-02C,2.41217219279,2.44122457982473,2.41134218678715,2.43790435791016,1,3.081347709161161
2022-03-03A,2.43790435791016,2.44122457982473,2.41134218678715,2.43956420179132,1,3.115946026498693
2022-03-03C,2.43956420179132,2.47276701235848,2.43956420179132,2.46695637702942,1,3.1117524837298842
2022-03-04A,2.46695637702942,2.47276701235848,2.43956420179132,2.46363626590173,1,3.105461834846918
2022-03-04C,2.46363626590173,2.47940756699583,2.43541408345149,2.458655834198,1,3.119091164534617
2022-03-07A,2.458655834198,2.47940756699583,2.43541408345149,2.4694464453003,1,3.084492849263219
2022-03-07C,2.4694464453003,2.48023731356201,2.43126340343629,2.442054271698,1,3.0782028860571096
2022-03-08A,2.442054271698,2.48023731356201,2.43126340343629,2.43707438285826,1,2.997473305703294
2022-03-08C,2.43707438285826,2.43707438285826,2.36651872623727,2.37315917015076,0,2.997473305703294
2022-03-09A,2.37315917015076,2.43707438285826,2.36651872623727,2.37398870673904,0,2.997473305703294
2022-03-09C,2.37398870673904,2.3947404361959,2.27853110746316,2.32584500312805,0,2.997473305703294
2022-03-10A,2.32584500312805,2.3947404361959,2.27853110746316,2.33995626289404,0,2.997473305703294
2022-03-10C,2.33995626289404,2.38477974847685,2.32667517882053,2.36402821540833,0,2.997473305703294
2022-03-11A,2.36402821540833,2.38477974847685,2.32667517882053,2.35904803869797,0,2.997473305703294
2022-03-11C,2.35904803869797,2.38394999980918,2.31671456627669,2.38062977790833,0,2.997473305703294
2022-03-14A,2.38062977790833,2.38394999980918,2.31671456627669,2.37564924061564,0,2.997473305703294
2022-03-14C,2.37564924061564,2.40470162624025,2.34576684902847,2.34825706481934,0,2.997473305703294
2022-03-15A,2.34825706481934,2.40470162624025,2.34576684902847,2.34161657626961,0,2.997473305703294
2022-03-15C,2.34161657626961,2.34161657626961,2.21295615519492,2.21710658073425,0,2.997473305703294
2022-03-16A,2.21710658073425,2.34161657626961,2.21295615519492,2.2195966844685,0,2.997473305703294
2022-03-16C,2.2195966844685,2.27272082253009,2.15817169574714,2.26608037948608,0,2.997473305703294
2022-03-17A,2.26608037948608,2.27272082253009,2.15817169574714,2.28434204134724,0,2.997473305703294
2022-03-17C,2.28434204134724,2.31754465450495,2.27355117228066,2.2909824848175,0,2.997473305703294
2022-03-18A,2.2909824848175,2.31754465450495,2.27355117228066,2.29098242830058,0,2.997473305703294
2022-03-18C,2.29098242830058,2.35406743132462,2.28434198499413,2.34908699989319,1,2.9964143170807103
2022-03-21A,2.34908699989319,2.35406743132462,2.28434198499413,2.34825708210823,1,3.01759785517558
2022-03-21C,2.34825708210823,2.37398904826569,2.3416166385525,2.36485838890076,1,3.0154794828710187
2022-03-22A,2.36485838890076,2.37398904826569,2.3416166385525,2.36319824372712,1,3.068438582085028
2022-03-22C,2.36319824372712,2.41466237535348,2.35323757812095,2.40470170974731,1,3.066320081520055
2022-03-23A,2.40470170974731,2.41466237535348,2.35323757812095,2.40304146405739,1,3.064201626673088
2022-03-23C,2.40304146405739,2.41300232741834,2.37564928771797,2.40138125419617,1,3.057846593955503
2022-03-24A,2.40138125419617,2.41300232741834,2.37564928771797,2.39640088465881,1,3.071615918361503
2022-03-24C,2.39640088465881,2.41549240641693,2.38893023756132,2.40719175338745,1,3.070556778396623
2022-03-25A,2.40719175338745,2.41549240641693,2.38893023756132,2.40636171699719,1,3.072675233270987
2022-03-25C,2.40636171699719,2.43126367781842,2.39806106339012,2.40802192687988,1,3.0716160412985913
2022-03-28A,2.40802192687988,2.43126367781842,2.39806106339012,2.4071918497319,1,3.12139733036148
2022-03-28C,2.4071918497319,2.44952512250562,2.3822896917436,2.44620490074158,1,3.1182199247035074
2022-03-29A,2.44620490074158,2.44952512250562,2.3822896917436,2.44371480272792,1,3.140462564924269
2022-03-29C,2.44371480272792,2.46280632617035,2.42877370511798,2.46114611625671,1,3.1266929764178446
2022-03-30A,2.46114611625671,2.46280632617035,2.42877370511798,2.45035504055546,1,3.1489358672961867
2022-03-30C,2.45035504055546,2.47359698787625,2.44039437562071,2.46778655052185,1,3.147876648094012
2022-03-31A,2.46778655052185,2.47359698787625,2.44039437562071,2.46695645203419,1,3.1902439769242465
2022-03-31C,2.46695645203419,2.52174100207922,2.46695645203419,2.50015926361084,1,3.1838888308369904
2022-04-01A,2.50015926361084,2.52174100207922,2.46695645203419,2.49517880522691,1,3.225196805547381
2022-04-01C,2.49517880522691,2.53087163433351,2.48355793014643,2.5275514125824,1,3.223078299648584
2022-04-06A,2.5275514125824,2.53087163433351,2.48355793014643,2.52589116271242,1,3.2728595877283784
2022-04-06C,2.52589116271242,2.56988464445096,2.51593029971381,2.56490421295166,1,3.2569721515843906
2022-04-07A,2.56490421295166,2.56988464445096,2.51593029971381,2.55245340325255,1,3.224137490637897
2022-04-07C,2.55245340325255,2.56490428444468,2.51925078953597,2.52672123908997,1,3.219900671722594
2022-04-08A,2.52672123908997,2.56490428444468,2.51925078953597,2.52340089050975,1,3.2612086448540034
2022-04-08C,2.52340089050975,2.55660350255806,2.49849893147352,2.55577349662781,1,3.258030926537725
2022-04-11A,2.55577349662781,2.55660350255806,2.49849893147352,2.55328315358726,1,3.1987169750701683
2022-04-11C,2.55328315358726,2.55328315358726,2.5001590165402,2.5067994594574,1,3.195539864731979
2022-04-12A,2.5067994594574,2.55328315358726,2.5001590165402,2.50430959288262,1,3.188125651331273
2022-04-12C,2.50430959288262,2.52672133823037,2.47774742170586,2.49849915504456,0,3.188125651331273
2022-04-13A,2.49849915504456,2.52672133823037,2.47774742170586,2.49102835323214,0,3.188125651331273
2022-04-13C,2.49102835323214,2.54747291401604,2.48770813151619,2.51759052276611,1,3.193381572825313
2022-04-14A,2.51759052276611,2.54747291401604,2.48770813151619,2.52174100476994,1,3.2469898910484547
2022-04-14C,2.52174100476994,2.57154492533326,2.51593036925801,2.56407427787781,1,3.2375295457695676
2022-04-15A,2.56407427787781,2.57154492533326,2.51593036925801,2.55660365776399,1,3.2123021163719883
2022-04-15C,2.55660365776399,2.58980627182796,2.52755146940962,2.53668212890625,1,3.195483686797619
2022-04-18A,2.53668212890625,2.58980627182796,2.52755146940962,2.52340099649964,0,3.195483686797619
2022-04-18C,2.52340099649964,2.52672121826329,2.47442708230039,2.48355793952942,0,3.195483686797619
2022-04-19A,2.48355793952942,2.52672121826329,2.47442708230039,2.47857753752565,0,3.195483686797619
2022-04-19C,2.47857753752565,2.5225710206531,2.46363624255604,2.52008080482483,1,3.1786429373164027
2022-04-20A,2.52008080482483,2.5225710206531,2.46363624255604,2.50679954487604,0,3.1786429373164027
2022-04-20C,2.50679954487604,2.51177997618523,2.43375368078204,2.44786477088928,0,3.1786429373164027
2022-04-21A,2.44786477088928,2.51177997618523,2.43375368078204,2.43956419704107,0,3.1786429373164027
2022-04-21C,2.43956419704107,2.45699570718794,2.3905904819893,2.40304136276245,0,3.1786429373164027
2022-04-22A,2.40304136276245,2.45699570718794,2.3905904819893,2.39557085949349,0,3.1786429373164027
2022-04-22C,2.39557085949349,2.43292389986365,2.37232910843876,2.42794346809387,0,3.1786429373164027
2022-04-25A,2.42794346809387,2.43292389986365,2.37232910843876,2.40636138294989,0,3.1786429373164027
2022-04-25C,2.40636138294989,2.40636138294989,2.3241848642765,2.3250150680542,0,3.1786429373164027
2022-04-26A,2.3250150680542,2.40636138294989,2.3241848642765,2.32501495736871,0,3.1786429373164027
2022-04-26C,2.32501495736871,2.34742669813939,2.2851717087406,2.29264235496521,0,3.1786429373164027
2022-04-27A,2.29264235496521,2.34742669813939,2.2851717087406,2.29513284949568,0,3.1786429373164027
2022-04-27C,2.29513284949568,2.32335503035002,2.27023069238517,2.32252502441406,0,3.1786429373164027
2022-04-28A,2.32252502441406,2.32335503035002,2.27023069238517,2.32086498037543,0,3.1786429373164027
2022-04-28C,2.32086498037543,2.36485846457368,2.31422453660721,2.36070823669434,0,3.1786429373164027
2022-04-29A,2.36070823669434,2.36485846457368,2.31422453660721,2.3607081390375,0,3.1786429373164027
2022-04-29C,2.3607081390375,2.39557076423327,2.33414596925704,2.38893032073975,0,3.1786429373164027
2022-05-05A,2.38893032073975,2.39557076423327,2.33414596925704,2.38810049678559,1,3.1675944847523883
2022-05-05C,2.38810049678559,2.39557094680936,2.36319833702903,2.37979984283447,0,3.1675944847523883
2022-05-06A,2.37979984283447,2.39557094680936,2.36319833702903,2.34825685510353,0,3.1675944847523883
2022-05-06C,2.34825685510353,2.35323728624047,2.31007381359122,2.31754446029663,0,3.1675944847523883
2022-05-09A,2.31754446029663,2.35323728624047,2.31007381359122,2.3142242069272,0,3.1675944847523883
2022-05-09C,2.3142242069272,2.3142242069272,2.29181226712003,2.31090378761292,0,3.1675944847523883
2022-05-10A,2.31090378761292,2.3142242069272,2.29181226712003,2.31090409222783,0,3.1675944847523883
2022-05-10C,2.31090409222783,2.3142245119798,2.26276038066258,2.31339430809021,0,3.1675944847523883
2022-05-11A,2.31339430809021,2.3142245119798,2.26276038066258,2.31256420547564,0,3.1675944847523883
2022-05-11C,2.31256420547564,2.33082572173567,2.30592376205555,2.31173419952393,0,3.1675944847523883
2022-05-12A,2.31173419952393,2.33082572173567,2.30592376205555,2.31173417262506,0,3.1675944847523883
2022-05-12C,2.31173417262506,2.32003482575518,2.28268178771805,2.30177330970764,0,3.1675944847523883
2022-05-13A,2.30177330970764,2.32003482575518,2.28268178771805,2.30177343607191,0,3.1675944847523883
2022-05-13C,2.30177343607191,2.34825713573311,2.30177343607191,2.34742712974548,1,3.198956707939673
2022-05-16A,2.34742712974548,2.34825713573311,2.30177343607191,2.37066890956084,1,3.2168780706882973
2022-05-16C,2.37066890956084,2.38976043283157,2.3482571643959,2.38394999504089,1,3.21575789629585
2022-05-17A,2.38394999504089,2.38976043283157,2.3482571643959,2.38311986107913,1,3.2056770802194317
2022-05-17C,2.38311986107913,2.38976030451099,2.35406747578256,2.37564921379089,1,3.2045573918589056
2022-05-18A,2.37564921379089,2.38976030451099,2.35406747578256,2.37481944001555,1,3.1743152077215697
2022-05-18C,2.37481944001555,2.37481944001555,2.34659705791297,2.35240769386292,1,3.1474327443634356
2022-05-19A,2.35240769386292,2.37481944001555,2.34659705791297,2.33248575495785,0,3.1474327443634356
2022-05-19C,2.33248575495785,2.35489749908447,2.32335509569597,2.35489749908447,1,3.14743288390274
2022-05-20A,2.35489749908447,2.35489749908447,2.32335509569597,2.35489760348726,1,3.1907004183236753
2022-05-20C,2.35489760348726,2.39059063196425,2.35406759749116,2.38727021217346,1,3.1984663931920823
2022-05-23A,2.38727021217346,2.39059063196425,2.35406759749116,2.39308068575016,1,3.195138365424114
2022-05-23C,2.39308068575016,2.40553176539387,2.3839500259469,2.39059066772461,1,3.1951379485843563
2022-05-24A,2.39059066772461,2.40553176539387,2.3839500259469,2.39059035584665,1,3.146323177923881
2022-05-24C,2.39059035584665,2.39640079295462,2.35240731379158,2.35406732559204,0,3.146323177923881
2022-05-25A,2.35406732559204,2.39640079295462,2.35240731379158,2.35157732557531,0,3.146323177923881
2022-05-25C,2.35157732557531,2.37979970570545,2.34244666612616,2.37813949584961,1,3.148519711465194
2022-05-26A,2.37813949584961,2.37979970570545,2.34244666612616,2.37979973952871,1,3.1902509044788263
2022-05-26C,2.37979973952871,2.41549256975944,2.37315909791416,2.41134214401245,1,3.191349111861393
2022-05-27A,2.41134214401245,2.41549256975944,2.37315909791416,2.41217222096368,1,3.189152884802696
2022-05-27C,2.41217222096368,2.41964286878613,2.40304156111615,2.4105122089386,1,3.189152721822528
2022-05-30A,2.4105122089386,2.41964286878613,2.40304156111615,2.4105120857505,1,3.173778085878786
2022-05-30C,2.4105120857505,2.41964274513141,2.38893034730181,2.39889121055603,1,3.1715815909619476
2022-05-31A,2.39889121055603,2.41964274513141,2.38893034730181,2.39723099607113,1,3.178170795447832
2022-05-31C,2.39723099607113,2.40470164349733,2.38644012686768,2.4022114276886,1,3.173778027486467
2022-06-01A,2.4022114276886,2.40470164349733,2.38644012686768,2.39889116642036,1,3.1880545496943102
2022-06-01C,2.39889116642036,2.41134204735587,2.38810029739455,2.40968203544617,1,3.1869562796675193
2022-06-02A,2.40968203544617,2.41134204735587,2.38810029739455,2.40885191114548,1,3.168287041201354
2022-06-02C,2.40885191114548,2.40885191114548,2.38145973469885,2.39474081993103,1,3.1660906461737564
2022-06-06A,2.39474081993103,2.40885191114548,2.38145973469885,2.39308068094713,1,3.167189021525224
2022-06-06C,2.39308068094713,2.39557089687088,2.37315915146037,2.39391088485718,1,3.167188775825041
2022-06-07A,2.39391088485718,2.39557089687088,2.37315915146037,2.39391069914539,1,3.1836615246930093
2022-06-07C,2.39391069914539,2.41715244875973,2.38394983622314,2.40636157989502,1,3.1891528475540425
2022-06-08A,2.40636157989502,2.41715244875973,2.38394983622314,2.41051218078431,1,3.225393211895692
2022-06-08C,2.41051218078431,2.438734363913,2.39723109522281,2.43790435791016,1,3.2231968039718226
2022-06-09A,2.43790435791016,2.438734363913,2.39723109522281,2.43624420917865,1,3.2330806113576402
2022-06-09C,2.43624420917865,2.46446659091924,2.42877375915906,2.44371485710144,1,3.227589228443132
2022-06-10A,2.44371485710144,2.46446659091924,2.42877375915906,2.4395642108209,1,3.2550441592028574
2022-06-10C,2.4395642108209,2.46695638616038,2.42296290442747,2.46031594276428,1,3.2440625171324844
2022-06-13A,2.46031594276428,2.46695638616038,2.42296290442747,2.452015499593,1,3.206724038511122
2022-06-13C,2.452015499593,2.452015499593,2.40802201409186,2.42379331588745,1,3.1902508904871096
2022-06-14A,2.42379331588745,2.452015499593,2.40802201409186,2.41134213343685,0,3.1902508904871096
2022-06-14C,2.41134213343685,2.45699582693758,2.40470168975461,2.45533561706543,1,3.1870150959181553
2022-06-15A,2.45533561706543,2.45699582693758,2.40470168975461,2.45284522934127,1,3.1934862379830267
2022-06-15C,2.45284522934127,2.49102827259666,2.44288456451584,2.45782566070557,1,3.192407985118617
2022-06-16A,2.45782566070557,2.49102827259666,2.44288456451584,2.45699579723932,1,3.1427962359290977
2022-06-16C,2.45699579723932,2.46944667846881,2.41051209831596,2.41881275177002,0,3.1427962359290977
2022-06-17A,2.41881275177002,2.46944667846881,2.41051209831596,2.40719205294393,0,3.1427962359290977
2022-06-17C,2.40719205294393,2.4188129290507,2.39474097289868,2.41300249099731,0,3.1427962359290977
2022-06-20A,2.41300249099731,2.4188129290507,2.39474097289868,2.40885191114548,0,3.1427962359290977
2022-06-20C,2.40885191114548,2.40885191114548,2.38644016639881,2.39474081993103,0,3.1427962359290977
2022-06-21A,2.39474081993103,2.40885191114548,2.38644016639881,2.39474071414991,0,3.1427962359290977
2022-06-21C,2.39474071414991,2.41134202048103,2.38893027672434,2.39972114562988,0,3.1427962359290977
2022-06-22A,2.39972114562988,2.41134202048103,2.38893027672434,2.39889134048103,0,3.1427962359290977
2022-06-22C,2.39889134048103,2.40221156244453,2.36568852713641,2.36983895301819,0,3.1427962359290977
2022-06-23A,2.36983895301819,2.40221156244453,2.36568852713641,2.36817851824505,0,3.1427962359290977
2022-06-23C,2.36817851824505,2.39308047746187,2.35738764946078,2.3897602558136,0,3.1427962359290977
2022-06-24A,2.3897602558136,2.39308047746187,2.35738764946078,2.39059045514205,0,3.1427962359290977
2022-06-24C,2.39059045514205,2.40055112006807,2.38228960418226,2.39308047294617,0,3.1427962359290977
2022-06-27A,2.39308047294617,2.40055112006807,2.38228960418226,2.39308059215531,0,3.1427962359290977
2022-06-27C,2.39308059215531,2.41964276242091,2.39059057422715,2.41549253463745,1,3.1427961605459016
2022-06-28A,2.41549253463745,2.41964276242091,2.39059057422715,2.41549247669938,1,3.1697959722694895
2022-06-28C,2.41549247669938,2.43624401092529,2.41217205706844,2.43624401092529,1,3.1687160865229713
2022-06-29A,2.43624401092529,2.43624401092529,2.41217205706844,2.43541403158105,1,3.182756081469677
2022-06-29C,2.43541403158105,2.46529642326381,2.432093809817,2.44620490074158,1,3.182756018208396
2022-06-30A,2.44620490074158,2.46529642326381,2.432093809817,2.44620485212018,1,3.201115951814147
2022-06-30C,2.44620485212018,2.46695638616038,2.43873420487218,2.46031594276428,1,3.1989558082655285
2022-07-01A,2.46031594276428,2.46695638616038,2.43873420487218,2.45865569812106,1,3.2065160231647476
2022-07-01C,2.45865569812106,2.47027677075432,2.43707415843799,2.46446633338928,1,3.203276124198827
2022-07-04A,2.46446633338928,2.47027677075432,2.43707415843799,2.46197620957034,1,3.212995922661682
2022-07-04C,2.46197620957034,2.47442709070212,2.45450556214937,2.46944665908813,1,3.2183959426988293
2022-07-05A,2.46944665908813,2.47442709070212,2.45450556214937,2.4735970102746,1,3.2281159983608436
2022-07-05C,2.4735970102746,2.49351853822768,2.46695636902146,2.4810676574707,1,3.211915974898735
2022-07-06A,2.4810676574707,2.49351853822768,2.46695636902146,2.46861663207926,1,3.1568361732756185
2022-07-06C,2.46861663207926,2.46944663804012,2.41134206481298,2.42628335952759,0,3.1568361732756185
2022-07-07A,2.42628335952759,2.46944663804012,2.41134206481298,2.42545311166058,0,3.1568361732756185
2022-07-07C,2.42545311166058,2.44371462779051,2.41632245254721,2.43707418441772,0,3.1568361732756185
2022-07-08A,2.43707418441772,2.44371462779051,2.41632245254721,2.44703471163221,1,3.141844479098496
2022-07-08C,2.44703471163221,2.45284514873188,2.4320936159335,2.43541383743286,0,3.141844479098496
2022-07-11A,2.43541383743286,2.45284514873188,2.4320936159335,2.43292402116651,0,3.141844479098496
2022-07-11C,2.43292402116651,2.43292402116651,2.4038716329964,2.41300249099731,0,3.141844479098496
2022-07-12A,2.41300249099731,2.43292402116651,2.4038716329964,2.41300233581277,0,3.141844479098496
2022-07-12C,2.41300233581277,2.44371473407828,2.41300233581277,2.43209385871887,0,3.141844479098496
2022-07-13A,2.43209385871887,2.44371473407828,2.41300233581277,2.43209372150734,0,3.141844479098496
2022-07-13C,2.43209372150734,2.43707415292416,2.41881263703022,2.43043351173401,0,3.141844479098496
2022-07-14A,2.43043351173401,2.43707415292416,2.41881263703022,2.43043384584391,0,3.141844479098496
2022-07-14C,2.43043384584391,2.43043384584391,2.39889143903992,2.40553188323975,0,3.141844479098496
2022-07-15A,2.40553188323975,2.43043384584391,2.39889143903992,2.40553185144359,0,3.141844479098496
2022-07-15C,2.40553185144359,2.41549271551488,2.3714992290387,2.3723292350769,0,3.141844479098496
2022-07-18A,2.3723292350769,2.41549271551488,2.3714992290387,2.37315912373636,0,3.141844479098496
2022-07-18C,2.37315912373636,2.42130303382874,2.37315912373636,2.42130303382874,1,3.141844163986903
2022-07-19A,2.42130303382874,2.42130303382874,2.37315912373636,2.42130279098392,1,3.146152430911017
2022-07-19C,2.42130279098392,2.42960344383252,2.41134192840433,2.42462301254272,1,3.1450756921130503
2022-07-20A,2.42462301254272,2.42960344383252,2.41134192840433,2.42379320987887,1,3.15153822143916
2022-07-20C,2.42379320987887,2.43624409124426,2.42379320987887,2.4287736415863,1,3.1504605561207346
2022-07-21A,2.4287736415863,2.43624409124426,2.42379320987887,2.42794312488749,1,3.10414611097872
2022-07-21C,2.42794312488749,2.42794312488749,2.39059028770059,2.39225029945374,0,3.10414611097872
2022-07-22A,2.39225029945374,2.42794312488749,2.39059028770059,2.39059057501043,0,3.10414611097872
2022-07-22C,2.39059057501043,2.39557080877157,2.36568841668878,2.37813949584961,0,3.10414611097872
2022-07-25A,2.37813949584961,2.39557080877157,2.36568841668878,2.37979966606331,0,3.10414611097872
2022-07-25C,2.37979966606331,2.39474076290423,2.37813945623513,2.38561010360718,0,3.10414611097872
2022-07-26A,2.38561010360718,2.39474076290423,2.37813945623513,2.38561000261051,0,3.10414611097872
2022-07-26C,2.38561000261051,2.42462305184093,2.37564913986948,2.41715240478516,1,3.098816321821693
2022-07-27A,2.41715240478516,2.42462305184093,2.37564913986948,2.41300217724518,1,3.10414611097872
2022-07-27C,2.41300217724518,2.42545305776829,2.40138110474625,2.41715240478516,1,3.110542186834066
2022-07-28A,2.41715240478516,2.42545305776829,2.40138110474625,2.42213293391691,1,3.1158722303566813
2022-07-28C,2.42213293391691,2.43126359319594,2.41549249042366,2.42628335952759,1,3.1180041529705016
2022-07-29A,2.42628335952759,2.43126359319594,2.41549249042366,2.42794345595623,1,3.092420603962719
2022-07-29C,2.42794345595623,2.43292388770111,2.40387150112475,2.40802192687988,0,3.092420603962719
2022-08-01A,2.40802192687988,2.43292388770111,2.40387150112475,2.40802175034393,0,3.092420603962719
2022-08-01C,2.40802175034393,2.41881261903235,2.38561000703818,2.41383218765259,1,3.0839135203829096
2022-08-02A,2.41383218765259,2.41881261903235,2.38561000703818,2.40719186448902,0,3.0839135203829096
2022-08-02C,2.40719186448902,2.40802187045932,2.34659687688362,2.36153817176819,0,3.0839135203829096
2022-08-03A,2.36153817176819,2.40802187045932,2.34659687688362,2.35987791300908,0,3.0839135203829096
2022-08-03C,2.35987791300908,2.38644008254006,2.33414594733438,2.33829617500305,0,3.0839135203829096
2022-08-04A,2.33829617500305,2.38644008254006,2.33414594733438,2.34078666501923,0,3.0839135203829096
2022-08-04C,2.34078666501923,2.34825731318195,2.32086513448852,2.34161686897278,0,3.0839135203829096
2022-08-05A,2.34161686897278,2.34825731318195,2.32086513448852,2.3416168640078,0,3.0839135203829096
2022-08-05C,2.3416168640078,2.34825730820289,2.32418535166508,2.34493708610535,0,3.0839135203829096
2022-08-08A,2.34493708610535,2.34825730820289,2.32418535166508,2.34576692725616,0,3.0839135203829096
2022-08-08C,2.34576692725616,2.37481931384962,2.34161669940177,2.37066888809204,0,3.0839135203829096
2022-08-09A,2.37066888809204,2.37481931384962,2.34161669940177,2.3706688746474,0,3.0839135203829096
2022-08-09C,2.3706688746474,2.39059060152568,2.36319822706804,2.38810038566589,1,3.0828413945318047
2022-08-10A,2.38810038566589,2.39059060152568,2.36319822706804,2.38727015999919,1,3.066762739983957
2022-08-10C,2.38727015999919,2.39059057971741,2.36734863120584,2.37481927871704,1,3.073194099199847
2022-08-11A,2.37481927871704,2.39059057971741,2.36734863120584,2.37979955177668,1,3.095704316292772
2022-08-11C,2.37979955177668,2.39806086949381,2.37647913227977,2.39723086357117,1,3.0957044188192624
2022-08-12A,2.39723086357117,2.39806086949381,2.37647913227977,2.39723094296495,1,3.124646200487409
2022-08-12C,2.39723094296495,2.42213290259744,2.39723094296495,2.41964268684387,1,3.1225023686221407
2022-08-15A,2.41964268684387,2.42213290259744,2.39723094296495,2.417982560621,1,3.1396528639363916
2022-08-15C,2.417982560621,2.44371452498701,2.41549234498517,2.43126344680786,1,3.139653029224419
2022-08-16A,2.43126344680786,2.44371452498701,2.41549234498517,2.4312635748025,1,3.150372217142927
2022-08-16C,2.4312635748025,2.44537486344948,2.42545313731406,2.43956422805786,1,3.148228579198231
2022-08-17A,2.43956422805786,2.44537486344948,2.42545313731406,2.43790425200191,1,3.1546601431570447
2022-08-17C,2.43790425200191,2.4486951211829,2.42794338878771,2.44288468360901,1,3.1525164442979836
2022-08-18A,2.44288468360901,2.4486951211829,2.42794338878771,2.4412246603826,1,3.1289341265015267
2022-08-18C,2.4412246603826,2.45201553038845,2.42047292640111,2.42296314239502,1,3.1321498840215813
2022-08-19A,2.42296314239502,2.45201553038845,2.42047292640111,2.4254533392579,1,3.1557322016320293
2022-08-19C,2.4254533392579,2.4603161649944,2.4254533392579,2.44371485710144,1,3.156803928520363
2022-08-22A,2.44371485710144,2.4603161649944,2.4254533392579,2.44454477382201,1,3.183602027351682
2022-08-22C,2.44454477382201,2.46861672875837,2.44205455793872,2.46529650688171,1,3.1825300426089367
2022-08-23A,2.46529650688171,2.46861672875837,2.44205455793872,2.46446639048556,1,3.194321072672382
2022-08-23C,2.46446639048556,2.48438791875626,2.44703488008341,2.47359704971313,1,3.195392874829966
2022-08-24A,2.47359704971313,2.48438791875626,2.44703488008341,2.4744270247202,1,3.1471566574896293
2022-08-24C,2.4744270247202,2.48023746214719,2.43541397462294,2.43707418441772,0,3.1471566574896293
2022-08-25A,2.43707418441772,2.48023746214719,2.43541397462294,2.44288460008657,1,3.209179969439625
2022-08-25C,2.44288460008657,2.49268851864841,2.44288460008657,2.49102830886841,1,3.2081107454207305
2022-08-26A,2.49102830886841,2.49268851864841,2.44288460008657,2.49019835625592,1,3.186723360847871
2022-08-26C,2.49019835625592,2.49600879375558,2.46944662412585,2.47359704971313,1,3.1856539610887937
2022-08-29A,2.47359704971313,2.49600879375558,2.46944662412585,2.47276696068767,1,3.2102494780170985
2022-08-29C,2.47276696068767,2.49600870990552,2.43873414488602,2.49185848236084,1,3.208110790840984
2022-08-30A,2.49185848236084,2.49600870990552,2.43873414488602,2.49019839151201,1,3.1813764322675406
2022-08-30C,2.49019839151201,2.49683883506186,2.45616577198842,2.46944665908813,1,3.1803072947908473
2022-08-31A,2.46944665908813,2.49683883506186,2.45616577198842,2.46861677365139,1,3.1621280422547087
2022-08-31C,2.46861677365139,2.47359720550855,2.44537502218892,2.45450568199158,0,3.1621280422547087
2022-09-01A,2.45450568199158,2.47359720550855,2.44537502218892,2.45284524286395,0,3.1621280422547087
2022-09-01C,2.45284524286395,2.50596958050512,2.44869501530627,2.47774720191956,1,3.1621282292231436
2022-09-02A,2.47774720191956,2.50596958050512,2.44869501530627,2.47774734842233,1,3.15577240047267
2022-09-02C,2.47774734842233,2.48272778010857,2.46446646112995,2.47276711463928,1,3.1674249456293
2022-09-05A,2.47276711463928,2.48272778010857,2.46446646112995,2.48189769403748,1,3.2129765235072845
2022-09-05C,2.48189769403748,2.51925073257568,2.47276703484282,2.51759052276611,1,3.218273636432327
2022-09-06A,2.51759052276611,2.51925073257568,2.47276703484282,2.52174117908138,1,3.2648844812384716
2022-09-06C,2.52174117908138,2.56158423912486,2.51676074710015,2.5582640171051,1,3.2638248741917155
2022-09-07A,2.5582640171051,2.56158423912486,2.51676074710015,2.55743374130344,1,3.2564092779544547
2022-09-07C,2.55743374130344,2.56158396891455,2.53751201547996,2.55162310600281,1,3.254290854913085
2022-09-08A,2.55162310600281,2.56158396891455,2.53751201547996,2.54996317424385,1,3.246875511009014
2022-09-08C,2.54996317424385,2.55992403746858,2.52589122005288,2.54415273666382,1,3.2489941634061994
2022-09-09A,2.54415273666382,2.55992403746858,2.52589122005288,2.54581284813901,1,3.292427218413384
2022-09-09C,2.54581284813901,2.58316588878904,2.54581284813901,2.57984566688538,1,3.291367849247111
2022-09-13A,2.57984566688538,2.58316588878904,2.54581284813901,2.57901557747962,1,3.2680623021294912
2022-09-13C,2.57901557747962,2.58316580524918,2.55411341924947,2.56075406074524,1,3.251112644644651
2022-09-14A,2.56075406074524,2.58316580524918,2.55411341924947,2.54747282549943,1,3.2405192606821958
2022-09-14C,2.54747282549943,2.56656434708176,2.5358519509458,2.53917217254639,1,3.255349982338745
2022-09-15A,2.53917217254639,2.56656434708176,2.5358519509458,2.55079307422903,1,3.253231457063436
2022-09-15C,2.55079307422903,2.57818524905573,2.51925067183325,2.54913306236267,1,3.2468753730864113
2022-09-16A,2.54913306236267,2.57818524905573,2.51925067183325,2.54415262859187,1,3.1578907448850906
2022-09-16C,2.54415262859187,2.54664284429227,2.46861654745378,2.47442698478699,0,3.1578907448850906
2022-09-19A,2.47442698478699,2.54664284429227,2.46861654745378,2.46861654745378,0,3.1578907448850906
2022-09-19C,2.46861654745378,2.48853807515381,2.45201524138655,2.47442698478699,0,3.1578907448850906
2022-09-20A,2.47442698478699,2.48853807515381,2.45201524138655,2.48272781063197,0,3.1578907448850906
2022-09-20C,2.48272781063197,2.49185866813672,2.46778671329276,2.47193694114685,0,3.1578907448850906
2022-09-21A,2.47193694114685,2.49185866813672,2.46778671329276,2.46778683085504,0,3.1578907448850906
2022-09-21C,2.46778683085504,2.50181945291203,2.45699596085586,2.49434900283813,0,3.1578907448850906
2022-09-22A,2.49434900283813,2.50181945291203,2.45699596085586,2.48687810353553,0,3.1578907448850906
2022-09-22C,2.48687810353553,2.50928984729866,2.48189767205412,2.50430941581726,0,3.1578907448850906
2022-09-23A,2.50430941581726,2.50928984729866,2.48189767205412,2.50181942688385,0,3.1578907448850906
2022-09-23C,2.50181942688385,2.52008094467014,2.47774747114356,2.48438811302185,0,3.1578907448850906
2022-09-26A,2.48438811302185,2.52008094467014,2.47774747114356,2.47691740099795,0,3.1578907448850906
2022-09-26C,2.47691740099795,2.4877082706055,2.43873435437172,2.44454479217529,0,3.1578907448850906
2022-09-27A,2.44454479217529,2.4877082706055,2.43873435437172,2.44454457636849,0,3.1578907448850906
2022-09-27C,2.44454457636849,2.45948587046139,2.41217197040372,2.45782566070557,0,3.1578907448850906
2022-09-28A,2.45782566070557,2.45948587046139,2.41217197040372,2.45782571379871,0,3.1578907448850906
2022-09-28C,2.45782571379871,2.46114593547891,2.43458396413415,2.44039440155029,0,3.1578907448850906
2022-09-29A,2.44039440155029,2.46114593547891,2.43458396413415,2.44786488592406,0,3.1578907448850906
2022-09-29C,2.44786488592406,2.46778661209701,2.42462313592653,2.43624401092529,0,3.1578907448850906
2022-09-30A,2.43624401092529,2.46778661209701,2.42462313592653,2.43624399364977,0,3.1578907448850906
2022-09-30C,2.43624399364977,2.47027681035178,2.43375377789581,2.45699572563171,0,3.1578907448850906
2022-10-10A,2.45699572563171,2.47027681035178,2.43375377789581,2.45782589433264,0,3.1578907448850906
2022-10-10C,2.45782589433264,2.50181937906043,2.45699588832742,2.46114611625671,0,3.1578907448850906
2022-10-11A,2.46114611625671,2.50181937906043,2.45699588832742,2.46114574911166,0,3.1578907448850906
2022-10-11C,2.46114574911166,2.46612618020641,2.4320935642309,2.45284509658813,0,3.1578907448850906
2022-10-12A,2.45284509658813,2.46612618020641,2.4320935642309,2.45201543806461,0,3.1578907448850906
2022-10-12C,2.45201543806461,2.48272783696212,2.42877368686752,2.48189783096313,1,3.1536662901531582
2022-10-13A,2.48189783096313,2.48272783696212,2.42877368686752,2.47857768283794,1,3.109307899021839
2022-10-13C,2.47857768283794,2.47857768283794,2.42794355523217,2.44371485710144,0,3.109307899021839
2022-10-14A,2.44371485710144,2.47857768283794,2.42794355523217,2.44703488463552,0,3.109307899021839
2022-10-14C,2.44703488463552,2.47940749182513,2.44703488463552,2.47027683258057,1,3.1093079489811437
2022-10-17A,2.47027683258057,2.47940749182513,2.44703488463552,2.47027687227214,1,3.0999047344029
2022-10-17C,2.47027687227214,2.47027687227214,2.42794340129686,2.462806224823,1,3.097815092275427
2022-10-18A,2.462806224823,2.47027687227214,2.42794340129686,2.46114605004986,1,3.094680687371354
2022-10-18C,2.46114605004986,2.47276712332631,2.44869516869372,2.458655834198,0,3.094680687371354
2022-10-19A,2.458655834198,2.47276712332631,2.44869516869372,2.45782580250628,0,3.094680687371354
2022-10-19C,2.45782580250628,2.47359710343541,2.4486951430804,2.45616579055786,0,3.094680687371354
2022-10-20A,2.45616579055786,2.47359710343541,2.4486951430804,2.45284546029523,0,3.094680687371354
2022-10-20C,2.45284546029523,2.45284546029523,2.4279434990322,2.43458414077759,0,3.094680687371354
2022-10-21A,2.43458414077759,2.45284546029523,2.4279434990322,2.43458385882787,0,3.094680687371354
2022-10-21C,2.43458385882787,2.45865561339548,2.43458385882787,2.44537472724915,0,3.094680687371354
2022-10-24A,2.44537472724915,2.45865561339548,2.43458385882787,2.4445447006307,0,3.094680687371354
2022-10-24C,2.4445447006307,2.45118534208838,2.38976034864493,2.4022114276886,0,3.094680687371354
2022-10-25A,2.4022114276886,2.45118534208838,2.38976034864493,2.40304138464816,0,3.094680687371354
2022-10-25C,2.40304138464816,2.40719181021247,2.3623681244726,2.37896943092346,0,3.094680687371354
2022-10-26A,2.37896943092346,2.40719181021247,2.3623681244726,2.37813947391541,0,3.094680687371354
2022-10-26C,2.37813947391541,2.3905905529614,2.35738774147317,2.36485838890076,0,3.094680687371354
2022-10-27A,2.36485838890076,2.3905905529614,2.35738774147317,2.36568828018242,0,3.094680687371354
2022-10-27C,2.36568828018242,2.38810022137868,2.36485827425399,2.37647914886475,0,3.094680687371354
2022-10-28A,2.37647914886475,2.38810022137868,2.36485827425399,2.37398893634769,0,3.094680687371354
2022-10-28C,2.37398893634769,2.37398893634769,2.32667523400986,2.33580589294434,0,3.094680687371354
2022-10-31A,2.33580589294434,2.37398893634769,2.32667523400986,2.33580577402004,0,3.094680687371354
2022-10-31C,2.33580577402004,2.33663597781049,2.27272077481375,2.28019142150879,0,3.094680687371354
2022-11-01A,2.28019142150879,2.33663597781049,2.27272077481375,2.28102144618295,0,3.094680687371354
2022-11-01C,2.28102144618295,2.29679274559021,2.26192992529605,2.29679274559021,0,3.094680687371354
2022-11-02A,2.29679274559021,2.29679274559021,2.26192992529605,2.296793192531,0,3.094680687371354
2022-11-02C,2.296793192531,2.32916580353913,2.28351210612485,2.32418537139893,0,3.094680687371354
2022-11-03A,2.32418537139893,2.32916580353913,2.28351210612485,2.31505438519267,0,3.094680687371354
2022-11-03C,2.31505438519267,2.32003481663179,2.3001130908753,2.30841374397278,0,3.094680687371354
2022-11-04A,2.30841374397278,2.32003481663179,2.3001130908753,2.30841381006871,0,3.094680687371354
2022-11-04C,2.30841381006871,2.36070814377365,2.30841381006871,2.34825706481934,1,3.0946806644022966
2022-11-07A,2.34825706481934,2.36070814377365,2.30841381006871,2.34825704739032,1,3.122028600721181
2022-11-07C,2.34825704739032,2.3781394387557,2.34327661584556,2.36900877952576,1,3.122028600721181
2022-11-08A,2.36900877952576,2.3781394387557,2.34327661584556,2.36900877952576,1,3.122028600721181
2022-11-08C,2.36900877952576,2.37564922298331,2.36070812625222,2.36900877952576,1,3.122028734247965
2022-11-09A,2.36900877952576,2.37564922298331,2.36070812625222,2.36900888084646,1,3.1198408053575446
2022-11-09C,2.36900888084646,2.39059061986133,2.36651866496758,2.36734867095947,1,3.1143711941678993
2022-11-10A,2.36734867095947,2.39059061986133,2.36651866496758,2.36319830637733,1,3.127498246231742
2022-11-10C,2.36319830637733,2.3822898300076,2.33746633883357,2.37315917015076,1,3.17016052467617
2022-11-11A,2.37315917015076,2.3822898300076,2.33746633883357,2.40553149120063,1,3.195320530910177
2022-11-11C,2.40553149120063,2.43873410259502,2.39640083243812,2.42462301254272,1,3.227044304010692
2022-11-14A,2.42462301254272,2.43873410259502,2.39640083243812,2.44869514851785,1,3.1832878135117157
2022-11-14C,2.44869514851785,2.46695646741016,2.40719188116735,2.41549253463745,1,3.1832879813313992
2022-11-15A,2.41549253463745,2.46695646741016,2.40719188116735,2.41549266197975,1,3.19422710453284
2022-11-15C,2.41549266197975,2.42628353185008,2.39723114422152,2.42379331588745,1,3.1942271575826178
2022-11-16A,2.42379331588745,2.42628353185008,2.39723114422152,2.42379335614185,1,3.1843818682950196
2022-11-16C,2.42379335614185,2.42628357214584,2.4130024860923,2.41632270812988,1,3.1832877907656147
2022-11-17A,2.41632270812988,2.42628357214584,2.4130024860923,2.41549251737761,1,3.161409545672451
2022-11-17C,2.41549251737761,2.41549251737761,2.3839499156747,2.39889121055603,1,3.161409604362866
2022-11-18A,2.39889121055603,2.41549251737761,2.3839499156747,2.39889125509057,1,3.1471887187073713
2022-11-18C,2.39889125509057,2.3997212610761,2.38311995394632,2.38810038566589,0,3.1471887187073713
2022-11-21A,2.38810038566589,2.3997212610761,2.38311995394632,2.38062964072982,0,3.1471887187073713
2022-11-21C,2.38062964072982,2.38311985648777,2.35655768700512,2.37896943092346,0,3.1471887187073713
2022-11-22A,2.37896943092346,2.38311985648777,2.35655768700512,2.37896951884886,0,3.1471887187073713
2022-11-22C,2.37896951884886,2.41134212699546,2.3781395128666,2.39474081993103,1,3.146097946171082
2022-11-23A,2.39474081993103,2.41134212699546,2.3781395128666,2.39391083553817,1,3.164642862226156
2022-11-23C,2.39391083553817,2.4204728083389,2.39059061367598,2.40802192687988,1,3.1777335419435504
2022-11-24A,2.40802192687988,2.4204728083389,2.39059061367598,2.41798281193693,1,3.1820970057449527
2022-11-24C,2.41798281193693,2.42379324972339,2.40470172646651,2.42130303382874,1,3.1810059363472067
2022-11-25A,2.42130303382874,2.42379324972339,2.40470172646651,2.42047282354976,1,3.235550144022146
2022-11-25C,2.42047282354976,2.4652965116322,2.41798280556486,2.46197628974915,1,3.213732356687726
2022-11-28A,2.46197628974915,2.4652965116322,2.41798280556486,2.44537482393309,1,3.2159139583982492
2022-11-28C,2.44537482393309,2.45367547705432,2.42213287645174,2.44703483581543,1,3.256276406512377
2022-11-29A,2.44703483581543,2.45367547705432,2.42213287645174,2.47774719873053,1,3.3097295489806196
2022-11-29C,2.47774719873053,2.52008066760281,2.46529631817034,2.51842045783997,1,3.303184460000006
2022-11-30A,2.51842045783997,2.52008066760281,2.46529631817034,2.51344020620816,1,3.287911947915054
2022-11-30C,2.51344020620816,2.54249239257427,2.49351848081063,2.50181913375854,1,3.314093636878252
2022-12-01A,2.50181913375854,2.54249239257427,2.49351848081063,2.52174115461551,1,3.2650039524603955
2022-12-01C,2.52174115461551,2.52672138864523,2.48189789705539,2.48438811302185,1,3.265003655696847
2022-12-02A,2.48438811302185,2.52672138864523,2.48189789705539,2.48438788721023,1,3.24209501701057
2022-12-02C,2.48438788721023,2.48438788721023,2.45284528643755,2.46695637702942,1,3.2540949082958637
2022-12-05A,2.46695637702942,2.48438788721023,2.45284528643755,2.47608726559826,1,3.2999119261662537
2022-12-05C,2.47608726559826,2.51842053791334,2.47608726559826,2.51095008850098,1,3.2966392282228196
2022-12-06A,2.51095008850098,2.51842053791334,2.47608726559826,2.5084598459204,1,3.286821240194225
2022-12-06C,2.5084598459204,2.50928985186775,2.48936832380904,2.50098919868469,1,3.2791849912348066
2022-12-07A,2.50098919868469,2.50928985186775,2.48936832380904,2.49517866784948,1,3.2704578043962687
2022-12-07C,2.49517866784948,2.50513933255441,2.47774715828531,2.48853802680969,1,3.2693671259498553
2022-12-08A,2.48853802680969,2.50513933255441,2.47774715828531,2.48770811401116,1,3.2868212401942247
2022-12-08C,2.48770811401116,2.5084598459204,2.48106767062598,2.50098919868469,1,3.2846391468985354
2022-12-09A,2.50098919868469,2.5084598459204,2.48106767062598,2.49932881274818,1,3.294457134235212
2022-12-09C,2.49932881274818,2.51094988470802,2.49019815426124,2.5067994594574,1,3.2813668624967973
2022-12-12A,2.5067994594574,2.51094988470802,2.49019815426124,2.49683888483738,1,3.2268229155968844
2022-12-12C,2.49683888483738,2.49932910069401,2.45450561108095,2.45533561706543,0,3.2268229155968844
2022-12-13A,2.45533561706543,2.49932910069401,2.45450561108095,2.45533550217766,0,3.2268229155968844
2022-12-13C,2.45533550217766,2.47525722809859,2.45118527454626,2.46695637702942,0,3.2268229155968844
2022-12-14A,2.46695637702942,2.47525722809859,2.45118527454626,2.46695652362213,0,3.2268229155968844
2022-12-14C,2.46695652362213,2.46861673351526,2.45699585797296,2.46197628974915,0,3.2268229155968844
2022-12-15A,2.46197628974915,2.46861673351526,2.45699585797296,2.46031596942908,0,3.2268229155968844
2022-12-15C,2.46031596942908,2.46114597538679,2.42628335032466,2.43292379379272,0,3.2268229155968844
2022-12-16A,2.43292379379272,2.46114597538679,2.42628335032466,2.42877371936107,0,3.2268229155968844
2022-12-16C,2.42877371936107,2.46363634662311,2.42379328749415,2.45118546485901,0,3.2268229155968844
2022-12-19A,2.45118546485901,2.46363634662311,2.42379328749415,2.4511853596118,0,3.2268229155968844
2022-12-19C,2.4511853596118,2.46031601904031,2.40553166666289,2.41881275177002,0,3.2268229155968844
2022-12-20A,2.41881275177002,2.46031601904031,2.40553166666289,2.4188128510461,0,3.2268229155968844
2022-12-20C,2.4188128510461,2.41964285705461,2.3781395880809,2.39059066772461,0,3.2268229155968844
2022-12-21A,2.39059066772461,2.41964285705461,2.3781395880809,2.39225046701146,0,3.2268229155968844
2022-12-21C,2.39225046701146,2.40636155741738,2.38228960418226,2.39308047294617,0,3.2268229155968844
2022-12-22A,2.39308047294617,2.40636155741738,2.38228960418226,2.39889123320657,0,3.2268229155968844
2022-12-22C,2.39889123320657,2.41217212046668,2.36734863120584,2.37481927871704,0,3.2268229155968844
2022-12-23A,2.37481927871704,2.41217212046668,2.36734863120584,2.37398918584295,0,3.2268229155968844
2022-12-23C,2.37398918584295,2.38145983370348,2.35987809404186,2.36651873588562,0,3.2268229155968844
2022-12-26A,2.36651873588562,2.38145983370348,2.35987809404186,2.36651867446733,0,3.2268229155968844
2022-12-26C,2.36651867446733,2.37066890234667,2.35904802680068,2.36070823669434,0,3.2268229155968844
2022-12-27A,2.36070823669434,2.37066890234667,2.35904802680068,2.36236825587371,0,3.2268229155968844
2022-12-27C,2.36236825587371,2.38810042083606,2.36236825587371,2.38394999504089,0,3.2268229155968844
2022-12-28A,2.38394999504089,2.38810042083606,2.36236825587371,2.38394988916801,0,3.2268229155968844
2022-12-28C,2.38394988916801,2.3930805484474,2.369008792356,2.38893032073975,0,3.2268229155968844
2022-12-29A,2.38893032073975,2.3930805484474,2.369008792356,2.38727013328034,0,3.2268229155968844
2022-12-29C,2.38727013328034,2.38727013328034,2.35821794534502,2.36485838890076,0,3.2268229155968844
2022-12-30A,2.36485838890076,2.38727013328034,2.35821794534502,2.36568828018242,0,3.2268229155968844
2022-12-30C,2.36568828018242,2.37813935862479,2.36236805856552,2.37647914886475,0,3.2268229155968844
2023-01-03A,2.37647914886475,2.37813935862479,2.36236805856552,2.37730954651069,0,3.2268229155968844
2023-01-03C,2.37730954651069,2.39308064995255,2.36900889284011,2.38727021217346,1,3.226822897257953
2023-01-04A,2.38727021217346,2.39308064995255,2.36900889284011,2.38727019860594,1,3.250384704093906
2023-01-04C,2.38727019860594,2.41134215348476,2.38145976085988,2.40470170974731,1,3.253750574310033
2023-01-05A,2.40470170974731,2.41134215348476,2.38145976085988,2.40719185002311,1,3.2559943775086
2023-01-05C,2.40719185002311,2.413832293552,2.40055120859103,2.40885186195374,1,3.2559944797680878
2023-01-06A,2.40885186195374,2.413832293552,2.40055120859103,2.40885193760742,1,3.2503847040939053
2023-01-06C,2.40885193760742,2.41051214749338,2.40055128398402,2.40470170974731,1,3.2548723862858306
2023-01-09A,2.40470170974731,2.41051214749338,2.40055128398402,2.40802178968312,1,3.2526283156474833
2023-01-09C,2.40802178968312,2.41300222114425,2.39889113060651,2.40636157989502,1,3.2537504543244102
2023-01-10A,2.40636157989502,2.41300222114425,2.39889113060651,2.40719176125527,1,3.2346765228305214
2023-01-10C,2.40719176125527,2.41051198289728,2.38893024536945,2.39308047294617,0,3.2346765228305214
2023-01-11A,2.39308047294617,2.41051198289728,2.38893024536945,2.39308062695143,0,3.2346765228305214
2023-01-11C,2.39308062695143,2.41632257574757,2.39142061497518,2.41134214401245,1,3.234676582884964
2023-01-12A,2.41134214401245,2.41632257574757,2.39142061497518,2.41134218878101,1,3.220201253105409
2023-01-12C,2.41134218878101,2.41217219478454,2.39225066537741,2.40055131912231,1,3.2213147815536076
2023-01-13A,2.40055131912231,2.41217219478454,2.39225066537741,2.40138141698735,1,3.236903782626489
2023-01-13C,2.40138141698735,2.41549270700636,2.40138141698735,2.41300249099731,1,3.296521144881128
2023-01-16A,2.41300249099731,2.41549270700636,2.40138141698735,2.45744522185612,1,3.2591140147533166
2023-01-16C,2.45744522185612,2.45744522185612,2.41387353858612,2.42955946922302,1,3.259114009791027
2023-01-17A,2.42955946922302,2.45744522185612,2.41387353858612,2.4295594655238,1,3.2497620182435525
2023-01-17C,2.4295594655238,2.43304515862686,2.41910217844846,2.42258787155151,1,3.2497622545781577
2023-01-18A,2.42258787155151,2.43304515862686,2.41910217844846,2.42258804773098,1,3.2532692168252066
2023-01-18C,2.42258804773098,2.43217375640304,2.42258804773098,2.42520236968994,1,3.254437944657764
2023-01-19A,2.42520236968994,2.43217375640304,2.42258804773098,2.42607361683247,1,3.2602829743389448
2023-01-19C,2.42607361683247,2.4313022604826,2.41823085912346,2.43043088912964,1,3.2614521002455183
2023-01-20A,2.43043088912964,2.4313022604826,2.41823085912346,2.43130243302291,1,3.2930144823859373
2023-01-20C,2.43130243302291,2.45570270253304,2.43130243302291,2.45483112335205,1,3.3117176164346835
2023-01-30A,2.45483112335205,2.45570270253304,2.43130243302291,2.46877367836135,1,3.274310489366408
2023-01-30C,2.46877367836135,2.48271665742058,2.4400163489786,2.44088792800903,1,3.274311091889616
2023-01-31A,2.44088792800903,2.48271665742058,2.4400163489786,2.44088837716974,1,3.2836628057009585
2023-01-31C,2.44088837716974,2.44873113552374,2.43653110451423,2.44785976409912,1,3.2836627871641695
2023-02-01A,2.44785976409912,2.44873113552374,2.43653110451423,2.44785975028057,1,3.2883386440434546
2023-02-01C,2.44785975028057,2.45308839433119,2.43653109075963,2.45134544372559,1,3.288338625532985
2023-02-02A,2.45134544372559,2.45308839433119,2.43653109075963,2.45134542992666,1,3.2930144823859377
2023-02-02C,2.45134542992666,2.46005976737324,2.44175972106528,2.45483112335205,1,3.2906765955826676
2023-02-03A,2.45483112335205,2.46005976737324,2.44175972106528,2.45308830766805,1,3.271972890019952
2023-02-03C,2.45308830766805,2.45395967905697,2.42781666749366,2.43914532661438,0,3.271972890019952
2023-02-06A,2.43914532661438,2.45395967905697,2.42781666749366,2.43304514511154,0,3.271972890019952
2023-02-06C,2.43304514511154,2.43304514511154,2.41997353633997,2.42607355117798,0,3.271972890019952
2023-02-07A,2.42607355117798,2.43304514511154,2.41997353633997,2.42607349311089,0,3.271972890019952
2023-02-07C,2.42607349311089,2.44175942326134,2.42607349311089,2.43565940856934,0,3.271972890019952
2023-02-08A,2.43565940856934,2.44175942326134,2.42607349311089,2.4374022267753,0,3.271972890019952
2023-02-08C,2.4374022267753,2.44175949898539,2.42781651878575,2.42955946922302,0,3.271972890019952
2023-02-09A,2.42955946922302,2.44175949898539,2.42781651878575,2.42781677778898,0,3.271972890019952
2023-02-09C,2.42781677778898,2.44001680885286,2.42345950511405,2.43740248680115,0,3.271972890019952
2023-02-10A,2.43740248680115,2.44001680885286,2.42345950511405,2.43827424195679,1,3.2743115144846824
2023-02-10C,2.43827424195679,2.44437425792895,2.43304559747603,2.44001698493958,1,3.27431096276612
2023-02-13A,2.44001698493958,2.44437425792895,2.43304559747603,2.4400165737989,1,3.280158080554619
2023-02-13C,2.4400165737989,2.44524521739864,2.42868791525484,2.44437384605408,1,3.2789888411358135
2023-02-14A,2.44437384605408,2.44524521739864,2.42868791525484,2.44350252882335,1,3.3000381328632415
2023-02-14C,2.44350252882335,2.46005983274166,2.44350252882335,2.45918846130371,1,3.300038082380553
2023-02-15A,2.45918846130371,2.46005983274166,2.44350252882335,2.45918842368401,1,3.2848359093008437
2023-02-15C,2.45918842368401,2.46005979510864,2.44437407063443,2.44785976409912,1,3.2848356863765718
2023-02-16A,2.44785976409912,2.46005979510864,2.44437407063443,2.44785959797595,1,3.267294611395812
2023-02-16C,2.44785959797595,2.46354532138565,2.42258795848116,2.43478798866272,0,3.267294611395812
2023-02-17A,2.43478798866272,2.46354532138565,2.42258795848116,2.43914532661438,0,3.267294611395812
2023-02-17C,2.43914532661438,2.45221672851294,2.43217373220445,2.43914532661438,0,3.267294611395812
2023-02-20A,2.43914532661438,2.45221672851294,2.43217373220445,2.43914547338113,0,3.267294611395812
2023-02-20C,2.43914547338113,2.47836009696878,2.43914547338113,2.47748851776123,1,3.2730408690659742
2023-02-21A,2.47748851776123,2.47836009696878,2.43914547338113,2.48184572734627,1,3.308667250493047
2023-02-21C,2.48184572734627,2.51496012670321,2.48184572734627,2.50886011123657,1,3.3086672322973034
2023-02-22A,2.50886011123657,2.51496012670321,2.48184572734627,2.5088600974393,1,3.3132641405205776
2023-02-22C,2.5088600974393,2.51757443488175,2.49230279396878,2.51234579086304,1,3.3259059025210203
2023-02-23A,2.51234579086304,2.51757443488175,2.49230279396878,2.52193164825439,1,3.3259059025210203
2023-02-23C,2.52193164825439,2.53587462938808,2.51147436046258,2.52193164825439,1,3.3247564657328565
2023-02-24A,2.52193164825439,2.53587462938808,2.51147436046258,2.5210600658649,1,3.3167118080412226
2023-02-24C,2.5210600658649,2.5236743878095,2.50014569807426,2.51496005058289,1,3.309816668870874
2023-02-27A,2.51496005058289,2.5236743878095,2.50014569807426,2.50973167966607,1,3.3224582350003895
2023-02-27C,2.50973167966607,2.53326037001263,2.50973167966607,2.51931738853455,1,3.3224581348902955
2023-02-28A,2.51931738853455,2.53326037001263,2.50973167966607,2.51931731262416,1,3.3305027925485513
2023-02-28C,2.51931731262416,2.52541732788086,2.50711728211077,2.52541732788086,1,3.3316519830517985
2023-03-01A,2.52541732788086,2.52541732788086,2.50711728211077,2.52628872352011,1,3.3500398895902825
2023-03-01C,2.52628872352011,2.54110307610947,2.52541735212256,2.54023170471191,1,3.350040003095305
2023-03-02A,2.54023170471191,2.54110307610947,2.52541735212256,2.54023179077926,1,3.3661293191113826
2023-03-02C,2.54023179077926,2.56376048143991,2.53587472587768,2.55243182182312,1,3.367278655582468
2023-03-03A,2.55243182182312,2.56376048143991,2.53587472587768,2.55330332814527,1,3.383367971139356
2023-03-03C,2.55330332814527,2.56898905221596,2.54546036222682,2.56550335884094,1,3.3845173311657595
2023-03-06A,2.56550335884094,2.56898905221596,2.54546036222682,2.56637488302436,1,3.3672788560430322
2023-03-06C,2.56637488302436,2.57073215582718,2.55068915801987,2.55330348014832,1,3.3661295243503035
2023-03-07A,2.55330348014832,2.57073215582718,2.55068915801987,2.55243197744945,1,3.3592342984948576
2023-03-07C,2.55243197744945,2.58816090909861,2.54458921859517,2.547203540802,1,3.355786380471427
2023-03-08A,2.547203540802,2.58816090909861,2.54458921859517,2.54458909113363,1,3.3569355390563347
2023-03-08C,2.54458909113363,2.54633183400675,2.52803178724184,2.54546046257019,1,3.358084401021649
2023-03-09A,2.54546046257019,2.54633183400675,2.52803178724184,2.54633160908928,1,3.3523383346040543
2023-03-09C,2.54633160908928,2.5611459610332,2.54023159403979,2.54197454452515,0,3.3523383346040543
2023-03-10A,2.54197454452515,2.5611459610332,2.54023159403979,2.53936053959873,0,3.3523383346040543
2023-03-10C,2.53936053959873,2.53936053959873,2.50101728626493,2.50711750984192,0,3.3523383346040543
2023-03-13A,2.50711750984192,2.53936053959873,2.50101728626493,2.5036313707173,0,3.3523383346040543
2023-03-13C,2.5036313707173,2.53587460517883,2.5010170487943,2.53587460517883,0,3.3523383346040543
2023-03-14A,2.53587460517883,2.53587460517883,2.5010170487943,2.53587467815214,0,3.3523383346040543
2023-03-14C,2.53587467815214,2.54720333755572,2.51234578016811,2.52280306816101,0,3.3523383346040543
2023-03-15A,2.52280306816101,2.54720333755572,2.51234578016811,2.52628870988425,0,3.3523383346040543
2023-03-15C,2.52628870988425,2.54894602822786,2.51496005071244,2.54371738433838,1,3.3420024323533766
2023-03-16A,2.54371738433838,2.54894602822786,2.51496005071244,2.53587461561588,0,3.3420024323533766
2023-03-16C,2.53587461561588,2.54807464612927,2.52193163455792,2.52541732788086,0,3.3420024323533766
2023-03-17A,2.52541732788086,2.54807464612927,2.52193163455792,2.52803156394081,0,3.3420024323533766
2023-03-17C,2.52803156394081,2.55330320326453,2.52803156394081,2.54197454452515,1,3.3420026964142857
2023-03-20A,2.54197454452515,2.55330320326453,2.52803156394081,2.54197474537363,1,3.3271086023190826
2023-03-20C,2.54197474537363,2.56288911401955,2.52890313511606,2.53064608573914,0,3.3271086023190826
2023-03-21A,2.53064608573914,2.56288911401955,2.52890313511606,2.53238882564044,0,3.3271086023190826
2023-03-21C,2.53238882564044,2.53936042035841,2.51583172968843,2.52367448806763,0,3.3271086023190826
2023-03-22A,2.52367448806763,2.53936042035841,2.51583172968843,2.52716026802425,0,3.3271086023190826
2023-03-22C,2.52716026802425,2.54546031371902,2.52106004502647,2.53587460517883,0,3.3271086023190826
2023-03-23A,2.53587460517883,2.54546031371902,2.52106004502647,2.5350031229691,0,3.3271086023190826
2023-03-23C,2.5350031229691,2.54023176701504,2.52367446345829,2.53761744499207,1,3.330536183884703
2023-03-24A,2.53761744499207,2.54023176701504,2.52367446345829,2.54023169412388,1,3.3065427170383224
2023-03-24C,2.54023169412388,2.54197464467791,2.51844595491252,2.52193164825439,0,3.3065427170383224
2023-03-27A,2.52193164825439,2.54197464467791,2.51844595491252,2.52193160671252,0,3.3065427170383224
2023-03-27C,2.52193160671252,2.52193160671252,2.49230269437917,2.5036313533783,0,3.3065427170383224
2023-03-28A,2.5036313533783,2.52193160671252,2.49230269437917,2.50537436935677,0,3.3065427170383224
2023-03-28C,2.50537436935677,2.514960078081,2.4975314034372,2.50798869132996,0,3.3065427170383224
2023-03-29A,2.50798869132996,2.514960078081,2.4975314034372,2.50973175281249,0,3.3065427170383224
2023-03-29C,2.50973175281249,2.51844609051949,2.50188878654632,2.50624585151672,0,3.3065427170383224
2023-03-30A,2.50624585151672,2.51844609051949,2.50188878654632,2.5053744208006,0,3.3065427170383224
2023-03-30C,2.5053744208006,2.51670308032831,2.49056006782581,2.51583170890808,0,3.3065427170383224
2023-03-31A,2.51583170890808,2.51670308032831,2.49056006782581,2.51757437575241,0,3.3065427170383224
2023-03-31C,2.51757437575241,2.5315173568861,2.51321731101662,2.52193164825439,1,3.3065427308204627
2023-04-03A,2.52193164825439,2.5315173568861,2.51321731101662,2.52193165876616,1,3.3305361977668286
2023-04-03C,2.52193165876616,2.54284602667076,2.52193165876616,2.54023170471191,1,3.328251310867071
2023-04-04A,2.54023170471191,2.54284602667076,2.52193165876616,2.53848899969392,1,3.3453894239679816
2023-04-04C,2.53848899969392,2.55766041732254,2.53326035569841,2.5515604019165,1,3.34538939228946
2023-04-06A,2.5515604019165,2.55766041732254,2.53326035569841,2.55156037775499,1,3.325966070503158
2023-04-06C,2.55156037775499,2.55156037775499,2.53500307451472,2.53674602508545,1,3.324823665833134
2023-04-07A,2.53674602508545,2.55156037775499,2.53500307451472,2.53587470215422,1,3.327108602319082
2023-04-07C,2.53587470215422,2.5463317824799,2.5315174295272,2.53761744499207,1,3.327108371173302
2023-04-10A,2.53761744499207,2.5463317824799,2.5315174295272,2.53761726869498,1,3.3236806942771175
2023-04-10C,2.53761726869498,2.53848884781955,2.52803156045417,2.53500294685364,1,3.3236808752006595
2023-04-11A,2.53500294685364,2.53848884781955,2.52803156045417,2.53500308484575,1,3.3499595512316644
2023-04-11C,2.53500308484575,2.55504608154297,2.52977464864464,2.55504608154297,1,3.352244862360761
2023-04-12A,2.55504608154297,2.55504608154297,2.52977464864464,2.55678911012472,1,3.3888065707555293
2023-04-12C,2.55678911012472,2.58554644505606,2.55678911012472,2.58467507362366,1,3.3865212622074163
2023-04-13A,2.58467507362366,2.58554644505606,2.55678911012472,2.58293204701045,1,3.396804293466959
2023-04-13C,2.58293204701045,2.60210367232277,2.58031772502394,2.59077501296997,1,3.3968042893668797
2023-04-14A,2.59077501296997,2.60210367232277,2.58031772502394,2.5907750098428,1,3.3876637263454006
2023-04-14C,2.5907750098428,2.5960036538095,2.57421770653697,2.58380341529846,1,3.384236151379475
2023-04-17A,2.58380341529846,2.5960036538095,2.57421770653697,2.5811891712003,1,3.4265107458692654
2023-04-17C,2.5811891712003,2.61430377881116,2.57247483358158,2.61343240737915,1,3.4242253835513115
2023-04-18A,2.61343240737915,2.61430377881116,2.57247483358158,2.61168933975517,1,3.448218850371732
2023-04-18C,2.61168933975517,2.63086096476403,2.60558932447194,2.62998938560486,1,3.445933868278959
2023-04-19A,2.62998938560486,2.63086096476403,2.60558932447194,2.62824660798225,1,3.4425061912921375
2023-04-19C,2.62824660798225,2.63608957371367,2.6195322708694,2.62563228607178,1,3.43907853222822
2023-04-20A,2.62563228607178,2.63608957371367,2.6195322708694,2.62301797783128,1,3.4379360640284538
2023-04-20C,2.62301797783128,2.63260368637552,2.60036065966656,2.62214660644531,1,3.4379363461748556
2023-04-21A,2.62214660644531,2.63260368637552,2.60036065966656,2.62214682164106,1,3.418513023157836
2023-04-21C,2.62214682164106,2.64741846380388,2.60646088880915,2.60733246803284,1,3.419655092662362
2023-04-24A,2.60733246803284,2.64741846380388,2.60646088880915,2.60820353533015,1,3.412799738889831
2023-04-24C,2.60820353533015,2.61778924354322,2.59687487663918,2.6029748916626,1,3.413942324995636
2023-04-25A,2.6029748916626,2.61778924354322,2.59687487663918,2.60384635297663,1,3.4379360640284533
2023-04-25C,2.60384635297663,2.62563229975538,2.58816062919823,2.62214660644531,1,3.4265107135017008
2023-04-26A,2.62214660644531,2.62563229975538,2.58816062919823,2.6134323826921,1,3.4447915675181773
2023-04-26C,2.6134323826921,2.64218971733886,2.58816074150667,2.62737536430359,1,3.4436487906932527
2023-04-27A,2.62737536430359,2.64218971733886,2.58816074150667,2.62650375752627,1,3.45393182204553
2023-04-27C,2.62650375752627,2.6465467544261,2.61343235524206,2.63434672355652,1,3.4459339182900286
2023-04-28A,2.63434672355652,2.6465467544261,2.61343235524206,2.62824664612617,1,3.4950635926070253
2023-04-28C,2.62824664612617,2.6674612675862,2.62563232417775,2.66571831703186,1,3.4870658542239945
2023-05-04A,2.66571831703186,2.6674612675862,2.62563232417775,2.65961836573267,1,3.57618491450831
2023-05-04C,2.65961836573267,2.73194738733591,2.65090402828368,2.72759032249451,1,3.5853251193058138
2023-05-05A,2.72759032249451,2.73194738733591,2.65090402828368,2.73456164381801,1,3.6081761179482457
2023-05-05C,2.73456164381801,2.77029036417283,2.71800434073184,2.75199031829834,1,3.6047481726176955
2023-05-08A,2.75199031829834,2.77029036417283,2.71800434073184,2.74937579171955,1,3.7121480761679075
2023-05-08C,2.74937579171955,2.84349075156828,2.74327577688207,2.83129072189331,1,3.71214830225125
2023-05-09A,2.83129072189331,2.84349075156828,2.74327577688207,2.83129089432923,1,3.668731241974578
2023-05-09C,2.83129089432923,2.86266254952279,2.79556196669142,2.79817628860474,1,3.6561634211402967
2023-05-10A,2.79817628860474,2.86266254952279,2.79556196669142,2.78859069185795,1,3.5910378281152577
2023-05-10C,2.78859069185795,2.7990477721641,2.72933307239167,2.73891878128052,1,3.593322823582625
2023-05-11A,2.73891878128052,2.7990477721641,2.72933307239167,2.74066156910406,1,3.5830397928096107
2023-05-11C,2.74066156910406,2.75721887164648,2.7232328951961,2.73281860351562,1,3.583040056164717
2023-05-12A,2.73281860351562,2.75721887164648,2.7232328951961,2.73281880437907,1,3.5681868792026625
2023-05-12C,2.73281880437907,2.75634770287376,2.71016148508016,2.72149014472961,0,3.5681868792026625
2023-05-15A,2.72149014472961,2.75634770287376,2.71016148508016,2.72061861076228,0,3.5681868792026625
2023-05-15C,2.72061861076228,2.72148998213981,2.65438960744765,2.71538996696472,0,3.5681868792026625
2023-05-16A,2.71538996696472,2.72148998213981,2.65438960744765,2.71277568286922,0,3.5681868792026625
2023-05-16C,2.71277568286922,2.73456162974057,2.69360426569926,2.69796133041382,0,3.5681868792026625
2023-05-17A,2.69796133041382,2.73456162974057,2.69360426569926,2.6979612921792,0,3.5681868792026625
2023-05-17C,2.6979612921792,2.70580425787368,2.67617555338277,2.68663263320923,0,3.5681868792026625
2023-05-18A,2.68663263320923,2.70580425787368,2.67617555338277,2.68837554977785,0,3.5681868792026625
2023-05-18C,2.68837554977785,2.72671859085632,2.68750417841153,2.71103286743164,0,3.5681868792026625
2023-05-19A,2.71103286743164,2.72671859085632,2.68750417841153,2.6997043468338,0,3.5681868792026625
2023-05-19C,2.6997043468338,2.6997043468338,2.67007543343386,2.67356133460999,0,3.5681868792026625
2023-05-22A,2.67356133460999,2.6997043468338,2.67007543343386,2.6709469123051,0,3.5681868792026625
2023-05-22C,2.6709469123051,2.68053262076399,2.65351823814374,2.66484689712524,0,3.5681868792026625
2023-05-23A,2.66484689712524,2.68053262076399,2.65351823814374,2.66310412093399,0,3.5681868792026625
2023-05-23C,2.66310412093399,2.67181845858512,2.63173246383667,2.63173246383667,0,3.5681868792026625
2023-05-24A,2.63173246383667,2.67181845858512,2.63173246383667,2.62998922081378,0,3.5681868792026625
2023-05-24C,2.62998922081378,2.62998922081378,2.59164618096478,2.59513187408447,0,3.5681868792026625
2023-05-25A,2.59513187408447,2.62998922081378,2.59164618096478,2.59164628388661,0,3.5681868792026625
2023-05-25C,2.59164628388661,2.59513197714474,2.55504598526087,2.58206057548523,0,3.5681868792026625
2023-05-26A,2.58206057548523,2.59513197714474,2.55504598526087,2.57944642544969,0,3.5681868792026625
2023-05-26C,2.57944642544969,2.61343240445454,2.56724639435037,2.60646080970764,0,3.5681868792026625
2023-05-29A,2.60646080970764,2.61343240445454,2.56724639435037,2.61343230711914,0,3.5681868792026625
2023-05-29C,2.61343230711914,2.65264672101589,2.59774637534748,2.6334753036499,0,3.5681868792026625
2023-05-30A,2.6334753036499,2.65264672101589,2.59774637534748,2.62824658069661,0,3.5681868792026625
2023-05-30C,2.62824658069661,2.63957523960232,2.59687492586281,2.63260364532471,0,3.5681868792026625
2023-05-31A,2.63260364532471,2.63957523960232,2.59687492586281,2.6247608866294,0,3.5681868792026625
2023-05-31C,2.6247608866294,2.62998932262826,2.59861787557035,2.60384631156921,0,3.5681868792026625
2023-06-01A,2.60384631156921,2.62998932262826,2.59861787557035,2.60558956316438,0,3.5681868792026625
2023-06-01C,2.60558956316438,2.62388961069049,2.58903225858387,2.60123229026794,0,3.5681868792026625
2023-06-02A,2.60123229026794,2.62388961069049,2.58903225858387,2.60297519249725,0,3.5681868792026625
2023-06-02C,2.60297519249725,2.61430385249752,2.59426085463291,2.60036087036133,0,3.5681868792026625
2023-06-05A,2.60036087036133,2.61430385249752,2.59426085463291,2.60123210651064,0,3.5681868792026625
2023-06-05C,2.60123210651064,2.61866098909893,2.59077502627709,2.616046667099,0,3.5681868792026625
2023-06-06A,2.616046667099,2.61866098909893,2.59077502627709,2.61604680590627,0,3.5681868792026625
2023-06-06C,2.61604680590627,2.64741846380388,2.5986181301594,2.60733246803284,0,3.5681868792026625
2023-06-07A,2.60733246803284,2.64741846380388,2.5986181301594,2.60646076062644,0,3.5681868792026625
2023-06-07C,2.60646076062644,2.63870399616205,2.59338935834223,2.63434672355652,1,3.565826057040182
2023-06-08A,2.63434672355652,2.63870399616205,2.59338935834223,2.63260375875698,1,3.6118596031712613
2023-06-08C,2.63260375875698,2.67356133151648,2.61953235654329,2.66658973693848,1,3.6094988750841885
2023-06-09A,2.66658973693848,2.67356133151648,2.61953235654329,2.66484684159361,1,3.589432755034673
2023-06-09C,2.66484684159361,2.66571821295367,2.64218952410276,2.65003228187561,1,3.5894329281878696
2023-06-12A,2.65003228187561,2.66571821295367,2.64218952410276,2.6500324097124,1,3.5528423126114794
2023-06-12C,2.6500324097124,2.6500324097124,2.61953233297738,2.62301802635193,0,3.5528423126114794
2023-06-13A,2.62301802635193,2.6500324097124,2.61953233297738,2.61778921993504,0,3.5528423126114794
2023-06-13C,2.61778921993504,2.62911787852385,2.61256057631464,2.61691784858704,0,3.5528423126114794
2023-06-14A,2.61691784858704,2.62911787852385,2.61256057631464,2.61691822337565,0,3.5528423126114794
2023-06-14C,2.61691822337565,2.63608985014077,2.60036091879514,2.60123229026794,0,3.5528423126114794
2023-06-15A,2.60123229026794,2.63608985014077,2.60036091879514,2.6038464254338,0,3.5528423126114794
2023-06-15C,2.6038464254338,2.61168939142434,2.59687503861967,2.60907506942749,0,3.5528423126114794
2023-06-16A,2.60907506942749,2.61168939142434,2.59687503861967,2.60907503465362,0,3.5528423126114794
2023-06-16C,2.60907503465362,2.61517504997623,2.60384639072962,2.60471796989441,0,3.5528423126114794
2023-06-19A,2.60471796989441,2.61517504997623,2.60384639072962,2.60471795282521,0,3.5528423126114794
2023-06-19C,2.60471795282521,2.6055893242181,2.57073197530808,2.57247471809387,0,3.5528423126114794
2023-06-20A,2.57247471809387,2.6055893242181,2.57073197530808,2.57073184966516,0,3.5528423126114794
2023-06-20C,2.57073184966516,2.57160322101546,2.54633158196098,2.54894590377808,0,3.5528423126114794
2023-06-21A,2.54894590377808,2.57160322101546,2.54633158196098,2.54807474697539,0,3.5528423126114794
2023-06-21C,2.54807474697539,2.56027477797163,2.53151744332838,2.5341317653656,0,3.5528423126114794
2023-06-26A,2.5341317653656,2.56027477797163,2.53151744332838,2.52716034121167,0,3.5528423126114794
2023-06-26C,2.52716034121167,2.52716034121167,2.49317436299468,2.49404573440552,0,3.5528423126114794
2023-06-27A,2.49404573440552,2.52716034121167,2.49317436299468,2.49404569638255,0,3.5528423126114794
2023-06-27C,2.49404569638255,2.54458897723206,2.49404569638255,2.54023170471191,0,3.5528423126114794
2023-06-28A,2.54023170471191,2.54458897723206,2.49404569638255,2.53674597366892,0,3.5528423126114794
2023-06-28C,2.53674597366892,2.56027466318283,2.5315173298289,2.55766034126282,1,3.5516317570209193
2023-06-29A,2.55766034126282,2.56027466318283,2.5315173298289,2.55678887280111,1,3.5504213363259707
2023-06-29C,2.55678887280111,2.56463183826336,2.54284589234584,2.55591750144958,1,3.548000585241705
2023-06-30A,2.55591750144958,2.56463183826336,2.54284589234584,2.55417482375676,1,3.5564741082266216
2023-06-30C,2.55417482375676,2.56898917714567,2.5524318731014,2.56027483940124,1,3.558895084053867
2023-07-03A,2.56027483940124,2.56898917714567,2.5524318731014,2.56201767888458,1,3.5988418555966564
2023-07-03C,2.56201767888458,2.59251775578351,2.56201767888458,2.59077501296997,1,3.595210111720282
2023-07-04A,2.59077501296997,2.59251775578351,2.56201767888458,2.58816055207784,1,3.5709999659396185
2023-07-04C,2.58816055207784,2.58816055207784,2.55853184817584,2.57073187828064,1,3.563737018010936
2023-07-05A,2.57073187828064,2.58816055207784,2.55853184817584,2.56550334511104,1,3.5685789896541236
2023-07-05C,2.56550334511104,2.57683200434388,2.55591763643948,2.56898903846741,1,3.568579095433549
2023-07-06A,2.56898903846741,2.57683200434388,2.55591763643948,2.5689891146171,1,3.560105572654872
2023-07-06C,2.5689891146171,2.57683208072605,2.55678908362509,2.56288909912109,1,3.554052993340846
2023-07-07A,2.56288909912109,2.57683208072605,2.55678908362509,2.55853189981087,0,3.554052993340846
2023-07-07C,2.55853189981087,2.58031763861395,2.55504599876814,2.57857489585876,1,3.555254229240627
2023-07-10A,2.57857489585876,2.58031763861395,2.55504599876814,2.57944642949683,1,3.562460875958517
2023-07-10C,2.57944642949683,2.58990350998429,2.57421778537001,2.58467507362366,1,3.5648627245118396
2023-07-11A,2.58467507362366,2.58990350998429,2.57421778537001,2.58641768871546,1,3.560058389058741
2023-07-11C,2.58641768871546,2.59077496119463,2.57073196487608,2.58293199539185,1,3.5624609296530942
2023-07-12A,2.58293199539185,2.59077496119463,2.57073196487608,2.58467511258073,1,3.5384389644743504
2023-07-12C,2.58467511258073,2.58728943468355,2.56201779286712,2.56724643707275,0,3.5384389644743504
2023-07-13A,2.56724643707275,2.58728943468355,2.56201779286712,2.57073200260892,1,3.570824617024047
2023-07-13C,2.57073200260892,2.59774638597122,2.56898905203843,2.59426069259644,1,3.573223897668896
2023-07-14A,2.59426069259644,2.59774638597122,2.56898905203843,2.59600380802075,1,3.5888170329943136
2023-07-14C,2.59600380802075,2.61604680590627,2.59513222879706,2.60733246803284,1,3.578021645111839
2023-07-17A,2.60733246803284,2.61604680590627,2.59513222879706,2.5994894475968,1,3.5684257157392194
2023-07-17C,2.5994894475968,2.5994894475968,2.57944645012779,2.5925178527832,1,3.5672261081595007
2023-07-18A,2.5925178527832,2.5994894475968,2.57944645012779,2.59164631885914,1,3.5600292330752934
2023-07-18C,2.59164631885914,2.59774633408472,2.57944628840799,2.58641767501831,1,3.5564306776725747
2023-07-19A,2.58641767501831,2.59774633408472,2.57944628840799,2.58380326747029,1,3.5828191234481293
2023-07-19C,2.58380326747029,2.60384626301846,2.58380326747029,2.6029748916626,1,3.5828190515513083
2023-07-20A,2.6029748916626,2.60384626301846,2.58380326747029,2.60297483942842,1,3.5720237394993757
2023-07-20C,2.60297483942842,2.61081780477237,2.58990323052184,2.59513187408447,1,3.5672259183572286
2023-07-21A,2.59513187408447,2.61081780477237,2.58990323052184,2.59164618096478,1,3.5720237394993757
2023-07-21C,2.59164618096478,2.6003605176471,2.58554616606377,2.59513187408447,1,3.562428291288273
2023-07-24A,2.59513187408447,2.6003605176471,2.58554616606377,2.58816062884234,1,3.569625166381633
2023-07-24C,2.58816062884234,2.60384635261858,2.58031766307113,2.59338927268982,1,3.5900161511974713
2023-07-25A,2.59338927268982,2.60384635261858,2.58031766307113,2.60820364641707,1,3.620002749696934
2023-07-25C,2.60820364641707,2.63086096476403,2.60820364641707,2.62998938560486,1,3.6212023573322605
2023-07-26A,2.62998938560486,2.63086096476403,2.60820364641707,2.63086091956932,1,3.6283992323608603
2023-07-26C,2.63086091956932,2.641317999404,2.6273752262911,2.63608956336975,1,3.6271995916572948
2023-07-27A,2.63608956336975,2.641317999404,2.6273752262911,2.63521800538069,1,3.6391942881425425
2023-07-27C,2.63521800538069,2.66484691789891,2.63086094068948,2.6439323425293,1,3.631997583046656
2023-07-28A,2.6439323425293,2.66484691789891,2.63086094068948,2.63870382218768,1,3.7015667060489963
2023-07-28C,2.63870382218768,2.69534690796169,2.63783224306432,2.68924689292908,1,3.7195591697223933
2023-07-31A,2.68924689292908,2.69534690796169,2.63783224306432,2.70231870302256,1,3.7255563752313043
2023-07-31C,2.70231870302256,2.73107603760922,2.69534710834829,2.70667576789856,1,3.7243566446831475
2023-08-01A,2.70667576789856,2.73107603760922,2.69534710834829,2.70580414463598,1,3.7303538496338744
2023-08-01C,2.70580414463598,2.7232328180502,2.69796117926972,2.71016120910645,1,3.7279552950985755
2023-08-02A,2.71016120910645,2.7232328180502,2.69796117926972,2.70841862121224,1,3.6835749464128593
2023-08-02C,2.70841862121224,2.70841862121224,2.67094695045351,2.67617559432983,1,3.673978942721806
2023-08-03A,2.67617559432983,2.70841862121224,2.67094695045351,2.66920394552271,1,3.7027661566913963
2023-08-03C,2.66920394552271,2.69098989197478,2.6587468657493,2.69011831283569,1,3.7147609769416388
2023-08-04A,2.69011831283569,2.69098989197478,2.6587468657493,2.69883273990153,1,3.6895721996249145
2023-08-04C,2.69883273990153,2.71190434976211,2.6779183718908,2.68053269386292,1,3.6847741383601065
2023-08-07A,2.68053269386292,2.71190434976211,2.6779183718908,2.67704682629031,1,3.6559869253033237
2023-08-07C,2.67704682629031,2.67704682629031,2.64828949423451,2.6561324596405,0,3.6559869253033237
2023-08-08A,2.6561324596405,2.67704682629031,2.64828949423451,2.65090398870539,0,3.6559869253033237
2023-08-08C,2.65090398870539,2.66571834137088,2.64306102278854,2.65177536010742,0,3.6559869253033237
2023-08-09A,2.65177536010742,2.66571834137088,2.64306102278854,2.65177525961131,0,3.6559869253033237
2023-08-09C,2.65177525961131,2.65177525961131,2.64044660074947,2.64306092262268,0,3.6559869253033237
2023-08-10A,2.64306092262268,2.65177525961131,2.64044660074947,2.64306117043669,0,3.6559869253033237
2023-08-10C,2.64306117043669,2.67094713452138,2.63957547686766,2.66136121749878,0,3.6559869253033237
2023-08-11A,2.66136121749878,2.67094713452138,2.63957547686766,2.66136095670277,0,3.6559869253033237
2023-08-11C,2.66136095670277,2.66746117955855,2.62388928703366,2.62476086616516,0,3.6559869253033237
2023-08-14A,2.62476086616516,2.66746117955855,2.62388928703366,2.61168938076693,0,3.6559869253033237
2023-08-14C,2.61168938076693,2.62476099069782,2.58990343347084,2.61953234672546,0,3.6559869253033237
2023-08-15A,2.61953234672546,2.62476099069782,2.58990343347084,2.61953229519105,0,3.6559869253033237
2023-08-15C,2.61953229519105,2.64567530677232,2.61168932938681,2.64044666290283,0,3.6559869253033237
2023-08-16A,2.64044666290283,2.64567530677232,2.61168932938681,2.63608954973602,0,3.6559869253033237
2023-08-16C,2.63608954973602,2.65177527329,2.61953224704236,2.63957524299622,0,3.6559869253033237
2023-08-17A,2.63957524299622,2.65177527329,2.61953224704236,2.62563245113406,0,3.6559869253033237
2023-08-17C,2.62563245113406,2.63957543294439,2.61430379139855,2.63870406150818,0,3.6559869253033237
2023-08-18A,2.63870406150818,2.63957543294439,2.61430379139855,2.63521797059633,0,3.6559869253033237
2023-08-18C,2.63521797059633,2.66484688272346,2.63434659922283,2.63957524299622,0,3.6559869253033237
2023-08-21A,2.63957524299622,2.66484688272346,2.63434659922283,2.63957521472738,0,3.6559869253033237
2023-08-21C,2.63957521472738,2.64393227931442,2.61430357527079,2.61778926849365,0,3.6559869253033237
2023-08-22A,2.61778926849365,2.64393227931442,2.61430357527079,2.61866095104302,0,3.6559869253033237
2023-08-22C,2.61866095104302,2.64131806176954,2.60820366319525,2.6334753036499,0,3.6559869253033237
2023-08-23A,2.6334753036499,2.64131806176954,2.60820366319525,2.63086109528371,0,3.6559869253033237
2023-08-23C,2.63086109528371,2.66484707449022,2.62824677320888,2.63870406150818,1,3.6559866278771147
2023-08-24A,2.63870406150818,2.66484707449022,2.62824677320888,2.63870384684118,1,3.6366682981731953
2023-08-24C,2.63870384684118,2.64828955515824,2.6204035938062,2.62476086616516,0,3.6366682981731953
2023-08-25A,2.62476086616516,2.64828955515824,2.6204035938062,2.62301809165229,0,3.6366682981731953
2023-08-25C,2.62301809165229,2.64306108876264,2.61517512553966,2.62737536430359,0,3.6366682981731953
2023-08-28A,2.62737536430359,2.64306108876264,2.61517512553966,2.74501879978432,1,3.5292997989025463
2023-08-28C,2.74501879978432,2.76070452295684,2.65526090197838,2.66397523880005,1,3.5200639351122938
2023-08-29A,2.66397523880005,2.76070452295684,2.65526090197838,2.65700385244919,1,3.5292997989025463
2023-08-29C,2.65700385244919,2.6700752537986,2.6448038224521,2.66397523880005,1,3.529300032841139
2023-08-30A,2.66397523880005,2.6700752537986,2.6448038224521,2.66397541538086,1,3.4946651284513197
2023-08-30C,2.66397541538086,2.66397541538086,2.62824669437362,2.63783240318298,0,3.4946651284513197
2023-08-31A,2.63783240318298,2.66397541538086,2.62824669437362,2.63521808162976,0,3.4946651284513197
2023-08-31C,2.63521808162976,2.64393241903052,2.6038464254338,2.60907506942749,0,3.4946651284513197
2023-09-01A,2.60907506942749,2.64393241903052,2.6038464254338,2.60994640599242,0,3.4946651284513197
2023-09-01C,2.60994640599242,2.63870394757379,2.60994640599242,2.6334753036499,0,3.4946651284513197
2023-09-04A,2.6334753036499,2.63870394757379,2.60994640599242,2.64218967838816,1,3.5361585283828005
2023-09-04C,2.64218967838816,2.67966135001892,2.64218967838816,2.67356133460999,1,3.5361585569051965
2023-09-05A,2.67356133460999,2.67966135001892,2.64218967838816,2.67356135617474,1,3.5084961068612146
2023-09-05C,2.67356135617474,2.67356135617474,2.64393244253581,2.65264678001404,1,3.4992752408216434
2023-09-06A,2.65264678001404,2.67356135617474,2.64393244253581,2.64567521730916,0,3.4992752408216434
2023-09-06C,2.64567521730916,2.65700387605459,2.63608950905002,2.65003228187561,1,3.4981246612655084
2023-09-07A,2.65003228187561,2.65700387605459,2.63608950905002,2.6491609377381,1,3.490069803968858
2023-09-07C,2.6491609377381,2.66397528984216,2.64131797211848,2.64306092262268,0,3.490069803968858
2023-09-08A,2.64306092262268,2.66397528984216,2.64131797211848,2.63608962241596,0,3.490069803968858
2023-09-08C,2.63608962241596,2.63957531577226,2.62040369066332,2.62650370597839,0,3.490069803968858
2023-09-11A,2.62650370597839,2.63957531577226,2.62040369066332,2.62737532603553,0,3.490069803968858
2023-09-11C,2.62737532603553,2.64828969426505,2.62650374685825,2.64480400085449,1,3.487769728966519
2023-09-12A,2.64480400085449,2.64828969426505,2.62650374685825,2.64306098483758,0,3.487769728966519
2023-09-12C,2.64306098483758,2.64741825731755,2.63696096957857,2.64044666290283,0,3.487769728966519
2023-09-13A,2.64044666290283,2.64741825731755,2.63696096957857,2.64306114994699,1,3.5015691122695722
2023-09-13C,2.64306114994699,2.66397551896527,2.64306114994699,2.65351843833923,1,3.500418713229764
2023-09-14A,2.65351843833923,2.66397551896527,2.64306114994699,2.65264665629932,1,3.5452664313683004
2023-09-14C,2.65264665629932,2.68924695510739,2.64654664112568,2.68663263320923,1,3.5475662737094975
2023-09-15A,2.68663263320923,2.68924695510739,2.64654664112568,2.68837547302246,1,3.5475662737094975
2023-09-15C,2.68837547302246,2.71016121092175,2.67704681451901,2.68837547302246,1,3.546416544673398
2023-09-18A,2.68837547302246,2.71016121092175,2.67704681451901,2.68750419871698,1,3.5498661160506946
2023-09-18C,2.68750419871698,2.69011831283569,2.66136097986802,2.69011831283569,1,3.547566456395243
2023-09-19A,2.69011831283569,2.69011831283569,2.66136097986802,2.68837561146325,1,3.574015089865131
2023-09-19C,2.68837561146325,2.71277567240955,2.68576128953812,2.70841860771179,1,3.5717150654096783
2023-09-20A,2.70841860771179,2.71277567240955,2.68576128953812,2.70667562989085,1,3.583214459229933
2023-09-20C,2.70667562989085,2.71974723938475,2.69708992143945,2.71538996696472,1,3.5728653107270265
2023-09-21A,2.71538996696472,2.71974723938475,2.69708992143945,2.70754729543859,1,3.5613656423726106
2023-09-21C,2.70754729543859,2.72149006898878,2.69709000750976,2.69883275032043,1,3.5452663865941854
2023-09-22A,2.69883275032043,2.72149006898878,2.69709000750976,2.68663259927903,1,3.577464853376933
2023-09-22C,2.68663259927903,2.71190423879796,2.6857612279127,2.71103286743164,1,3.572865314860314
2023-09-25A,2.71103286743164,2.71190423879796,2.6857612279127,2.70754729857083,1,3.5705653263533286
2023-09-25C,2.70754729857083,2.72323302271603,2.6970900106299,2.70580434799194,1,3.5659655734048386
2023-09-26A,2.70580434799194,2.72323302271603,2.6970900106299,2.70231861663286,1,3.5556160365196114
2023-09-26C,2.70231861663286,2.71016137471217,2.69098995744475,2.69447565078735,1,3.5544662980659867
2023-09-27A,2.69447565078735,2.71016137471217,2.69098995744475,2.69360436934519,0,3.5544662980659867
2023-09-27C,2.69360436934519,2.69883280565061,2.67966138774296,2.68489003181458,0,3.5544662980659867
2023-09-28A,2.68489003181458,2.69883280565061,2.67966138774296,2.68750433699228,0,3.5544662980659867
2023-09-28C,2.68750433699228,2.69273277326489,2.68053274235179,2.68140411376953,0,3.5544662980659867
2023-10-09A,2.68140411376953,2.69273277326489,2.68053274235179,2.68140407903489,0,3.5544662980659867
2023-10-09C,2.68140407903489,2.68227565820753,2.65090400214723,2.67704701423645,0,3.5544662980659867
2023-10-10A,2.67704701423645,2.68227565820753,2.65090400214723,2.67704700066204,0,3.5544662980659867
2023-10-10C,2.67704700066204,2.68227564460661,2.65003240953717,2.65177536010742,0,3.5544662980659867
2023-10-11A,2.65177536010742,2.68227564460661,2.65003240953717,2.65526100159911,0,3.5544662980659867
2023-10-11C,2.65526100159911,2.6587469026715,2.63696095591688,2.6439323425293,0,3.5544662980659867
2023-10-12A,2.6439323425293,2.6587469026715,2.63696095591688,2.65177538413874,0,3.5544662980659867
2023-10-12C,2.65177538413874,2.67181838093043,2.65003243355269,2.66658973693848,0,3.5544662980659867
2023-10-13A,2.66658973693848,2.67181838093043,2.65003243355269,2.65438948223065,0,3.5544662980659867
2023-10-13C,2.65438948223065,2.67094678421979,2.64654651690429,2.66310381889343,0,3.5544662980659867
2023-10-16A,2.66310381889343,2.67094678421979,2.64654651690429,2.66484692155993,0,3.5544662980659867
2023-10-16C,2.66484692155993,2.6805326453425,2.65787532717175,2.6796612739563,1,3.552154360234159
2023-10-17A,2.6796612739563,2.6805326453425,2.65787532717175,2.67791833711115,1,3.5498426798204425
2023-10-17C,2.67791833711115,2.68053265904931,2.66571830657719,2.67617559432983,1,3.54637469889824
2023-10-18A,2.67617559432983,2.68053265904931,2.66571830657719,2.67356113314304,0,3.54637469889824
2023-10-18C,2.67356113314304,2.67617545494504,2.65526088052905,2.6561324596405,0,3.54637469889824
2023-10-19A,2.6561324596405,2.67617545494504,2.65526088052905,2.64828950254326,0,3.54637469889824
2023-10-19C,2.64828950254326,2.65177519570147,2.61430352677684,2.61691784858704,0,3.54637469889824
2023-10-20A,2.61691784858704,2.65177519570147,2.61430352677684,2.61343225515732,0,3.54637469889824
2023-10-20C,2.61343225515732,2.61343225515732,2.58816061520514,2.59687495231628,0,3.54637469889824
2023-10-23A,2.59687495231628,2.61343225515732,2.58816061520514,2.59600351761643,0,3.54637469889824
2023-10-23C,2.59600351761643,2.59948921082263,2.55766026904965,2.57073187828064,0,3.54637469889824
2023-10-24A,2.57073187828064,2.59948921082263,2.55766026904965,2.58641761288055,0,3.54637469889824
2023-10-24C,2.58641761288055,2.58990330610197,2.57073188950108,2.58903193473816,0,3.54637469889824
2023-10-25A,2.58903193473816,2.58990330610197,2.57073188950108,2.60297505402358,0,3.54637469889824
2023-10-25C,2.60297505402358,2.61691803541803,2.59774641002989,2.60907506942749,0,3.54637469889824
2023-10-26A,2.60907506942749,2.61691803541803,2.59774641002989,2.60297491647184,0,3.54637469889824
2023-10-26C,2.60297491647184,2.62040359035235,2.59251762903706,2.61778926849365,0,3.54637469889824
2023-10-27A,2.61778926849365,2.62040359035235,2.59251762903706,2.61778944757721,0,3.54637469889824
2023-10-27C,2.61778944757721,2.63783244468756,2.61256080350212,2.62737536430359,1,3.539317184843135
2023-10-30A,2.62737536430359,2.63783244468756,2.61256080350212,2.62214671811249,1,3.4981485565080495
2023-10-30C,2.62214671811249,2.62301808953557,2.58816073941808,2.59164643287659,0,3.4981485565080495
2023-10-31A,2.59164643287659,2.62301808953557,2.58816073941808,2.58990348524251,0,3.4981485565080495
2023-10-31C,2.58990348524251,2.59948940197218,2.58031777627903,2.5986180305481,0,3.4981485565080495
2023-11-01A,2.5986180305481,2.59948940197218,2.58031777627903,2.59948922563573,0,3.4981485565080495
2023-11-01C,2.59948922563573,2.60123196836568,2.58293192310419,2.59600353240967,0,3.4981485565080495
2023-11-02A,2.59600353240967,2.60123196836568,2.58293192310419,2.59600355368783,0,3.4981485565080495
2023-11-02C,2.59600355368783,2.6125606485889,2.59426060317742,2.60384631156921,0,3.4981485565080495
2023-11-03A,2.60384631156921,2.6125606485889,2.59426060317742,2.60384646386447,0,3.4981485565080495
2023-11-03C,2.60384646386447,2.61081805854768,2.58816073941808,2.59164643287659,0,3.4981485565080495
2023-11-06A,2.59164643287659,2.61081805854768,2.58816073941808,2.59164628047574,0,3.4981485565080495
2023-11-06C,2.59164628047574,2.59513197372928,2.56898896267849,2.57508897781372,0,3.4981485565080495
2023-11-07A,2.57508897781372,2.59513197372928,2.56898896267849,2.57247478343801,0,3.4981485565080495
2023-11-07C,2.57247478343801,2.57944637805681,2.56201770315909,2.57683205604553,0,3.4981485565080495
2023-11-08A,2.57683205604553,2.57944637805681,2.56201770315909,2.57334631417685,0,3.4981485565080495
2023-11-08C,2.57334631417685,2.58206065146167,2.56637471968929,2.57596063613892,0,3.4981485565080495
2023-11-09A,2.57596063613892,2.58206065146167,2.56637471968929,2.57596063292117,0,3.4981485565080495
2023-11-09C,2.57596063292117,2.59948932278416,2.57334631096237,2.5977463722229,1,3.4864137887539526
2023-11-10A,2.5977463722229,2.59948932278416,2.57334631096237,2.58903206239024,1,3.488760861632098
2023-11-10C,2.58903206239024,2.59600365694298,2.57683203163066,2.59077501296997,1,3.4934544534158967
2023-11-13A,2.59077501296997,2.59600365694298,2.57683203163066,2.59426050274609,1,3.494627849872968
2023-11-13C,2.59426050274609,2.59948914630872,2.5750888789385,2.59513187408447,1,3.4946280358125046
2023-11-14A,2.59513187408447,2.59948914630872,2.5750888789385,2.5951320121643,1,3.482893231278033
2023-11-14C,2.5951320121643,2.59774633408472,2.57944628840799,2.58641767501831,0,3.482893231278033
2023-11-15A,2.58641767501831,2.59774633408472,2.57944628840799,2.59687501456907,1,3.4793869384253653
2023-11-15C,2.59687501456907,2.60036070794385,2.58816067724902,2.59426069259644,1,3.479386789978974
2023-11-16A,2.59426069259644,2.60036070794385,2.58816067724902,2.59426058191354,1,3.481724411332088
2023-11-16C,2.59426058191354,2.60123196836568,2.58641761633026,2.59600353240967,1,3.4758806825128983
2023-11-17A,2.59600353240967,2.60123196836568,2.58641761633026,2.59164639816674,1,3.4700370467984603
2023-11-17C,2.59164639816674,2.59426072016716,2.57857499593084,2.58728933334351,0,3.4700370467984603
2023-11-20A,2.58728933334351,2.59426072016716,2.57857499593084,2.58816069098346,1,3.473542159203982
2023-11-20C,2.58816069098346,2.59513207777002,2.58118909643071,2.59077501296997,1,3.4770472390180114
2023-11-21A,2.59077501296997,2.59513207777002,2.58118909643071,2.5933893106478,1,3.4922359664464286
2023-11-21C,2.5933893106478,2.62040369390023,2.592517731483,2.60471796989441,1,3.4852257374291917
2023-11-22A,2.60471796989441,2.62040369390023,2.592517731483,2.59948932278416,1,3.482888902997164
2023-11-22C,2.59948932278416,2.61430367537322,2.5977463722229,2.5977463722229,1,3.4828888523928327
2023-11-23A,2.5977463722229,2.61430367537322,2.5977463722229,2.59774633447917,1,3.5062560821361948
2023-11-23C,2.59774633447917,2.61866090984568,2.59513201255836,2.6151750087738,1,3.5027509742189165
2023-11-24A,2.6151750087738,2.61866090984568,2.59513201255836,2.61256069013489,1,3.515603145585459
2023-11-24C,2.61256069013489,2.62737525029351,2.61256069013489,2.62214660644531,1,3.507424893385955
2023-11-27A,2.62214660644531,2.62737525029351,2.61256069013489,2.61604677794831,1,3.5050880588181377
2023-11-27C,2.61604677794831,2.61953247150719,2.60297516739475,2.61430382728577,1,3.5004145157832074
2023-11-28A,2.61430382728577,2.61953247150719,2.60297516739475,2.61081802001412,1,3.4980776813171652
2023-11-28C,2.61081802001412,2.61081802001412,2.59513208803304,2.60907506942749,1,3.4980776304069723
2023-11-29A,2.60907506942749,2.61081802001412,2.59513208803304,2.60907503145563,1,3.482888902997164
2023-11-29C,2.60907503145563,2.61343230397569,2.59338930746903,2.5977463722229,0,3.482888902997164
2023-11-30A,2.5977463722229,2.61343230397569,2.59338930746903,2.59426073034351,0,3.482888902997164
2023-11-30C,2.59426073034351,2.60646076121585,2.59251777974766,2.60558938980103,1,3.4828888886921185
2023-12-01A,2.60558938980103,2.60646076121585,2.59251777974766,2.60558937909926,1,3.4968671357913363
2023-12-01C,2.60558937909926,2.61866098909893,2.60297505709932,2.616046667099,1,3.4968672467908934
2023-12-04A,2.616046667099,2.61866098909893,2.60297505709932,2.61604675013905,1,3.5038560928414824
2023-12-04C,2.61604675013905,2.62650383070454,2.61081810597321,2.6212751865387,1,3.4991965335789534
2023-12-05A,2.6212751865387,2.62650383070454,2.61081810597321,2.61778931647114,1,3.461921394458952
2023-12-05C,2.61778931647114,2.61778931647114,2.58816061188449,2.58990335464478,0,3.461921394458952
2023-12-06A,2.58990335464478,2.61778931647114,2.58816061188449,2.59077502675533,0,3.461921394458952
2023-12-06C,2.59077502675533,2.59164639816674,2.56288906392834,2.58728933334351,0,3.461921394458952
2023-12-07A,2.58728933334351,2.59164639816674,2.56288906392834,2.5846748216755,0,3.461921394458952
2023-12-07C,2.5846748216755,2.59513190114362,2.57334616309374,2.58816051483154,0,3.461921394458952
2023-12-08A,2.58816051483154,2.59513190114362,2.57334616309374,2.58816056337435,0,3.461921394458952
2023-12-08C,2.58816056337435,2.59861785080478,2.57508895408631,2.58903193473816,0,3.461921394458952
2023-12-11A,2.58903193473816,2.59861785080478,2.57508895408631,2.58206062424452,0,3.461921394458952
2023-12-11C,2.58206062424452,2.61430365108184,2.54546032492762,2.61168932914734,1,3.454990558620802
2023-12-12A,2.61168932914734,2.61430365108184,2.54546032492762,2.60646067490073,1,3.475783024784428
2023-12-12C,2.60646067490073,2.62301797783128,2.5968749663565,2.62214660644531,1,3.468852082887337
2023-12-13A,2.62214660644531,2.62301797783128,2.5968749663565,2.61691787218735,1,3.450369983181812
2023-12-13C,2.61691787218735,2.62301788721077,2.60210352030673,2.6029748916626,1,3.4619212250909164
2023-12-14A,2.6029748916626,2.62301788721077,2.60210352030673,2.61168920137532,1,3.459610859375175
2023-12-14C,2.61168920137532,2.61953216679514,2.59687484964868,2.60994625091553,1,3.463076236746106
2023-12-15A,2.60994625091553,2.61953216679514,2.59687484964868,2.61256054744913,1,3.4399736814288353
2023-12-15C,2.61256054744913,2.616046448335,2.58990323052184,2.59513187408447,0,3.4399736814288353
2023-12-18A,2.59513187408447,2.616046448335,2.58990323052184,2.58990353069888,0,3.4399736814288353
2023-12-18C,2.58990353069888,2.60558946320482,2.58118919300654,2.5925178527832,0,3.4399736814288353
2023-12-19A,2.5925178527832,2.60558946320482,2.58118919300654,2.58903218709144,0,3.4399736814288353
2023-12-19C,2.58903218709144,2.59164650920387,2.57508920508057,2.58554649353027,0,3.4399736814288353
2023-12-20A,2.58554649353027,2.59164650920387,2.57508920508057,2.58816068785945,0,3.4399736814288353
2023-12-20C,2.58816068785945,2.60297504058764,2.58031772190939,2.58380341529846,0,3.4399736814288353
2023-12-21A,2.58380341529846,2.60297504058764,2.58031772190939,2.57857501744001,0,3.4399736814288353
2023-12-21C,2.57857501744001,2.57857501744001,2.55243179721776,2.56637477874756,0,3.4399736814288353
2023-12-22A,2.56637477874756,2.57857501744001,2.55243179721776,2.56724637177035,0,3.4399736814288353
2023-12-22C,2.56724637177035,2.57857503133899,2.55591771220171,2.56288909912109,0,3.4399736814288353
2023-12-25A,2.56288909912109,2.57857503133899,2.55591771220171,2.55940327812937,0,3.4399736814288353
2023-12-25C,2.55940327812937,2.56201760003542,2.54284597531313,2.56114602088928,0,3.4399736814288353
2023-12-26A,2.56114602088928,2.56201760003542,2.54284597531313,2.56027486455814,0,3.4399736814288353
2023-12-26C,2.56027486455814,2.5768321687651,2.54371756035117,2.54633188247681,0,3.4399736814288353
2023-12-27A,2.54633188247681,2.5768321687651,2.54371756035117,2.54458889113847,0,3.4399736814288353
2023-12-27C,2.54458889113847,2.55766029272427,2.53326023228881,2.5567889213562,0,3.4399736814288353
2023-12-28A,2.5567889213562,2.55766029272427,2.53326023228881,2.55678881678076,0,3.4399736814288353
2023-12-28C,2.55678881678076,2.56027450987666,2.53413150000815,2.54110288619995,0,3.4399736814288353
2023-12-29A,2.54110288619995,2.56027450987666,2.53413150000815,2.54110328916471,0,3.4399736814288353
2023-12-29C,2.54110328916471,2.55766059370359,2.53326053039679,2.55417490005493,0,3.4399736814288353
2024-01-02A,2.55417490005493,2.55766059370359,2.53326053039679,2.55417453908625,0,3.4399736814288353
2024-01-02C,2.55417453908625,2.59948917341331,2.55330316773878,2.58816051483154,1,3.43765730810282
2024-01-03A,2.58816051483154,2.59948917341331,2.55330316773878,2.58641772650372,1,3.4863034672141846
2024-01-03C,2.58641772650372,2.62650371972648,2.58380340453126,2.62301802635193,1,3.4839868099425457
2024-01-04A,2.62301802635193,2.62650371972648,2.58380340453126,2.62127502438967,1,3.514101085176035
2024-01-04C,2.62127502438967,2.6491609863717,2.61691795969846,2.6439323425293,1,3.509468316226834
2024-01-05A,2.6439323425293,2.6491609863717,2.61691795969846,2.64044674909776,1,3.525683610844043
2024-01-05C,2.64044674909776,2.69011845194704,2.6369610556597,2.65264678001404,1,3.521050732480426
2024-01-08A,2.65264678001404,2.69011845194704,2.6369610556597,2.6491611042615,1,3.4920948884915375
2024-01-08C,2.6491611042615,2.65090405487526,2.62563241368983,2.62737536430359,1,3.490936322937811
2024-01-09A,2.62737536430359,2.65090405487526,2.62563241368983,2.62650368507064,1,3.5187342855752513
2024-01-09C,2.62650368507064,2.65090395390289,2.60646068872373,2.64741826057434,1,3.5048354009421208
2024-01-10A,2.64741826057434,2.65090395390289,2.60646068872373,2.6369610455666,1,3.5013606555165877
2024-01-10C,2.6369610455666,2.65351834904172,2.63086103013181,2.63434672355652,1,3.497885637845907
2024-01-11A,2.63434672355652,2.65351834904172,2.63086103013181,2.63173219671518,1,3.4689295202688215
2024-01-11C,2.63173219671518,2.63173219671518,2.60646055776211,2.60994625091553,0,3.4689295202688215
2024-01-12A,2.60994625091553,2.63173219671518,2.60646055776211,2.60994641648964,0,3.4689295202688215
2024-01-12C,2.60994641648964,2.62911804169893,2.60558935171301,2.62301802635193,1,3.4689295202688215
2024-01-15A,2.62301802635193,2.62911804169893,2.60558935171301,2.62301802635193,1,3.4689295202688215
2024-01-15C,2.62301802635193,2.62301802635193,2.62301802635193,2.62301802635193,1,3.482759168099666
2024-01-16A,2.62301802635193,2.62301802635193,2.62301802635193,2.63347526261068,1,3.4965886091713925
2024-01-16C,2.63347526261068,2.64567529306549,2.62214660354086,2.6439323425293,1,3.4942838574939628
2024-01-17A,2.6439323425293,2.64567529306549,2.62214660354086,2.64218961320579,1,3.453947369263994
2024-01-17C,2.64218961320579,2.65090395039875,2.60820363582339,2.61168932914734,0,3.453947369263994
2024-01-18A,2.61168932914734,2.65090395039875,2.60820363582339,2.60820360799104,0,3.453947369263994
2024-01-18C,2.60820360799104,2.60820360799104,2.52716025218472,2.58990335464478,0,3.453947369263994
2024-01-19A,2.58990335464478,2.60820360799104,2.52716025218472,2.58554623023164,0,3.453947369263994
2024-01-19C,2.58554623023164,2.59251761664404,2.56288891274205,2.57073187828064,0,3.453947369263994
2024-01-22A,2.57073187828064,2.59251761664404,2.56288891274205,2.57073193940979,0,3.453947369263994
2024-01-22C,2.57073193940979,2.57247468217124,2.47661697400727,2.5106029510498,0,3.453947369263994
2024-01-23A,2.5106029510498,2.57247468217124,2.47661697400727,2.53707826710122,0,3.453947369263994
2024-01-23C,2.53707826710122,2.53707826710122,2.47408495577204,2.5270357131958,0,3.453947369263994
2024-01-24A,2.5270357131958,2.53707826710122,2.47408495577204,2.53160073645053,0,3.453947369263994
2024-01-24C,2.53160073645053,2.59733291117108,2.52521013858373,2.58911633491516,1,3.4539474550729072
2024-01-25A,2.58911633491516,2.59733291117108,2.52521013858373,2.58911639923845,1,3.541635858460127
2024-01-25C,2.58911639923845,2.65667455402653,2.58911639923845,2.65484857559204,1,3.537981910380488
2024-01-26A,2.65484857559204,2.65667455402653,2.58911639923845,2.65210953655974,1,3.5915691353120303
2024-01-26C,2.65210953655974,2.69775681768591,2.64845779760233,2.69227910041809,1,3.5964409297207265
2024-01-29A,2.69227910041809,2.69775681768591,2.64845779760233,2.69593105024111,1,3.6098376633277036
2024-01-29C,2.69593105024111,2.72697115779596,2.69319219161411,2.70597338676453,1,3.5927874295824993
2024-01-30A,2.70597338676453,2.72697115779596,2.69319219161411,2.69319234699054,1,3.568429572327189
2024-01-30C,2.69319234699054,2.71875473876613,2.67036859633655,2.67493343353272,1,3.5611219972717056
2024-01-31A,2.67493343353272,2.71875473876613,2.67036859633655,2.669455596171,1,3.573300925352837
2024-01-31C,2.669455596171,2.70232168245291,2.65941325951887,2.67858505249023,1,3.5599042381454304
2024-02-01A,2.67858505249023,2.70232168245291,2.65941325951887,2.66854275074843,1,3.536764187377984
2024-02-01C,2.66854275074843,2.67128160944636,2.64206726177728,2.65119671821594,1,3.5343282832533514
2024-02-02A,2.65119671821594,2.67128160944636,2.64206726177728,2.64937073811691,1,3.546507211485788
2024-02-02C,2.64937073811691,2.6959311182878,2.60281057560944,2.65850019454956,1,3.5270208013302886
2024-02-05A,2.65850019454956,2.6959311182878,2.60281057560944,2.64389297056826,0,3.5270208013302886
2024-02-05C,2.64389297056826,2.68406275224058,2.61193998249187,2.66397786140442,1,3.517351366127382
2024-02-06A,2.66397786140442,2.68406275224058,2.61193998249187,2.65667448476907,1,3.577786897192249
2024-02-06C,2.65667448476907,2.71784182227356,2.63658959316701,2.70232176780701,1,3.5765781581592506
2024-02-07A,2.70232176780701,2.71784182227356,2.63658959316701,2.70140880068674,1,3.6309699902811183
2024-02-07C,2.70140880068674,2.74431722359802,2.67584619240842,2.74249124526978,1,3.629761425905841
2024-02-08A,2.74249124526978,2.74431722359802,2.67584619240842,2.74157841006943,1,3.63217896238233
2024-02-08C,2.74157841006943,2.76440216006283,2.72788411654071,2.74340438842773,1,3.634596207477465
2024-02-19A,2.74340438842773,2.76440216006283,2.72788411654071,2.74523014670412,1,3.7167887012742553
2024-02-19C,2.74523014670412,2.81096232025725,2.72331949474089,2.80731058120728,1,3.7022839451317298
2024-02-20A,2.80731058120728,2.81096232025725,2.72331949474089,2.79635506054968,1,3.7699717943631117
2024-02-20C,2.79635506054968,2.85478375420918,2.78996446299256,2.84748005867004,1,3.7603022594841797
2024-02-21A,2.84748005867004,2.85478375420918,2.78996446299256,2.84017660674885,1,3.7615108836056343
2024-02-21C,2.84017660674885,2.87943329043233,2.83196003081601,2.84108948707581,1,3.7554673219097268
2024-02-22A,2.84108948707581,2.87943329043233,2.83196003081601,2.83652475228438,1,3.8316161138679856
2024-02-22C,2.83652475228438,2.89586610672521,2.83469877404141,2.89404034614563,1,3.8291987779884473
2024-02-23A,2.89404034614563,2.89586610672521,2.83469877404141,2.89221451929929,1,3.809859350923659
2024-02-23C,2.89221451929929,2.90956055169367,2.86756500887751,2.87760734558106,1,3.8086507622196533
2024-02-26A,2.87760734558106,2.90956055169367,2.86756500887751,2.87669449200509,1,3.726458268474445
2024-02-26C,2.87669449200509,2.87669449200509,2.80274574238838,2.81461405754089,1,3.7119539687700294
2024-02-27A,2.81461405754089,2.87669449200509,2.80274574238838,2.80365888163346,0,3.7119539687700294
2024-02-27C,2.80365888163346,2.83835072959177,2.79452942504829,2.83013415336609,1,3.711953749265721
2024-02-28A,2.83013415336609,2.83835072959177,2.79452942504829,2.8301339860077,1,3.7047695576715967
2024-02-28C,2.8301339860077,2.85295773495268,2.80822333503163,2.82465648651123,1,3.6832162129720674
2024-02-29A,2.82465648651123,2.85295773495268,2.80822333503163,2.80822340100785,0,3.6832162129720674
2024-02-29C,2.80822340100785,2.84291546539313,2.80457166203661,2.84108948707581,1,3.6761149705746736
2024-03-01A,2.84108948707581,2.84291546539313,2.80457166203661,2.83561186535777,1,3.6772987197845435
2024-03-01C,2.83561186535777,2.85295789813503,2.82830838716914,2.83652496337891,1,3.6784820205418702
2024-03-04A,2.83652496337891,2.85295789813503,2.82830838716914,2.83743771548123,1,3.7092544193498815
2024-03-04C,2.83743771548123,2.8630001056494,2.82374342241728,2.86117434501648,1,3.7021529530822357
2024-03-05A,2.86117434501648,2.8630001056494,2.82374342241728,2.85569655061365,1,3.73410881800201
2024-03-05C,2.85569655061365,2.88217203804617,2.84747997499734,2.88034605979919,1,3.7293749135915446
2024-03-06A,2.88034605979919,2.88217203804617,2.84747997499734,2.87669451037181,1,3.7317421298151814
2024-03-06C,2.87669451037181,2.90408287989939,2.87395565165271,2.87852048873901,1,3.7317419389441335
2024-03-07A,2.87852048873901,2.90408287989939,2.87395565165271,2.87852034150852,1,3.754229222104133
2024-03-07C,2.87852034150852,2.91503816567747,2.87669436323471,2.89586615562439,1,3.755413025834348
2024-03-08A,2.89586615562439,2.91503816567747,2.87669436323471,2.8967792957004,1,3.774349626206242
2024-03-08C,2.8967792957004,2.91686396868723,2.87943326366898,2.91138625144958,1,3.7719826731542203
2024-03-11A,2.91138625144958,2.91686396868723,2.87943326366898,2.90956047608271,1,3.7364761243652
2024-03-11C,2.90956047608271,2.91229933468767,2.86026123885687,2.88217210769653,1,3.729374698525679
2024-03-12A,2.88217210769653,2.91229933468767,2.86026123885687,2.87669434447838,0,3.729374698525679
2024-03-12C,2.87669434447838,2.87669434447838,2.80457157691591,2.81735277175903,0,3.729374698525679
2024-03-13A,2.81735277175903,2.87669434447838,2.80457157691591,2.80913636813636,0,3.729374698525679
2024-03-13C,2.80913636813636,2.81004946615493,2.77627028105284,2.80092000961304,0,3.729374698525679
2024-03-14A,2.80092000961304,2.81004946615493,2.77627028105284,2.79270345584407,0,3.729374698525679
2024-03-14C,2.79270345584407,2.81461410818783,2.7853999776173,2.80913639068604,0,3.729374698525679
2024-03-15A,2.80913639068604,2.81461410818783,2.7853999776173,2.80274562585966,0,3.729374698525679
2024-03-15C,2.80274562585966,2.80822334303514,2.77900899654152,2.80365872383118,0,3.729374698525679
2024-03-18A,2.80365872383118,2.80822334303514,2.77900899654152,2.80092004144061,0,3.729374698525679
2024-03-18C,2.80092004144061,2.80092004144061,2.77535743223477,2.78813862800598,0,3.729374698525679
2024-03-19A,2.78813862800598,2.80092004144061,2.77535743223477,2.78813857922636,0,3.729374698525679
2024-03-19C,2.78813857922636,2.80822347056073,2.78174798145256,2.78631281852722,0,3.729374698525679
2024-03-20A,2.78631281852722,2.80822347056073,2.78174798145256,2.78539988772404,0,3.729374698525679
2024-03-20C,2.78539988772404,2.80000684370619,2.76714075741954,2.79179048538208,0,3.729374698525679
2024-03-21A,2.79179048538208,2.80000684370619,2.76714075741954,2.79087726754364,0,3.729374698525679
2024-03-21C,2.79087726754364,2.80274558201706,2.77900895307022,2.7954421043396,0,3.729374698525679
2024-03-22A,2.7954421043396,2.80274558201706,2.77900895307022,2.79361631378147,0,3.729374698525679
2024-03-22C,2.79361631378147,2.80274577032337,2.77627028105284,2.80092000961304,0,3.729374698525679
2024-03-25A,2.80092000961304,2.80274577032337,2.77627028105284,2.79635500261288,0,3.729374698525679
2024-03-25C,2.79635500261288,2.83835054368678,2.78174782950065,2.81004929542542,0,3.729374698525679
2024-03-26A,2.81004929542542,2.83835054368678,2.78174782950065,2.80457177501008,0,3.729374698525679
2024-03-26C,2.80457177501008,2.81187525324676,2.77809628549116,2.7945294380188,0,3.729374698525679
2024-03-27A,2.7945294380188,2.81187525324676,2.77809628549116,2.79087743615048,0,3.729374698525679
2024-03-27C,2.79087743615048,2.81552716454372,2.78631281674215,2.79361629486084,0,3.729374698525679
2024-03-28A,2.79361629486084,2.81552716454372,2.78631281674215,2.79179053595145,0,3.729374698525679
2024-03-28C,2.79179053595145,2.79544227501314,2.76622792719285,2.78631281852722,0,3.729374698525679
2024-03-29A,2.78631281852722,2.79544227501314,2.76622792719285,2.78357385765724,0,3.729374698525679
2024-03-29C,2.78357385765724,2.80548450888662,2.77535728182244,2.80457162857056,1,3.7269467063192723
2024-04-01A,2.80457162857056,2.80548450888662,2.77535728182244,2.80274572513984,1,3.7233047133041084
2024-04-01C,2.80274572513984,2.80457170348414,2.79087741006036,2.80000686645508,1,3.7233046372420335
2024-04-02A,2.80000686645508,2.80457170348414,2.79087741006036,2.80000680925473,1,3.7487985878273458
2024-04-02C,2.80000680925473,2.82556941723578,2.79909392893293,2.81917881965637,1,3.7487985085462023
2024-04-03A,2.81917881965637,2.82556941723578,2.79909392893293,2.81917876003521,1,3.793716034615533
2024-04-03C,2.81917876003521,2.85478370379329,2.81552702116183,2.8529577255249,1,3.7888602309145325
2024-04-08A,2.8529577255249,2.85478370379329,2.81552702116183,2.84930605456271,1,3.8058560050586734
2024-04-08C,2.84930605456271,2.88582387949366,2.83287290274574,2.86208724975586,1,3.802214021231087
2024-04-09A,2.86208724975586,2.88582387949366,2.83287290274574,2.85934839798036,1,3.7876460493939614
2024-04-09C,2.85934839798036,2.87395557152047,2.83378600753272,2.84839296340942,1,3.78764588339612
2024-04-10A,2.84839296340942,2.87395557152047,2.83378600753272,2.8483928385754,1,3.800999953474071
2024-04-10C,2.8483928385754,2.87669430408883,2.84382821947983,2.85843539237976,1,3.7912879221465583
2024-04-11A,2.85843539237976,2.87669430408883,2.84382821947983,2.85113173165409,1,3.849559518209892
2024-04-11C,2.85113173165409,2.90864754366449,2.8465671125032,2.89495325088501,1,3.8410616657143852
2024-04-12A,2.89495325088501,2.90864754366449,2.8465671125032,2.88856267929077,1,3.8410616657143852
2024-04-12C,2.88856267929077,2.9049956131096,2.87760724496928,2.88856267929077,1,3.842275723715263
2024-04-15A,2.88856267929077,2.9049956131096,2.87760724496928,2.88947567755454,1,3.921185090195014
2024-04-15C,2.88947567755454,2.95064323146205,2.88125910147799,2.94881725311279,1,3.9199711198197966
2024-04-16A,2.94881725311279,2.95064323146205,2.88125910147799,2.94790432074544,1,3.938180795186028
2024-04-16C,2.94790432074544,2.98533502610567,2.92416769094104,2.96159839630127,1,3.9163292047373983
2024-04-17A,2.96159839630127,2.98533502610567,2.92416769094104,2.94516552066783,1,3.978242507426343
2024-04-17C,2.94516552066783,2.99629052026393,2.92416774908972,2.99172568321228,1,3.977028347686892
2024-04-18A,2.99172568321228,2.99629052026393,2.92416774908972,2.99081260843887,1,3.9891682271957856
2024-04-18C,2.99081260843887,3.03098217063037,2.98533489139835,2.99994206428528,1,3.9746002139129013
2024-04-19A,2.99994206428528,3.03098217063037,2.98533489139835,2.98898659854622,1,4.015876035355991
2024-04-19C,2.98898659854622,3.03554697523412,2.98259600128777,3.02002692222595,1,4.013448178886952
2024-04-22A,3.02002692222595,3.03554697523412,2.98259600128777,3.01820112087271,1,3.9102590533888537
2024-04-22C,3.01820112087271,3.02915655547969,2.93968775329177,2.94060063362122,0,3.9102590533888537
2024-04-23A,2.94060063362122,3.02915655547969,2.93968775329177,2.9278194062775,0,3.9102590533888537
2024-04-23C,2.9278194062775,2.93603598214272,2.88673674461484,2.89677929878235,0,3.9102590533888537
2024-04-24A,2.89677929878235,2.93603598214272,2.88673674461484,2.89677932319459,0,3.9102590533888537
2024-04-24C,2.89677932319459,2.90225682282082,2.86665209576499,2.89769220352173,0,3.9102590533888537
2024-04-25A,2.89769220352173,2.90225682282082,2.86665209576499,2.89038838209532,0,3.9102590533888537
2024-04-25C,2.89038838209532,2.91595098911308,2.88582376299492,2.91503810882568,0,3.9102590533888537
2024-04-26A,2.91503810882568,2.91595098911308,2.88582376299492,2.90956044996469,0,3.9102590533888537
2024-04-26C,2.90956044996469,2.92508050347787,2.86939066922817,2.88856267929077,0,3.9102590533888537
2024-04-29A,2.88856267929077,2.92508050347787,2.86939066922817,2.87578163913522,0,3.9102590533888537
2024-04-29C,2.87578163913522,2.878520497863,2.83013413878116,2.85752272605896,0,3.9102590533888537
2024-04-30A,2.85752272605896,2.878520497863,2.83013413878116,2.85204491162126,0,3.9102590533888537
2024-04-30C,2.85204491162126,2.88582387789736,2.85021893331036,2.86939072608948,0,3.9102590533888537
2024-05-06A,2.86939072608948,2.88582387789736,2.85021893331036,2.87395562555634,0,3.9102590533888537
2024-05-06C,2.87395562555634,2.88582394067686,2.85569671270375,2.88491106033325,0,3.9102590533888537
2024-05-07A,2.88491106033325,2.88582394067686,2.85569671270375,2.88125910363201,0,3.9102590533888537
2024-05-07C,2.88125910363201,2.88947567971469,2.86939078851148,2.88491106033325,0,3.9102590533888537
2024-05-08A,2.88491106033325,2.88947567971469,2.86939078851148,2.88308502837235,0,3.9102590533888537
2024-05-08C,2.88308502837235,2.91412513611188,2.87943328940241,2.90499567985535,1,3.9078013268451053
2024-05-09A,2.90499567985535,2.91412513611188,2.87943328940241,2.9031697944359,1,3.923776629016093
2024-05-09C,2.9031697944359,2.91960272792608,2.89586609914651,2.91503810882568,1,3.920090120640418
2024-05-10A,2.91503810882568,2.91960272792608,2.89586609914651,2.91229934119958,1,3.947125022862039
2024-05-10C,2.91229934119958,2.93238401412964,2.90499564568222,2.93238401412964,1,3.940980700269295
2024-05-13A,2.93238401412964,2.93238401412964,2.90499564568222,2.92781929595014,1,3.9520405924326245
2024-05-13C,2.92781929595014,2.93968761030931,2.89677918962466,2.93603587150574,1,3.945896212669453
2024-05-14A,2.93603587150574,2.93968761030931,2.89677918962466,2.93147111085339,1,3.9360653924813183
2024-05-14C,2.93147111085339,2.93420996944302,2.90682160121012,2.92416763305664,1,3.931149628636996
2024-05-15A,2.92416763305664,2.93420996944302,2.90682160121012,2.92051563135139,1,3.9348362593968136
2024-05-15C,2.92051563135139,2.94060052147708,2.90864753453098,2.92325448989868,1,3.9336074733716564
2024-05-16A,2.92325448989868,2.94060052147708,2.90864753453098,2.92234160457681,1,3.9434385863759585
2024-05-16C,2.92234160457681,2.94242649466796,2.92051562632729,2.9296452999115,1,3.943438801769541
2024-05-17A,2.9296452999115,2.94242649466796,2.92051562632729,2.92964545993093,1,3.969244925468423
2024-05-17C,2.92964545993093,2.95155611180497,2.91777714481928,2.94881725311279,1,3.9667870850429146
2024-05-20A,2.94881725311279,2.95155611180497,2.91777714481928,2.94699128308871,1,4.017170846244807
2024-05-20C,2.94699128308871,2.9917256849695,2.94699128308871,2.98442220687866,1,4.007339437135194
2024-05-21A,2.98442220687866,2.9917256849695,2.94699128308871,2.97711829156247,1,4.036832482682195
2024-05-21C,2.97711829156247,3.00541975681993,2.97529253100611,2.9990291595459,1,4.038061261918311
2024-05-22A,2.9990291595459,3.00541975681993,2.97529253100611,2.99994203982408,1,4.036832482682195
2024-05-22C,2.99994203982408,3.02824328741815,2.99811606160433,2.9990291595459,1,4.0245439925965085
2024-05-23A,2.9990291595459,3.02824328741815,2.99811606160433,2.98989983841309,1,3.98522012541973
2024-05-23C,2.98989983841309,2.99446445767293,2.95429489400008,2.96068549156189,1,3.9803048159947183
2024-05-24A,2.96068549156189,2.99446445767293,2.95429489400008,2.95703382745221,0,3.9803048159947183
2024-05-24C,2.95703382745221,2.99172567476045,2.94973013172288,2.95612072944641,0,3.9803048159947183
2024-05-27A,2.95612072944641,2.99172567476045,2.94973013172288,2.95794656705664,0,3.9803048159947183
2024-05-27C,2.95794656705664,3.00815868377686,2.95794656705664,3.00815868377686,1,3.974264703591167
2024-05-28A,3.00815868377686,3.00815868377686,2.95794656705664,3.00359380309116,1,3.9694328329740394
2024-05-28C,3.00359380309116,3.01546211745783,2.98807374991861,2.99994206428528,1,3.9621850072368034
2024-05-29A,2.99994206428528,3.01546211745783,2.98807374991861,2.99446444110367,1,3.973056932470357
2024-05-29C,2.99446444110367,3.02733052671357,2.98898672389146,3.002681016922,1,3.960977122427535
2024-05-30A,3.002681016922,3.02733052671357,2.98898672389146,2.99355156901322,1,3.9452733263822553
2024-05-30C,2.99355156901322,3.01911395918924,2.97346667840105,2.98168325424194,0,3.9452733263822553
2024-05-31A,2.98168325424194,3.01911395918924,2.97346667840105,2.98077034803886,0,3.9452733263822553
2024-05-31C,2.98077034803886,3.00176811878542,2.98077034803886,2.98807382583618,1,3.939246202457327
2024-06-03A,2.98807382583618,3.00176811878542,2.98077034803886,2.98350899857194,0,3.939246202457327
2024-06-03C,2.98350899857194,2.9844220965471,2.94516541351743,2.95977258682251,0,3.939246202457327
2024-06-04A,2.95977258682251,2.9844220965471,2.94516541351743,2.95612055438964,0,3.939246202457327
2024-06-04C,2.95612055438964,2.97437946613659,2.94242647941113,2.97164082527161,0,3.939246202457327
2024-06-05A,2.97164082527161,2.97437946613659,2.94242647941113,2.96981486107775,0,3.939246202457327
2024-06-05C,2.96981486107775,2.97529257816042,2.93329703741114,2.93694877624512,0,3.939246202457327
2024-06-06A,2.93694877624512,2.97529257816042,2.93329703741114,2.93694881855476,0,3.939246202457327
2024-06-06C,2.93694881855476,2.96707604528007,2.93603593824896,2.95246887207031,0,3.939246202457327
2024-06-07A,2.95246887207031,2.96707604528007,2.93603593824896,2.95064322096855,0,3.939246202457327
2024-06-07C,2.95064322096855,2.97803159012955,2.95064322096855,2.97711849212646,1,3.9368303354742133
2024-06-11A,2.97711849212646,2.97803159012955,2.95064322096855,2.97529268030859,1,3.871598858898564
2024-06-11C,2.97529268030859,2.97620556063258,2.91138626903458,2.9259934425354,0,3.871598858898564
2024-06-12A,2.9259934425354,2.97620556063258,2.91138626903458,2.9205158028798,0,3.871598858898564
2024-06-12C,2.9205158028798,2.96707618325501,2.90682172700244,2.96342444419861,1,3.86444223077465
2024-06-13A,2.96342444419861,2.96707618325501,2.90682172700244,2.95794657123362,0,3.86444223077465
2024-06-13C,2.95794657123362,2.96342428836188,2.92781934469163,2.9378616809845,0,3.86444223077465
2024-06-14A,2.9378616809845,2.96342428836188,2.92781934469163,2.93694896408554,0,3.86444223077465
2024-06-14C,2.93694896408554,2.95064325766808,2.92690662723396,2.94242668151856,0,3.86444223077465
2024-06-17A,2.94242668151856,2.95064325766808,2.92690662723396,2.93512288259457,0,3.86444223077465
2024-06-17C,2.93512288259457,2.94425233877436,2.8967792972375,2.90408277511597,0,3.86444223077465
2024-06-18A,2.90408277511597,2.94425233877436,2.8967792972375,2.90408274920771,0,3.86444223077465
2024-06-18C,2.90408274920771,2.91503818359108,2.88308497841518,2.9104733467102,0,3.86444223077465
2024-06-19A,2.9104733467102,2.91503818359108,2.88308497841518,2.90956046639939,0,3.86444223077465
2024-06-19C,2.90956046639939,2.92234166140439,2.90316986889689,2.9104733467102,0,3.86444223077465
2024-06-20A,2.9104733467102,2.92234166140439,2.90316986889689,2.90864753587783,0,3.86444223077465
2024-06-20C,2.90864753587783,2.9232544912523,2.90408269907576,2.91595101356506,0,3.86444223077465
2024-06-21A,2.91595101356506,2.9232544912523,2.90408269907576,2.9141251779755,0,3.86444223077465
2024-06-21C,2.9141251779755,2.92508061270609,2.90499572158782,2.92051577568054,0,3.86444223077465
2024-06-24A,2.92051577568054,2.92508061270609,2.90499572158782,2.91321221500152,0,3.86444223077465
2024-06-24C,2.91321221500152,2.91321221500152,2.8693906949856,2.88217210769653,0,3.86444223077465
2024-06-25A,2.88217210769653,2.91321221500152,2.8693906949856,2.8812589337716,0,3.86444223077465
2024-06-25C,2.8812589337716,2.90499556261329,2.88034605348181,2.89404034614563,0,3.86444223077465
2024-06-26A,2.89404034614563,2.90499556261329,2.88034605348181,2.89312724688467,0,3.86444223077465
2024-06-26C,2.89312724688467,2.90408268101077,2.87760719364829,2.90134382247925,0,3.86444223077465
2024-06-27A,2.90134382247925,2.90408268101077,2.87760719364829,2.90134382247925,0,3.86444223077465
2024-06-27C,2.90134382247925,2.91321213689473,2.88947550806377,2.90134382247925,0,3.86444223077465
2024-06-28A,2.90134382247925,2.91321213689473,2.88947550806377,2.89951805434062,0,3.86444223077465
2024-06-28C,2.89951805434062,2.92964528044546,2.89312723934146,2.9223415851593,1,3.857198861700144
2024-07-01A,2.9223415851593,2.92964528044546,2.89312723934146,2.91686405505301,1,3.946536321863582
2024-07-01C,2.91686405505301,2.98716106557858,2.9141251963531,2.98442220687866,1,3.9441214365461494
2024-07-02A,2.98442220687866,2.98716106557858,2.9141251963531,2.98259603912531,1,3.9489504181266843
2024-07-02C,2.98259603912531,2.99446435351684,2.96251114915579,2.98624777793884,1,3.948950488399792
2024-07-03A,2.98624777793884,2.99446435351684,2.96251114915579,2.98624783108028,1,3.922390945317494
2024-07-03C,2.98624783108028,2.99263864619694,2.96068544126727,2.96616315841675,1,3.9223909864393054
2024-07-04A,2.96616315841675,2.99263864619694,2.96068544126727,2.9661631895136,1,3.905489118679293
2024-07-04C,2.9661631895136,2.9789443845541,2.9479042772662,2.95338177680969,1,3.905489062605041
2024-07-05A,2.95338177680969,2.9789443845541,2.9479042772662,2.95338173440561,1,3.884965674726979
2024-07-05C,2.95338173440561,2.96159831009799,2.92142874726314,2.9378616809845,0,3.884965674726979
2024-07-08A,2.9378616809845,2.96159831009799,2.92142874726314,2.93694894687981,0,3.884965674726979
2024-07-08C,2.93694894687981,2.94607840332688,2.92142889268613,2.92781949043274,0,3.884965674726979
2024-07-09A,2.92781949043274,2.94607840332688,2.92142889268613,2.92690645797126,0,3.884965674726979
2024-07-09C,2.92690645797126,2.95338172792741,2.90590868746795,2.95155596733093,1,3.8777558240974144
2024-07-10A,2.95155596733093,2.95338172792741,2.90590868746795,2.94607836999006,1,3.8056563113312603
2024-07-10C,2.94607836999006,2.94699125032542,2.88764989292267,2.89130163192749,0,3.8056563113312603
2024-07-11A,2.89130163192749,2.94699125032542,2.88764989292267,2.89404032665274,0,3.8056563113312603
2024-07-11C,2.89404032665274,2.90225668453229,2.8766942952832,2.88673663139343,0,3.8056563113312603
2024-07-12A,2.88673663139343,2.90225668453229,2.8766942952832,2.88673675138566,0,3.8056563113312603
2024-07-12C,2.88673675138566,2.90316990315463,2.876694414858,2.88308501243591,0,3.8056563113312603
2024-07-15A,2.88308501243591,2.90316990315463,2.876694414858,2.87760723566392,0,3.8056563113312603
2024-07-15C,2.87760723566392,2.91960277687596,2.86482604077245,2.91686391830444,1,3.800891957250222
2024-07-16A,2.91686391830444,2.91960277687596,2.86482604077245,2.91321225578525,0,3.800891957250222
2024-07-16C,2.91321225578525,2.91960285339848,2.89221448462888,2.90499567985535,0,3.800891957250222
2024-07-17A,2.90499567985535,2.91960285339848,2.89221448462888,2.9031699959182,0,3.800891957250222
2024-07-17C,2.9031699959182,2.90864771334955,2.88217222420696,2.89312744140625,0,3.800891957250222
2024-07-18A,2.89312744140625,2.90864771334955,2.88217222420696,2.89038848355602,0,3.800891957250222
2024-07-18C,2.89038848355602,2.89769217910179,2.8639132129849,2.89677929878235,0,3.800891957250222
2024-07-19A,2.89677929878235,2.89769217910179,2.8639132129849,2.88856273126507,0,3.800891957250222
2024-07-19C,2.88856273126507,2.89038849190924,2.85934838432438,2.8757815361023,0,3.800891957250222
2024-07-22A,2.8757815361023,2.89038849190924,2.85934838432438,2.86939068534409,0,3.800891957250222
2024-07-22C,2.86939068534409,2.86939068534409,2.82191764423227,2.84656715393066,0,3.800891957250222
2024-07-23A,2.84656715393066,2.86939068534409,2.82191764423227,2.84200237431325,0,3.800891957250222
2024-07-23C,2.84200237431325,2.84748009161513,2.82374346174925,2.82739520072937,0,3.800891957250222
2024-07-24A,2.82739520072937,2.84748009161513,2.82374346174925,2.82465662920516,0,3.800891957250222
2024-07-24C,2.82465662920516,2.83652494442996,2.81278831398036,2.82922124862671,0,3.800891957250222
2024-07-25A,2.82922124862671,2.83652494442996,2.81278831398036,2.8210044861397,0,3.800891957250222
2024-07-25C,2.8210044861397,2.82374334467709,2.79361611842923,2.81643986701965,0,3.800891957250222
2024-07-26A,2.81643986701965,2.82374334467709,2.79361611842923,2.81278827953841,0,3.800891957250222
2024-07-26C,2.81278827953841,2.81917887724838,2.78539991035425,2.80000686645508,0,3.800891957250222
2024-07-29A,2.80000686645508,2.81917887724838,2.78539991035425,2.79361616833924,0,3.800891957250222
2024-07-29C,2.79361616833924,2.81187508047243,2.78722557085896,2.8109622001648,0,3.800891957250222
2024-07-30A,2.8109622001648,2.81187508047243,2.78722557085896,2.80731046787964,0,3.800891957250222
2024-07-30C,2.80731046787964,2.80822334818943,2.7863126971107,2.79726791381836,0,3.800891957250222
2024-07-31A,2.79726791381836,2.80822334818943,2.7863126971107,2.79635497565564,0,3.800891957250222
2024-07-31C,2.79635497565564,2.82556932159847,2.79270323682863,2.82374334335327,0,3.800891957250222
2024-08-01A,2.82374334335327,2.82556932159847,2.79270323682863,2.8237434373627,1,3.8045785902462543
2024-08-01C,2.8237434373627,2.83561175219314,2.81552707914425,2.82648229598999,1,3.7873745003554475
2024-08-02A,2.82648229598999,2.83561175219314,2.81552707914425,2.81370110239876,0,3.7873745003554475
2024-08-02C,2.81370110239876,2.83013403650819,2.80091990723994,2.81917881965637,1,3.7800154536134816
2024-08-05A,2.81917881965637,2.83013403650819,2.80091990723994,2.81370102264795,0,3.7800154536134816
2024-08-05C,2.81370102264795,2.81917873975031,2.77809607914606,2.78174781799316,0,3.7800154536134816
2024-08-06A,2.78174781799316,2.81917873975031,2.77809607914606,2.78266106222198,0,3.7800154536134816
2024-08-06C,2.78266106222198,2.79909399672943,2.75070785588758,2.77170562744141,0,3.7800154536134816
2024-08-07A,2.77170562744141,2.79909399672943,2.75070785588758,2.76166319035997,0,3.7800154536134816
2024-08-07C,2.76166319035997,2.79635503646604,2.75983721207506,2.78266096115112,0,3.7800154536134816
2024-08-08A,2.78266096115112,2.79635503646604,2.75983721207506,2.78266105338012,0,3.7800154536134816
2024-08-08C,2.78266105338012,2.79635512914891,2.77353159697979,2.79270339012146,0,3.7800154536134816
2024-08-09A,2.79270339012146,2.79635512914891,2.77353159697979,2.79270329755962,1,3.7664228221127822
2024-08-09C,2.79270329755962,2.79818101475095,2.7790090045813,2.78266096115112,0,3.7664228221127822
2024-08-12A,2.78266096115112,2.79818101475095,2.7790090045813,2.77809625942659,0,3.7664228221127822
2024-08-12C,2.77809625942659,2.80731060742602,2.77079278125844,2.80092000961304,1,3.7615120351212568
2024-08-13A,2.80092000961304,2.80731060742602,2.77079278125844,2.79726807721003,1,3.767650413487407
2024-08-13C,2.79726807721003,2.80822351222102,2.78448688147283,2.80183291435242,1,3.7664225690605027
2024-08-14A,2.80183291435242,2.80822351222102,2.78448688147283,2.80091982142939,1,3.75905663265773
2024-08-14C,2.80091982142939,2.80731041881302,2.79087726754364,2.7954421043396,1,3.756601463193628
2024-08-15A,2.7954421043396,2.80731041881302,2.79087726754364,2.79361630474041,1,3.794658706143749
2024-08-15C,2.79361630474041,2.8283083700854,2.78722570694811,2.82191777229309,1,3.7946585776258996
2024-08-16A,2.82191777229309,2.8283083700854,2.78722570694811,2.82191767672012,1,3.8007966630168744
2024-08-16C,2.82191767672012,2.83287289356586,2.81461398115955,2.82648229598999,1,3.7995690587645212
2024-08-19A,2.82648229598999,2.83287289356586,2.81461398115955,2.82556938167402,1,3.8376260072738675
2024-08-19C,2.82556938167402,2.85569660854831,2.82283052307969,2.85387063026428,1,3.8400815932737107
2024-08-20A,2.85387063026428,2.85569660854831,2.82283052307969,2.85569673962245,1,3.7946587061437493
2024-08-20C,2.85569673962245,2.85752271799028,2.80822347869286,2.82191777229309,1,3.7872926897010903
2024-08-21A,2.82191777229309,2.85752271799028,2.80822347869286,2.81643999568122,1,3.7541462671592303
2024-08-21C,2.81643999568122,2.81735287601425,2.77535733340705,2.79179048538208,0,3.7541462671592303
2024-08-22A,2.79179048538208,2.81735287601425,2.77535733340705,2.78996460087332,0,3.7541462671592303
2024-08-22C,2.78996460087332,2.80639753573754,2.7844868833641,2.7945294380188,0,3.7541462671592303
2024-08-23A,2.7945294380188,2.80639753573754,2.7844868833641,2.79361627046247,0,3.7541462671592303
2024-08-23C,2.79361627046247,2.8027457268628,2.77992219469368,2.79270339012146,0,3.7541462671592303
2024-08-26A,2.79270339012146,2.8027457268628,2.77992219469368,2.78996451404846,0,3.7541462671592303
2024-08-26C,2.78996451404846,2.79270337271783,2.76257614501814,2.77809619903564,0,3.7541462671592303
2024-08-27A,2.77809619903564,2.79270337271783,2.76257614501814,2.77353155371841,0,3.7541462671592303
2024-08-27C,2.77353155371841,2.78813850960037,2.77079269507469,2.78448677062988,0,3.7541462671592303
2024-08-28A,2.78448677062988,2.78813850960037,2.77079269507469,2.77992222798657,0,3.7541462671592303
2024-08-28C,2.77992222798657,2.79179054321548,2.76440217368647,2.77261853218079,0,3.7541462671592303
2024-08-29A,2.77261853218079,2.79179054321548,2.76440217368647,2.77079272097409,0,3.7541462671592303
2024-08-29C,2.77079272097409,2.77079272097409,2.71692886324979,2.72149348258972,0,3.7541462671592303
2024-08-30A,2.72149348258972,2.77079272097409,2.71692886324979,2.71966776524276,0,3.7541462671592303
2024-08-30C,2.71966776524276,2.7497949934218,2.69866999355241,2.7297101020813,0,3.7541462671592303
2024-09-02A,2.7297101020813,2.7497949934218,2.69866999355241,2.72423237748753,0,3.7541462671592303
2024-09-02C,2.72423237748753,2.75892444265134,2.6968440080935,2.74340438842773,0,3.7541462671592303
2024-09-03A,2.74340438842773,2.75892444265134,2.6968440080935,2.74157827885402,0,3.7541462671592303
2024-09-03C,2.74157827885402,2.75070773488175,2.7014087158647,2.718754529953,0,3.7541462671592303
2024-09-04A,2.718754529953,2.75070773488175,2.7014087158647,2.71145126567598,0,3.7541462671592303
2024-09-04C,2.71145126567598,2.72423246158842,2.69501811293421,2.7178418636322,0,3.7541462671592303
2024-09-05A,2.7178418636322,2.72423246158842,2.69501811293421,2.71510283618955,0,3.7541462671592303
2024-09-05C,2.71510283618955,2.72788403130806,2.70779935831137,2.71966767311096,0,3.7541462671592303
2024-09-06A,2.71966767311096,2.72788403130806,2.70779935831137,2.72058051624123,0,3.7541462671592303
2024-09-06C,2.72058051624123,2.73062285260231,2.69593100666006,2.69775676727295,0,3.7541462671592303
2024-09-09A,2.69775676727295,2.73062285260231,2.69593100666006,2.68954064431375,0,3.7541462671592303
2024-09-09C,2.68954064431375,2.69136640508625,2.63932852279192,2.64754509925842,0,3.7541462671592303
2024-09-10A,2.64754509925842,2.69136640508625,2.63932852279192,2.64663197484516,0,3.7541462671592303
2024-09-10C,2.64663197484516,2.65850029040186,2.63202480049358,2.65393567085266,0,3.7541462671592303
2024-09-11A,2.65393567085266,2.65850029040186,2.63202480049358,2.64937076531398,0,3.7541462671592303
2024-09-11C,2.64937076531398,2.64937076531398,2.58363859125878,2.5955069065094,0,3.7541462671592303
2024-09-12A,2.5955069065094,2.64937076531398,2.58363859125878,2.59276811518124,0,3.7541462671592303
2024-09-12C,2.59276811518124,2.61467898554479,2.58363865841756,2.60463643074036,0,3.7541462671592303
2024-09-13A,2.60463643074036,2.61467898554479,2.58363865841756,2.60281067200187,0,3.7541462671592303
2024-09-13C,2.60281067200187,2.62563420509703,2.59459409560917,2.59733295440674,0,3.7541462671592303
2024-09-18A,2.59733295440674,2.62563420509703,2.59459409560917,2.59641989554508,0,3.7541462671592303
2024-09-18C,2.59641989554508,2.63111174182376,2.59459391725108,2.62746000289917,0,3.7541462671592303
2024-09-19A,2.62746000289917,2.63111174182376,2.59459391725108,2.62837295815846,0,3.7541462671592303
2024-09-19C,2.62837295815846,2.63476355587456,2.60098458894802,2.62289524078369,0,3.7541462671592303
2024-09-20A,2.62289524078369,2.63476355587456,2.60098458894802,2.62198240556417,0,3.7541462671592303
2024-09-20C,2.62198240556417,2.62837300339024,2.60737523153454,2.62380838394165,0,3.7541462671592303
2024-09-23A,2.62380838394165,2.62837300339024,2.60737523153454,2.62015641629439,0,3.7541462671592303
2024-09-23C,2.62015641629439,2.65850022075483,2.61559179686477,2.65210962295532,1,3.7890382046343474
2024-09-24A,2.65210962295532,2.65850022075483,2.61559179686477,2.67675896705542,1,3.927314986729611
2024-09-24C,2.67675896705542,2.77535722195592,2.66580375050874,2.77444434165955,1,3.9880532116927894
2024-09-25A,2.77444434165955,2.77535722195592,2.66580375050874,2.81735274731098,1,3.98676100034964
2024-09-25C,2.81735274731098,2.87486834126932,2.81096214994488,2.81643986701965,1,3.979007234382326
2024-09-26A,2.81643986701965,2.87486834126932,2.81096214994488,2.8109622335252,1,4.121160653969799
2024-09-26C,2.8109622335252,2.91595108836876,2.80639739660602,2.91138625144958,1,4.166391308730856
2024-09-27A,2.91138625144958,2.91595108836876,2.80639739660602,2.94333936307811,1,4.106945273539873
2024-09-27C,2.94333936307811,2.9698148504406,2.86482599894343,2.90134382247925,1,4.206453101778721
2024-09-30A,2.90134382247925,2.9698148504406,2.86482599894343,2.97164094199754,1,4.3925447905995805
2024-09-30C,2.97164094199754,3.13414539352658,2.95064317089742,3.10310506820679,1,4.821589974926081
2024-10-08A,3.10310506820679,3.13414539352658,2.95064317089742,3.40620323781966,1,4.399006357839475
2024-10-08C,3.40620323781966,3.40620323781966,3.02733048681649,3.10766983032227,1,4.3550677718248725
2024-10-09A,3.10766983032227,3.40620323781966,3.02733048681649,3.0766294982479,1,4.068176207589666
2024-10-09C,3.0766294982479,3.0766294982479,2.8721295099416,2.87395548820496,0,4.068176207589666
2024-10-10A,2.87395548820496,3.0766294982479,2.8721295099416,2.87395542548695,0,4.068176207589666
2024-10-10C,2.87395542548695,3.05380590046179,2.87395542548695,2.98533487319946,1,4.070664621813193
2024-10-11A,2.98533487319946,3.05380590046179,2.87395542548695,2.98716093711149,1,4.013436448257337
2024-10-11C,2.98716093711149,3.01272332699351,2.91686392960915,2.94516539573669,1,4.028365367920907
2024-10-14A,2.94516539573669,3.01272332699351,2.91686392960915,2.95612063027341,1,4.120428224317654
2024-10-14C,2.95612063027341,3.04376367010463,2.95612063027341,3.02367877960205,1,4.105498874567385
2024-10-15A,3.02367877960205,3.04376367010463,2.95612063027341,3.01272322945638,1,4.019656617012746
2024-10-15C,3.01272322945638,3.02002692466007,2.94790415888022,2.94972991943359,0,4.019656617012746
2024-10-16A,2.94972991943359,3.02002692466007,2.94790415888022,2.93329704005416,0,4.019656617012746
2024-10-16C,2.93329704005416,3.01272328483427,2.92964530121689,2.99355149269104,1,4.018430753206083
2024-10-17A,2.99355149269104,3.01272328483427,2.92964530121689,2.99263855738887,1,3.9608142428821207
2024-10-17C,2.99263855738887,3.01454920767315,2.94699106094013,2.94972991943359,0,3.9608142428821207
2024-10-18A,2.94972991943359,3.01454920767315,2.94699106094013,2.94425238309987,0,3.9608142428821207
2024-10-18C,2.94425238309987,3.00085509933207,2.90408281883674,2.96890211105347,0,3.9608142428821207
2024-10-21A,2.96890211105347,3.00085509933207,2.90408281883674,2.97164083292093,0,3.9608142428821207
2024-10-21C,2.97164083292093,2.97620545203772,2.93147105284353,2.95064306259155,0,3.9608142428821207
2024-10-22A,2.95064306259155,2.97620545203772,2.93147105284353,2.95064317938929,0,3.9608142428821207
2024-10-22C,2.95064317938929,2.97437959153028,2.93786176649687,2.96159839630127,0,3.9608142428821207
2024-10-23A,2.96159839630127,2.97437959153028,2.93786176649687,2.96159842070631,0,3.9608142428821207
2024-10-23C,2.96159842070631,2.97164097503764,2.95064320370406,2.96251130104065,0,3.9608142428821207
2024-10-24A,2.96251130104065,2.97164097503764,2.95064320370406,2.95703371037146,0,3.9608142428821207
2024-10-24C,2.95703371037146,2.95885947098394,2.93603593968406,2.94516539573669,0,3.9608142428821207
2024-10-25A,2.94516539573669,2.95885947098394,2.93603593968406,2.94516532607205,0,3.9608142428821207
2024-10-25C,2.94516532607205,2.95246880367604,2.93420989200267,2.94333934783936,0,3.9608142428821207
2024-10-28A,2.94333934783936,2.95246880367604,2.93420989200267,2.94060064937273,0,3.9608142428821207
2024-10-28C,2.94060064937273,2.96342439903839,2.93421005170556,2.96251130104065,0,3.9608142428821207
2024-10-29A,2.96251130104065,2.96342439903839,2.93421005170556,2.96068560367866,0,3.9608142428821207
2024-10-29C,2.96068560367866,2.96707620148247,2.91412522301742,2.9214289188385,0,3.9608142428821207
2024-10-30A,2.9214289188385,2.96707620148247,2.91412522301742,2.92142878929576,0,3.9608142428821207
2024-10-30C,2.92142878929576,2.92599340852605,2.87212955209558,2.88947558403015,0,3.9608142428821207
2024-10-31A,2.88947558403015,2.92599340852605,2.87212955209558,2.88856283107192,0,3.9608142428821207
2024-10-31C,2.88856283107192,2.88856283107192,2.84565440716378,2.8721296787262,0,3.9608142428821207
2024-11-01A,2.8721296787262,2.88856283107192,2.84565440716378,2.86665211990812,0,3.9608142428821207
2024-11-01C,2.86665211990812,2.91503826026842,2.863000163242,2.89860510826111,0,3.9608142428821207
2024-11-04A,2.89860510826111,2.91503826026842,2.863000163242,2.90316989325652,0,3.9608142428821207
2024-11-04C,2.90316989325652,2.91412511006841,2.86939070951216,2.91138625144958,0,3.9608142428821207
2024-11-05A,2.91138625144958,2.91412511006841,2.86939070951216,2.91047331300663,0,3.9608142428821207
2024-11-05C,2.91047331300663,2.9378616809845,2.90225673731425,2.9378616809845,1,3.9608143834235627
2024-11-06A,2.9378616809845,2.9378616809845,2.90225673731425,2.93786178522855,1,3.9263512630155644
2024-11-06C,2.93786178522855,2.93786178522855,2.90134395996231,2.91229939460754,0,3.9263512630155644
2024-11-07A,2.91229939460754,2.93786178522855,2.90134395996231,2.904082793399,0,3.9263512630155644
2024-11-07C,2.904082793399,2.97620556297241,2.90043105443678,2.9752926826477,1,3.934784549039388
2024-11-08A,2.9752926826477,2.97620556297241,2.90043105443678,2.98168321994723,1,3.886593725310396
2024-11-08C,2.98168321994723,2.99263865427575,2.92781936393767,2.94516539573669,1,3.8793649642268564
2024-11-11A,2.94516539573669,2.99263865427575,2.92781936393767,2.93968761789265,1,3.8468361876052284
2024-11-11C,2.93968761789265,2.93968761789265,2.89586609914651,2.91503810882568,0,3.8468361876052284
2024-11-12A,2.91503810882568,2.93968761789265,2.89586609914651,2.91229935252992,0,3.8468361876052284
2024-11-12C,2.91229935252992,2.93512288415987,2.88491098397595,2.89677929878235,0,3.8468361876052284
2024-11-13A,2.89677929878235,2.93512288415987,2.88491098397595,2.89404033857171,0,3.8468361876052284
2024-11-13C,2.89404033857171,2.91777696735128,2.88673664328232,2.91503810882568,0,3.8468361876052284
2024-11-14A,2.91503810882568,2.91777696735128,2.88673664328232,2.91047342495037,0,3.8468361876052284
2024-11-14C,2.91047342495037,2.92051576162948,2.88764989292267,2.89130163192749,0,3.8468361876052284
2024-11-15A,2.89130163192749,2.92051576162948,2.88764989292267,2.88491089025755,0,3.8468361876052284
2024-11-15C,2.88491089025755,2.91686387703413,2.88034605348181,2.89404034614563,0,3.8468361876052284
2024-11-18A,2.89404034614563,2.91686387703413,2.88034605348181,2.90956043270639,0,3.8468361876052284
2024-11-18C,2.90956043270639,2.97620548321887,2.90773445444251,2.9378616809845,1,3.846836157346761
2024-11-19A,2.9378616809845,2.97620548321887,2.90773445444251,2.93786165787585,1,3.83607765794151
2024-11-19C,2.93786165787585,2.94790421175312,2.90316981244213,2.9296452999115,1,3.8312960045291944
2024-11-20A,2.9296452999115,2.94790421175312,2.90316981244213,2.92599351032476,1,3.843250115112421
2024-11-20C,2.92599351032476,2.9360360647749,2.91686405388316,2.93512296676636,1,3.8372730136123425
2024-11-21A,2.93512296676636,2.9360360647749,2.91686405388316,2.93055820325576,1,3.8468361876052284
2024-11-21C,2.93055820325576,2.94151341984887,2.92599336642775,2.9378616809845,1,3.8468362539107974
2024-11-22A,2.9378616809845,2.94151341984887,2.92599336642775,2.93786173162263,1,3.7559849593786194
2024-11-22C,2.93786173162263,2.94973004638395,2.86391320210681,2.8684778213501,0,3.7559849593786194
2024-11-25A,2.8684778213501,2.94973004638395,2.86391320210681,2.86847777107829,0,3.7559849593786194
2024-11-25C,2.86847777107829,2.89677923701161,2.86026119538828,2.87395548820496,0,3.7559849593786194
2024-11-26A,2.87395548820496,2.89677923701161,2.86026119538828,2.86847786325991,0,3.7559849593786194
2024-11-26C,2.86847786325991,2.89404047145138,2.8620872656279,2.88399791717529,0,3.7559849593786194
2024-11-27A,2.88399791717529,2.89404047145138,2.8620872656279,2.88399788292475,0,3.7559849593786194
2024-11-27C,2.88399788292475,2.91321222974994,2.85295777546262,2.91138625144958,1,3.7512737495195716
2024-11-28A,2.91138625144958,2.91321222974994,2.85295777546262,2.90773443927257,1,3.752451738938958
2024-11-28C,2.90773443927257,2.92142873202176,2.90225672217289,2.90864753723144,1,3.7512737146581925
2024-11-29A,2.90864753723144,2.92142873202176,2.90225672217289,2.90773441225038,1,3.7701184563057937
2024-11-29C,2.90773441225038,2.93420989954384,2.90773441225038,2.9223415851593,1,3.7795409926467536
2024-12-02A,2.9223415851593,2.93420989954384,2.90773441225038,2.9296452999115,1,3.7795409926467536
2024-12-02C,2.9296452999115,2.93329703874714,2.90590867098471,2.9296452999115,1,3.771296209598899
2024-12-03A,2.9296452999115,2.93329703874714,2.90590867098471,2.923254500089,1,3.8172302152577857
2024-12-03C,2.923254500089,2.96251118251921,2.91503814208187,2.95885944366455,1,3.813696887683031
2024-12-04A,2.95885944366455,2.96251118251921,2.91503814208187,2.95612064640251,1,3.8466752568429414
2024-12-04C,2.95612064640251,2.99446444932996,2.93968771238412,2.98168325424194,1,3.8443195922864493
2024-12-05A,2.98168325424194,2.99446444932996,2.93968771238412,2.97985730193463,1,3.8384307682328007
2024-12-05C,2.97985730193463,2.98533501920967,2.96890208504796,2.9752926826477,1,3.8384306270705206
2024-12-06A,2.9752926826477,2.98533501920967,2.96890208504796,2.97529257322822,1,3.8890757476244535
2024-12-06C,2.97529257322822,3.02459159156374,2.97529257322822,3.01454925537109,1,3.8890757459227574
2024-12-09A,3.01454925537109,3.02459159156374,2.97529257322822,3.01454925405205,1,3.8984979763811487
2024-12-09C,3.01454925405205,3.04011164349976,3.0017680593282,3.02185273170471,1,3.9456098469901826
2024-12-10A,3.02185273170471,3.04011164349976,3.0017680593282,3.05837067675897,1,3.8937870157949335
2024-12-10C,3.05837067675897,3.07754268726957,3.01272339545845,3.01820111274719,1,3.8890758022486196
2024-12-11A,3.01820111274719,3.07754268726957,3.01272339545845,3.01454929771206,1,3.909098252868662
2024-12-11C,3.01454929771206,3.03554706834682,3.01272331944075,3.03006935119629,1,3.9114538861128723
2024-12-12A,3.03006935119629,3.03554706834682,3.01272331944075,3.03189527923243,1,3.91616500133225
2024-12-12C,3.03189527923243,3.03828587658103,3.0209398451129,3.03554701805115,1,3.9126316717693967
2024-12-13A,3.03554701805115,3.03828587658103,3.0209398451129,3.03280821924807,1,3.872586770404185
2024-12-13C,3.03280821924807,3.03280821924807,2.99446441673796,3.00176811218262,0,3.872586770404185
2024-12-16A,3.00176811218262,3.03280821924807,2.99446441673796,2.9990291752735,0,3.872586770404185
2024-12-16C,2.9990291752735,3.04741531288499,2.99537721881484,3.02824330329895,1,3.8620796259350705
2024-12-17A,3.02824330329895,3.04741531288499,2.99537721881484,3.0200270406916,1,3.86674955314276
2024-12-17C,3.0200270406916,3.04558943072816,3.01454932349422,3.02367877960205,1,3.874921865193931
2024-12-18A,3.02367877960205,3.04558943072816,3.01454932349422,3.0300692753375,1,3.890099336873853
2024-12-18C,3.0300692753375,3.05837052302217,3.02824329711191,3.04193758964539,1,3.8760895393297594
2024-12-19A,3.04193758964539,3.05837052302217,3.02824329711191,3.03098236046429,1,3.843399769411679
2024-12-19C,3.03098236046429,3.0318954584705,2.99263877410593,3.00541996955872,0,3.843399769411679
2024-12-20A,3.00541996955872,3.0318954584705,2.99263877410593,2.99811611823341,0,3.843399769411679
2024-12-20C,2.99811611823341,3.01089753068629,2.97803144575376,2.9798572063446,0,3.843399769411679
2024-12-23A,2.9798572063446,3.01089753068629,2.97803144575376,2.97620543682308,0,3.843399769411679
2024-12-23C,2.97620543682308,3.01454923845971,2.97620543682308,2.99263858795166,0,3.843399769411679
2024-12-24A,2.99263858795166,3.01454923845971,2.97620543682308,2.99263864818396,0,3.843399769411679
2024-12-24C,2.99263864818396,3.027330494048,2.98807381133524,3.02276587486267,1,3.8433997348674307
2024-12-25A,3.02276587486267,3.027330494048,2.98807381133524,3.02276584769423,1,3.8608115382443016
2024-12-25C,3.02276584769423,3.04376361815016,3.01728813059036,3.03645992279053,1,3.861972164230967
2024-12-26A,3.03645992279053,3.04376361815016,3.01728813059036,3.03737273458125,1,3.8492034902588768
2024-12-26C,3.03737273458125,3.03919871279582,3.01637496459891,3.02733039855957,1,3.8399175037004887
2024-12-27A,3.02733039855957,3.03919871279582,3.01637496459891,3.02002713453106,1,3.8480430492349513
2024-12-27C,3.02002713453106,3.02824349291902,2.99629050438047,3.02641773223877,1,3.846881769070662
2024-12-30A,3.02641773223877,3.02824349291902,2.99629050438047,3.02550440594893,1,3.9026001472172
2024-12-30C,3.02550440594893,3.07206478239681,3.02185266720055,3.06932592391968,1,3.903761045839894
2024-12-31A,3.06932592391968,3.07206478239681,3.02185266720055,3.07023895013381,1,3.88983165820785
2024-12-31C,3.07023895013381,3.09306269930705,3.05380601615327,3.05928373336792,1,3.8898315679929905
2025-01-02A,3.05928373336792,3.09306269930705,3.05380601615327,3.05928366241553,1,3.8062541371165377
2025-01-02C,3.05928366241553,3.07480371572148,2.97164084200401,2.99355149269104,0,3.8062541371165377
2025-01-03A,2.99355149269104,3.07480371572148,2.97164084200401,2.99629033941161,0,3.8062541371165377
2025-01-03C,2.99629033941161,3.00359381705734,2.95612055936993,2.96525001525879,0,3.8062541371165377
2025-01-06A,2.96525001525879,3.00359381705734,2.95612055936993,2.96068539614606,0,3.8062541371165377
2025-01-06C,2.96068539614606,2.96616311321205,2.9305581699465,2.96525001525879,0,3.8062541371165377
2025-01-07A,2.96525001525879,2.96616311321205,2.9305581699465,2.96433718669928,0,3.8062541371165377
2025-01-07C,2.96433718669928,2.96433718669928,2.92142876503921,2.95246887207031,0,3.8062541371165377
2025-01-08A,2.95246887207031,2.96433718669928,2.92142876503921,2.94425234658791,0,3.8062541371165377
2025-01-08C,2.94425234658791,2.96068549835318,2.91595109765448,2.94699120521545,0,3.8062541371165377
2025-01-09A,2.94699120521545,2.96068549835318,2.91595109765448,2.94151357529257,0,3.8062541371165377
2025-01-09C,2.94151357529257,2.94151357529257,2.90316998869534,2.90682172775269,0,3.8062541371165377
2025-01-10A,2.90682172775269,2.94151357529257,2.90316998869534,2.90773454869,0,3.8062541371165377
2025-01-10C,2.90773454869,2.91503824431887,2.87578156051184,2.87669444084168,0,3.8062541371165377
2025-01-13A,2.87669444084168,2.91503824431887,2.87578156051184,2.86665199381728,0,3.8062541371165377
2025-01-13C,2.86665199381728,2.87760721034354,2.83926340834312,2.85204482078552,0,3.8062541371165377
2025-01-14A,2.85204482078552,2.87760721034354,2.83926340834312,2.85295780254089,0,3.8062541371165377
2025-01-14C,2.85295780254089,2.90225682282082,2.85113182422321,2.89769220352173,0,3.8062541371165377
2025-01-15A,2.89769220352173,2.90225682282082,2.85113182422321,2.89769224695569,0,3.8062541371165377
2025-01-15C,2.89769224695569,2.93147121386357,2.89312740992477,2.90590882301331,0,3.8062541371165377
2025-01-16A,2.90590882301331,2.93147121386357,2.89312740992477,2.91047340773152,0,3.8062541371165377
2025-01-16C,2.91047340773152,2.93877487459413,2.91047340773152,2.9332971572876,1,3.8027001322893295
2025-01-17A,2.9332971572876,2.93877487459413,2.91047340773152,2.93055825655184,1,3.78611521979057
2025-01-17C,2.93055825655184,2.93238401718552,2.90408276839272,2.9177770614624,0,3.78611521979057
2025-01-20A,2.9177770614624,2.93238401718552,2.90408276839272,2.91777694782125,0,3.78611521979057
2025-01-20C,2.91777694782125,2.92690640362433,2.90316977500364,2.90773439407349,0,3.78611521979057
2025-01-21A,2.90773439407349,2.92690640362433,2.90316977500364,2.91729009020257,1,3.753871825348105
2025-01-21C,2.91729009020257,2.9192012768654,2.88289032501558,2.8924458026886,0,3.753871825348105
2025-01-22A,2.8924458026886,2.9192012768654,2.88289032501558,2.89244565768486,0,3.753871825348105
2025-01-22C,2.89244565768486,2.89244565768486,2.86282374672966,2.8695125579834,0,3.753871825348105
2025-01-23A,2.8695125579834,2.89244565768486,2.86282374672966,2.88480129391752,0,3.753871825348105
2025-01-23C,2.88480129391752,2.92684534694099,2.88480129391752,2.91633439064026,1,3.7452622526236534
2025-01-24A,2.91633439064026,2.92684534694099,2.88480129391752,2.9096457251255,1,3.7723214162198717
2025-01-24C,2.9096457251255,2.94022311620847,2.89626787446736,2.93066763877869,1,3.7723213656842365
2025-01-27A,2.93066763877869,2.94022311620847,2.89626787446736,2.93066759951821,1,3.819060400220983
2025-01-27C,2.93066759951821,2.97557854787504,2.93066759951821,2.96697854995728,1,3.820290143619849
2025-02-05A,2.96697854995728,2.97557854787504,2.93066759951821,2.96793392167284,1,3.7428020094471233
2025-02-05C,2.96793392167284,2.97271177406067,2.90104558298695,2.90773439407349,0,3.7428020094471233
2025-02-06A,2.90773439407349,2.97271177406067,2.90104558298695,2.90582323074341,0,3.7428020094471233
2025-02-06C,2.90582323074341,2.91346774906084,2.88575679732367,2.90582323074341,0,3.7428020094471233
2025-02-07A,2.90582323074341,2.91346774906084,2.88575679732367,2.90582341027998,0,3.7428020094471233
2025-02-07C,2.90582341027998,2.92493459334408,2.88862364168902,2.91824555397034,1,3.7378998808316304
2025-02-10A,2.91824555397034,2.92493459334408,2.88862364168902,2.91442338678088,1,3.7342232322276683
2025-02-10C,2.91442338678088,2.91633457341922,2.90200124318304,2.91155672073364,1,3.734223157147414
2025-02-11A,2.91155672073364,2.91633457341922,2.90200124318304,2.91155666219391,1,3.750155203380322
2025-02-11C,2.91155666219391,2.92493451275223,2.90964570341454,2.92397880554199,1,3.7513809178497928
2025-02-12A,2.92397880554199,2.92493451275223,2.90964570341454,2.92493448948999,1,3.7526063699528107
2025-02-12C,2.92493448948999,2.92780092763624,2.9096456802739,2.92588996887207,1,3.7501552747476268
2025-02-13A,2.92588996887207,2.92780092763624,2.9096456802739,2.92397886118675,1,3.756283119811543
2025-02-13C,2.92397886118675,2.93735648417909,2.92111219514259,2.92875671386719,1,3.7550571712248546
2025-02-14A,2.92875671386719,2.93735648417909,2.92111219514259,2.92780084737907,1,3.7599595638860213
2025-02-14C,2.92780084737907,2.93353417915551,2.91537893229084,2.93162322044373,1,3.7599596387199226
2025-02-17A,2.93162322044373,2.93353417915551,2.91537893229084,2.93162327879138,1,3.7440275927333673
2025-02-17C,2.93162327879138,2.93448994473666,2.90677899247937,2.91920113563538,1,3.7415764261608793
2025-02-18A,2.91920113563538,2.93448994473666,2.90677899247937,2.9172899723053,0,3.7415764261608793
2025-02-18C,2.9172899723053,2.93448996811396,2.90773449501844,2.9172899723053,0,3.7415764261608793
2025-02-19A,2.9172899723053,2.93448996811396,2.90773449501844,2.91251236090215,0,3.7415764261608793
2025-02-19C,2.91251236090215,2.91442331967594,2.89531236501476,2.90009021759033,0,3.7415764261608793
2025-02-20A,2.90009021759033,2.91442331967594,2.89531236501476,2.8953124236731,0,3.7415764261608793
2025-02-20C,2.8953124236731,2.89817908971241,2.88575694614892,2.88766813278198,0,3.7415764261608793
2025-02-21A,2.88766813278198,2.89817908971241,2.88575694614892,2.88862343271042,0,3.7415764261608793
2025-02-21C,2.88862343271042,2.8924455779185,2.86186796061278,2.86664581298828,0,3.7415764261608793
2025-02-24A,2.86664581298828,2.8924455779185,2.86186796061278,2.86569039066494,0,3.7415764261608793
2025-02-24C,2.86569039066494,2.86855705658318,2.84849039515551,2.8628237247467,0,3.7415764261608793
2025-02-25A,2.8628237247467,2.86855705658318,2.84849039515551,2.85804603486346,0,3.7415764261608793
2025-02-25C,2.85804603486346,2.86664603310741,2.8398905589553,2.84275722503662,0,3.7415764261608793
2025-02-26A,2.84275722503662,2.86664603310741,2.8398905589553,2.84275710818352,0,3.7415764261608793
2025-02-26C,2.84275710818352,2.87429020596126,2.84275710818352,2.86760139465332,0,3.7415764261608793
2025-02-27A,2.86760139465332,2.87429020596126,2.84275710818352,2.86855709791794,0,3.7415764261608793
2025-02-27C,2.86855709791794,2.89340138435364,2.86282376599884,2.89340138435364,1,3.740340565254178
2025-02-28A,2.89340138435364,2.89340138435364,2.86282376599884,2.89244567979197,1,3.719334407066458
2025-02-28C,2.89244567979197,2.90391234364062,2.87333472525793,2.87620139122009,0,3.719334407066458
2025-03-03A,2.87620139122009,2.90391234364062,2.87333472525793,2.87620144989434,0,3.719334407066458
2025-03-03C,2.87620144989434,2.88480144795626,2.86282382701171,2.86377930641174,0,3.719334407066458
2025-03-04A,2.86377930641174,2.88480144795626,2.86282382701171,2.8637792041126,0,3.719334407066458
2025-03-04C,2.8637792041126,2.86855705658318,2.85040158170785,2.8628237247467,0,3.719334407066458
2025-03-05A,2.8628237247467,2.86855705658318,2.85040158170785,2.86282384874905,0,3.719334407066458
2025-03-05C,2.86282384874905,2.87046813964844,2.85135718457942,2.87046813964844,0,3.719334407066458
2025-03-06A,2.87046813964844,2.87046813964844,2.85135718457942,2.870467981427,0,3.719334407066458
2025-03-06C,2.870467981427,2.87333464731139,2.852312506766,2.8647346496582,0,3.719334407066458
2025-03-07A,2.8647346496582,2.87333464731139,2.852312506766,2.86282382701171,0,3.719334407066458
2025-03-07C,2.86282382701171,2.8733347838737,2.85900168159104,2.86377930641174,0,3.719334407066458
2025-03-10A,2.86377930641174,2.8733347838737,2.85900168159104,2.86186806272636,0,3.719334407066458
2025-03-10C,2.86186806272636,2.86855710185485,2.85231258545494,2.86760139465332,1,3.7094197124867145
2025-03-11A,2.86760139465332,2.86855710185485,2.85231258545494,2.8599571796157,0,3.7094197124867145
2025-03-11C,2.8599571796157,2.88862361218823,2.85326836813082,2.88766813278198,1,3.7094197724348197
2025-03-12A,2.88766813278198,2.88862361218823,2.85326836813082,2.88766817944972,1,3.7045096559259334
2025-03-12C,2.88766817944972,2.89149032495705,2.87715699452886,2.88384580612183,1,3.6995996525349404
2025-03-13A,2.88384580612183,2.89149032495705,2.87715699452886,2.88002352085271,1,3.7388788267874338
2025-03-13C,2.88002352085271,2.91155661844393,2.87906804147738,2.9106011390686,1,3.7351963099408834
2025-03-14A,2.9106011390686,2.91155661844393,2.87906804147738,2.90773441398208,1,3.7658832190737734
2025-03-14C,2.90773441398208,2.94022299028784,2.90582322744975,2.93162322044373,1,3.7671105868052197
2025-03-17A,2.93162322044373,2.94022299028784,2.90582322744975,2.9325786881341,1,3.776930233803538
2025-03-17C,2.9325786881341,2.94404535164137,2.92684535638047,2.94022297859192,1,3.776930454276463
2025-03-18A,2.94022297859192,2.94404535164137,2.92684535638047,2.94022315022325,1,3.7622009829191825
2025-03-18C,2.94022315022325,2.94213433685953,2.91824552909844,2.92875671386719,1,3.757290984509429
2025-03-19A,2.92875671386719,2.94213433685953,2.91824552909844,2.92493443247581,1,3.7634281907933764
2025-03-19C,2.92493443247581,2.93353420238803,2.91537895537958,2.92971205711365,1,3.7634281325473546
2025-03-20A,2.92971205711365,2.93353420238803,2.91537895537958,2.92971201177093,1,3.757290926358388
2025-03-20C,2.92971201177093,2.94022296806794,2.92206772134048,2.92493438720703,1,3.753608588658529
2025-03-21A,2.92493438720703,2.94022296806794,2.92206772134048,2.92206780158065,1,3.7499261477832144
2025-03-21C,2.92206780158065,2.94308971475193,2.90773447185428,2.91920113563538,1,3.7486985267797452
2025-03-24A,2.91920113563538,2.94308971475193,2.90773447185428,2.9182454707806,1,3.7781580542097397
2025-03-24C,2.9182454707806,2.94308975745308,2.9182454707806,2.94117879867554,1,3.7720204653123766
2025-03-25A,2.94117879867554,2.94308975745308,2.9182454707806,2.93640087618503,1,3.805162140230062
2025-03-25C,2.93640087618503,2.96220064163208,2.93544539681901,2.96220064163208,1,3.800252461449928
2025-03-26A,2.96220064163208,2.96220064163208,2.93544539681901,2.95837860906244,1,3.8063899606362646
2025-03-26C,2.95837860906244,2.96506742052056,2.94691217277163,2.9631564617157,1,3.805162315141967
2025-03-27A,2.9631564617157,2.96506742052056,2.94691217277163,2.96220077779557,1,3.803934932355868
2025-03-27C,2.96220077779557,2.96697863048641,2.95360100746494,2.96124529838562,1,3.799024950668836
2025-03-28A,2.96124529838562,2.96697863048641,2.95360100746494,2.95742303001236,1,3.7830678045045154
2025-03-28C,2.95742303001236,2.96124517531385,2.93735636849359,2.94500088691711,1,3.779385365226439
2025-03-31A,2.94500088691711,2.96124517531385,2.93735636849359,2.94213422221524,1,3.772020483508747
2025-03-31C,2.94213422221524,2.95742303124813,2.93066755848544,2.93640089035034,0,3.772020483508747
2025-04-01A,2.93640089035034,2.95742303124813,2.93066755848544,2.93449007545737,0,3.772020483508747
2025-04-01C,2.93449007545737,2.96028984229357,2.93353436821934,2.95933413505554,1,3.772020379206631
2025-04-02A,2.95933413505554,2.96028984229357,2.93353436821934,2.95933405322544,1,3.7902898992306584
2025-04-02C,2.95933405322544,2.97748952857873,2.95455642844963,2.97366738319397,1,3.7732386113976686
2025-04-03A,2.97366738319397,2.97748952857873,2.95455642844963,2.96028981582618,1,3.7963799070663584
2025-04-03C,2.96028981582618,2.98131172974595,2.95168981768415,2.97844529151916,1,3.7147763682446246
2025-04-07A,2.97844529151916,2.98131172974595,2.95168981768415,2.91442333325242,0,3.7147763682446246
2025-04-07C,2.91442333325242,2.91728999924701,2.74720236527788,2.80740189552307,0,3.7147763682446246
2025-04-08A,2.80740189552307,2.91728999924701,2.74720236527788,2.80835732168543,0,3.7147763682446246
2025-04-08C,2.80835732168543,2.8695125579834,2.8074018423122,2.8695125579834,0,3.7147763682446246
2025-04-09A,2.8695125579834,2.8695125579834,2.8074018423122,2.85040154697902,0,3.7147763682446246
2025-04-09C,2.85040154697902,2.87811249863734,2.81409059767077,2.87333464622498,0,3.7147763682446246
2025-04-10A,2.87333464622498,2.87811249863734,2.81409059767077,2.8857569662299,0,3.7147763682446246
2025-04-10C,2.8857569662299,2.91251244017612,2.87620148863923,2.90295696258545,0,3.7147763682446246
2025-04-11A,2.90295696258545,2.91251244017612,2.87620148863923,2.89531228719802,0,3.7147763682446246
2025-04-11C,2.89531228719802,2.89626776655924,2.87906799895468,2.88862347602844,0,3.7147763682446246
2025-04-14A,2.88862347602844,2.89626776655924,2.87906799895468,2.88862357398759,0,3.7147763682446246
2025-04-14C,2.88862357398759,2.91920119278881,2.88575690798619,2.9153790473938,1,3.7147762510000932
2025-04-15A,2.9153790473938,2.91920119278881,2.88575690798619,2.91537895537958,1,3.7330394911276397
2025-04-15C,2.91537895537958,2.93066753647711,2.90868991637373,2.92971205711365,1,3.7293868114924535
2025-04-16A,2.92971205711365,2.93066753647711,2.90868991637373,2.92684541195937,1,3.75252052008776
2025-04-16C,2.92684541195937,2.94691207347813,2.92015660072663,2.94500088691711,1,3.747650313973679
2025-04-17A,2.94500088691711,2.94691207347813,2.92015660072663,2.9411787195902,1,3.7439976078918322
2025-04-17C,2.9411787195902,2.9411787195902,2.92493443131512,2.93831205368042,1,3.734256918630619
2025-04-18A,2.93831205368042,2.9411787195902,2.92493443131512,2.93066750160938,1,3.7464325086671106
2025-04-18C,2.93066750160938,2.94308964446874,2.92971202225729,2.94022297859192,1,3.743997740070244
2025-04-21A,2.94022297859192,2.94308964446874,2.92971202225729,2.93831215741484,1,3.734257093411772
2025-04-21C,2.93831215741484,2.9564676328776,2.92875667998506,2.93066763877869,1,3.7306042125907704
2025-04-22A,2.93066763877869,2.9564676328776,2.92875667998506,2.92780083573256,1,3.7464325086671106
2025-04-22C,2.92780083573256,2.94500083099346,2.92684535638047,2.94022297859192,1,3.746432495257454
2025-04-23A,2.94022297859192,2.94500083099346,2.92684535638047,2.94022296806794,1,3.7269517834999637
2025-04-23C,2.94022296806794,2.94308963393449,2.92206772134048,2.92493438720703,0,3.7269517834999637
2025-04-24A,2.92493438720703,2.94308963393449,2.92206772134048,2.92397884907843,0,3.7269517834999637
2025-04-24C,2.92397884907843,2.94404551130441,2.91920122423833,2.93735647201538,1,3.724527050145273
2025-04-25A,2.93735647201538,2.94404551130441,2.91920122423833,2.93544544482049,1,3.7233147268813234
2025-04-25C,2.93544544482049,2.94213425613314,2.92780092630565,2.93448996543884,1,3.722102201269847
2025-04-28A,2.93448996543884,2.94213425613314,2.92780092630565,2.93353432657919,1,3.7269517834999633
2025-04-28C,2.93353432657919,2.94022313804766,2.92397884907843,2.93735647201538,1,3.723314728573448
2025-04-29A,2.93735647201538,2.94022313804766,2.92397884907843,2.93448996677247,1,3.7124029520089232
2025-04-29C,2.93448996677247,2.93926759150344,2.92111211632055,2.92588996887207,0,3.7124029520089232
2025-04-30A,2.92588996887207,2.93926759150344,2.92111211632055,2.92589006323895,0,3.7124029520089232
2025-04-30C,2.92589006323895,2.92589006323895,2.89913458929274,2.90295696258545,0,3.7124029520089232
2025-05-06A,2.90295696258545,2.92589006323895,2.89913458929274,2.90486778641173,0,3.7124029520089232
2025-05-06C,2.90486778641173,2.90773445233777,2.88575683211854,2.89531230926514,0,3.7124029520089232
2025-05-07A,2.89531230926514,2.90773445233777,2.88575683211854,2.90773455201512,0,3.7124029520089232
2025-05-07C,2.90773455201512,2.91920121611233,2.90104574056526,2.91346788406372,0,3.7124029520089232
2025-05-08A,2.91346788406372,2.91920121611233,2.90104574056526,2.91346782695467,0,3.7124029520089232
2025-05-08C,2.91346782695467,2.92302330424152,2.90486782905033,2.9172899723053,0,3.7124029520089232
2025-05-09A,2.9172899723053,2.92302330424152,2.90486782905033,2.91537913564278,0,3.7124029520089232
2025-05-09C,2.91537913564278,2.93735652928452,2.91442342839969,2.9335343837738,1,3.7160306584057743
2025-05-12A,2.9335343837738,2.93735652928452,2.91442342839969,2.93640099108636,1,3.7281231646533377
2025-05-12C,2.93640099108636,2.94691217580612,2.93066765902477,2.94595646858215,1,3.7365878143252345
2025-05-13A,2.94595646858215,2.94691217580612,2.93066765902477,2.95264522009434,1,3.7547267174823338
2025-05-13C,2.95264522009434,2.96888973654585,2.94595640876516,2.96697854995728,1,3.7498898825067153
2025-05-14A,2.96697854995728,2.96888973654585,2.94595640876516,2.96315649133567,1,3.7885857298610444
2025-05-14C,2.96315649133567,2.99468959013659,2.95742315922268,2.99373388290405,1,3.78737658119752
2025-05-15A,2.99373388290405,2.99468959013659,2.95742315922268,2.99277841572406,1,3.7777026913964216
2025-05-15C,2.99277841572406,3.0052005594128,2.98417841751942,2.98513412475586,1,3.770447134053036
2025-05-16A,2.98513412475586,3.0052005594128,2.98417841751942,2.97940079590783,1,3.755936011027269
2025-05-16C,2.97940079590783,2.98417842081308,2.95264532184848,2.96793413162231,1,3.7559359795369573
2025-05-19A,2.96793413162231,2.98417842081308,2.95264532184848,2.96793410673872,1,3.769237938301735
2025-05-19C,2.96793410673872,2.98226743697544,2.96602314792086,2.97844529151916,1,3.7704470301051627
2025-05-20A,2.97844529151916,2.98226743697544,2.96602314792086,2.9794007137684,1,3.7740748107615785
2025-05-20C,2.9794007137684,2.98800071174544,2.9736673817837,2.98226737976074,1,3.7740747629890996
2025-05-21A,2.98226737976074,2.98800071174544,2.9736673817837,2.98226734201101,1,3.809143116685249
2025-05-21C,2.98226734201101,3.01762258504169,2.98131163481196,3.00997829437256,1,3.8055154653545658
2025-05-22A,3.00997829437256,3.01762258504169,2.98131163481196,3.00711173057319,1,3.8103524102301973
2025-05-22C,3.00711173057319,3.01666720814449,2.99755625300189,3.0109338760376,1,3.8055153410535216
2025-05-23A,3.0109338760376,3.01666720814449,2.99755625300189,3.00711163235072,1,3.7764930961315266
2025-05-23C,3.00711163235072,3.00711163235072,2.98322282529249,2.98417830467224,1,3.771656138676128
2025-05-26A,2.98417830467224,3.00711163235072,2.98322282529249,2.98035614926732,0,3.771656138676128
2025-05-26C,2.98035614926732,2.98895614711771,2.96411186076362,2.96888971328735,0,3.771656138676128
2025-05-27A,2.96888971328735,2.98895614711771,2.96411186076362,2.96697844870113,0,3.771656138676128
2025-05-27C,2.96697844870113,2.97557844632539,2.94977845345261,2.95742297172546,0,3.771656138676128
2025-05-28A,2.95742297172546,2.97557844632539,2.94977845345261,2.95742301698141,0,3.771656138676128
2025-05-28C,2.95742301698141,2.9650673075507,2.94882301922554,2.96220064163208,0,3.771656138676128
2025-05-29A,2.96220064163208,2.9650673075507,2.94882301922554,2.96220077621524,0,3.771656138676128
2025-05-29C,2.96220077621524,2.97175625377126,2.95933411016637,2.96984529495239,0,3.771656138676128
2025-05-30A,2.96984529495239,2.97175625377126,2.95933411016637,2.96602319270259,0,3.771656138676128
2025-05-30C,2.96602319270259,2.98417844084914,2.96602319270259,2.98322296142578,1,3.7668236391492416
2025-06-03A,2.98322296142578,2.98417844084914,2.96602319270259,2.97940065551569,1,3.786153113099034
2025-06-03C,2.97940065551569,2.99946708924922,2.9650673258342,2.99468946456909,1,3.7873612719936802
2025-06-04A,2.99468946456909,2.99946708924922,2.9650673258342,2.99564506794942,1,3.7958178631909663
2025-06-04C,2.99564506794942,3.00233387947082,2.98513411096158,3.00233387947082,1,3.793401876395898
2025-06-05A,3.00233387947082,3.00233387947082,2.98513411096158,3.00042293451281,1,3.774072401556614
2025-06-05C,3.00042293451281,3.0090227048969,2.9774896059671,2.98513412475586,0,3.774072401556614
2025-06-06A,2.98513412475586,3.0090227048969,2.9774896059671,2.98513412475586,0,3.774072401556614
2025-06-06C,2.98513412475586,2.99851174786049,2.9813117514512,2.98513412475586,0,3.774072401556614
2025-06-09A,2.98513412475586,2.99851174786049,2.9813117514512,2.98513406758654,0,3.774072401556614
2025-06-09C,2.98513406758654,2.98991169239502,2.97175621691756,2.98895621299744,1,3.770452798409106
2025-06-10A,2.98895621299744,2.98991169239502,2.97175621691756,2.9860895919671,0,3.770452798409106
2025-06-10C,2.9860895919671,3.00806721318654,2.97940078044212,2.99373388290405,1,3.7680460427156834
2025-06-11A,2.99373388290405,3.00806721318654,2.97940078044212,2.99182292248298,1,3.781284048743899
2025-06-11C,2.99182292248298,3.00424506611432,2.98991173583949,3.00233387947082,1,3.781284091480806
2025-06-12A,3.00233387947082,3.00424506611432,2.98991173583949,3.00233391340386,1,3.778877337772954
2025-06-12C,3.00233391340386,3.00328939282613,2.99373391514176,3.00042295455933,1,3.777673476484671
2025-06-13A,3.00042295455933,3.00328939282613,2.99373391514176,2.99946709049691,1,3.7608250536977197
2025-06-13C,2.99946709049691,3.00328923580672,2.98035613612734,2.98608946800232,0,3.7608250536977197
2025-06-16A,2.98608946800232,3.00328923580672,2.98035613612734,2.98226748030277,0,3.7608250536977197
2025-06-16C,2.98226748030277,2.99277843741536,2.97844533479097,2.99182295799255,0,3.7608250536977197
2025-06-17A,2.99182295799255,2.99277843741536,2.97844533479097,2.99182279863279,0,3.7608250536977197
2025-06-17C,2.99182279863279,2.99851160987731,2.98704494613212,2.99468946456909,1,3.7584248540757152
2025-06-18A,2.99468946456909,2.99851160987731,2.98704494613212,2.99277822104719,0,3.7584248540757152
2025-06-18C,2.99277822104719,3.00042273933868,2.98322274404823,2.99851155281067,1,3.7572274718275858
2025-06-19A,2.99851155281067,3.00042273933868,2.98322274404823,2.9975562684446,1,3.741657182116046
2025-06-19C,2.9975562684446,2.9975562684446,2.97940079261943,2.98513412475586,0,3.741657182116046
2025-06-20A,2.98513412475586,2.9975562684446,2.97940079261943,2.98513414470022,0,3.741657182116046
2025-06-20C,2.98513414470022,3.00520057949123,2.98513414470022,3.00042295455933,1,3.736890444135594
2025-06-23A,3.00042295455933,3.00520057949123,2.98513414470022,2.99660052258366,1,3.7571480590837036
2025-06-23C,2.99660052258366,3.01857814360965,2.97940075421663,3.01284503936768,1,3.747614942626975
2025-06-24A,3.01284503936768,3.01857814360965,2.97940075421663,3.00520046370159,1,3.761914368412867
2025-06-24C,3.00520046370159,3.01953379358617,2.99946713174776,3.01666712760925,1,3.763105918012708
2025-06-25A,3.01666712760925,3.01953379358617,2.99946713174776,3.01762262743108,1,3.7809802003661175
2025-06-25C,3.01762262743108,3.0367335821929,3.00711167065824,3.03195595741272,1,3.7774053710602624
2025-06-26A,3.03195595741272,3.0367335821929,3.00711167065824,3.02908931319978,1,3.7893214646808726
2025-06-26C,3.02908931319978,3.04342241546395,3.02431146056469,3.03864479064941,1,3.788129504230724
2025-06-27A,3.03864479064941,3.04342241546395,3.02431146056469,3.03768896136803,1,3.758339413427288
2025-06-27C,3.03768896136803,3.0510668115164,3.00711157145022,3.01380038261414,0,3.758339413427288
2025-06-30A,3.01380038261414,3.0510668115164,3.00711157145022,3.00806707399244,0,3.758339413427288
2025-06-30C,3.00806707399244,3.0147558852079,3.00042278340922,3.01188921928406,0,3.758339413427288
2025-07-01A,3.01188921928406,3.0147558852079,3.00042278340922,3.01188926181144,0,3.758339413427288
2025-07-01C,3.01188926181144,3.03482258952603,3.01093378243018,3.03386688232422,1,3.760706866829541
2025-07-02A,3.03386688232422,3.03482258952603,3.01093378243018,3.03577797594362,1,3.786748709134208
2025-07-02C,3.03577797594362,3.05775559578338,3.03386678941908,3.05679988861084,1,3.7843815914186436
2025-07-03A,3.05679988861084,3.05775559578338,3.03386678941908,3.05488906596982,1,3.7855652346062247
2025-07-03C,3.05488906596982,3.06444454337703,3.04628906795717,3.05584454536438,1,3.78438147596569
2025-07-04A,3.05584454536438,3.06444454337703,3.04628906795717,3.05488897277204,1,3.8139745303131445
2025-07-04C,3.05488897277204,3.08928873595264,3.05393349340664,3.078777551651,1,3.810423822978744
2025-07-07A,3.078777551651,3.08928873595264,3.05393349340664,3.07591129285804,1,3.829363243398123
2025-07-07C,3.07591129285804,3.09119987487793,3.06444462852257,3.09119987487793,1,3.8258121311863262
2025-07-08A,3.09119987487793,3.09119987487793,3.06444462852257,3.08833328925336,1,3.8222609194713866
2025-07-08C,3.08833328925336,3.09788876647012,3.07495543889345,3.08546662330627,1,3.821077006523946
2025-07-09A,3.08546662330627,3.09788876647012,3.07495543889345,3.08451092615184,1,3.841200351492082
2025-07-09C,3.08451092615184,3.10744425380317,3.08259996739459,3.10075521469116,1,3.840016857751118
2025-07-10A,3.10075521469116,3.10744425380317,3.08259996739459,3.09979985593529,1,3.87197748231027
2025-07-10C,3.09979985593529,3.13133295486237,3.09884437651949,3.12559962272644,1,3.8707937580107834
2025-07-11A,3.12559962272644,3.13133295486237,3.09884437651949,3.12464407785543,1,3.8471192008908344
2025-07-11C,3.12464407785543,3.14088836668658,3.10553312301636,3.10553312301636,1,3.8435679152472164
2025-07-14A,3.10553312301636,3.14088836668658,3.10553312301636,3.10266639739138,1,3.87316125219002
2025-07-14C,3.10266639739138,3.13802164038227,3.10171091801395,3.12655520439148,1,3.8684260358423583
2025-07-15A,3.12655520439148,3.13802164038227,3.10171091801395,3.1227327672783,1,3.826995703638621
2025-07-15C,3.1227327672783,3.12655514035082,3.08259990040176,3.08928871154785,0,3.826995703638621
2025-07-16A,3.08928871154785,3.12655514035082,3.08259990040176,3.08833339317105,0,3.826995703638621
2025-07-16C,3.08833339317105,3.09024435198637,3.06253339877916,3.07782220840454,0,3.826995703638621
2025-07-17A,3.07782220840454,3.09024435198637,3.06253339877916,3.07591125115648,0,3.826995703638621
2025-07-17C,3.07591125115648,3.08164435542593,3.06157792093146,3.06922221183777,0,3.826995703638621
2025-07-18A,3.06922221183777,3.08164435542593,3.06157792093146,3.0692220282943,0,3.826995703638621
2025-07-18C,3.0692220282943,3.08451083701318,3.06826654894329,3.08259987831116,0,3.826995703638621
2025-07-21A,3.08259987831116,3.08451083701318,3.06826654894329,3.08259994429723,0,3.826995703638621
2025-07-21C,3.08259994429723,3.1036218573927,3.08164423710522,3.10266637802124,1,3.826995834106188
2025-07-22A,3.10266637802124,3.1036218573927,3.08164423710522,3.10266648379542,1,3.8894629355310277
2025-07-22C,3.10266648379542,3.15808838999955,3.08068886275869,3.15331053733826,1,3.9059635177808634
2025-07-23A,3.15331053733826,3.15808838999955,3.08068886275869,3.1666880809074,1,3.885926937958918
2025-07-23C,3.1666880809074,3.18102141071147,3.14757712638232,3.15044379234314,1,3.882391161923329
2025-07-24A,3.15044379234314,3.18102141071147,3.14757712638232,3.14757722695468,1,3.897713302454298
2025-07-24C,3.14757722695468,3.16095507780613,3.12942197905015,3.15999937057495,1,3.8941773484910587
2025-07-25A,3.15999937057495,3.16095507780613,3.12942197905015,3.15713266093492,1,3.881212568607746
2025-07-25C,3.15713266093492,3.17719932302476,3.14184407929387,3.14662170410156,1,3.868247611210644
2025-07-28A,3.14662170410156,3.17719932302476,3.14184407929387,3.13611060335216,1,3.8423177716278034
2025-07-28C,3.13611060335216,3.13611060335216,3.10553298583216,3.11508846282959,0,3.8423177716278034
2025-07-29A,3.11508846282959,3.13611060335216,3.10553298583216,3.10648846626282,0,3.8423177716278034
2025-07-29C,3.10648846626282,3.11413298455574,3.09024417814361,3.10648846626282,0,3.8423177716278034
2025-07-30A,3.10648846626282,3.11413298455574,3.09024417814361,3.10553320026137,0,3.8423177716278034
2025-07-30C,3.10553320026137,3.13611081989267,3.10457772084182,3.11699986457825,0,3.8423177716278034
2025-07-31A,3.11699986457825,3.13611081989267,3.10457772084182,3.10648853907154,0,3.8423177716278034
2025-07-31C,3.10648853907154,3.11031091221786,3.05393352824595,3.06826663017273,0,3.8423177716278034
2025-08-01A,3.06826663017273,3.11031091221786,3.05393352824595,3.06731107170149,0,3.8423177716278034
2025-08-01C,3.06731107170149,3.07877750738312,3.05393344949598,3.06539988517761,0,3.8423177716278034
2025-08-04A,3.06539988517761,3.07877750738312,3.05393344949598,3.05297778622068,0,3.8423177716278034
2025-08-04C,3.05297778622068,3.08068873820236,3.05202230685528,3.078777551651,0,3.8423177716278034
2025-08-05A,3.078777551651,3.08068873820236,3.05202230685528,3.07973330014811,0,3.8423177716278034
2025-08-05C,3.07973330014811,3.11126639783493,3.0749554476159,3.10935521125793,1,3.8434986940291207
2025-08-06A,3.10935521125793,3.11126639783493,3.0749554476159,3.11031086028044,1,3.8576680915420347
2025-08-06C,3.11031086028044,3.12464396196788,3.10744419437885,3.12177729606628,1,3.857668187521312
2025-08-07A,3.12177729606628,3.12464396196788,3.10744419437885,3.1217773737365,1,3.871837866911021
2025-08-07C,3.1217773737365,3.13802166236934,3.11031093766537,3.13324403762817,1,3.8671146080134715
2025-08-08A,3.13324403762817,3.13802166236934,3.11031093766537,3.12942179008382,1,3.8706570277452377
2025-08-08C,3.12942179008382,3.14184393295399,3.12464393767812,3.13228845596314,1,3.869476036146282
2025-08-11A,3.13228845596314,3.14184393295399,3.12464393767812,3.13133275094317,1,3.849402512002027
2025-08-11C,3.13133275094317,3.13706608270574,3.11222179694831,3.11508846282959,0,3.849402512002027
2025-08-12A,3.11508846282959,3.13706608270574,3.11222179694831,3.11508846068726,0,3.849402512002027
2025-08-12C,3.11508846068726,3.14566607818623,3.11508846068726,3.13228845596314,1,3.8494025433329093
2025-08-13A,3.13228845596314,3.14566607818623,3.11508846068726,3.13228848145732,1,3.825915998951702
2025-08-13C,3.13228848145732,3.13611062672067,3.11031086141741,3.11317729949951,0,3.825915998951702
2025-08-14A,3.11317729949951,3.13611062672067,3.11031086141741,3.11317747282316,0,3.825915998951702
2025-08-14C,3.11317747282316,3.1198665121821,3.09024437214576,3.09311103820801,0,3.825915998951702
2025-08-15A,3.09311103820801,3.1198665121821,3.09024437214576,3.0892887347684,0,3.825915998951702
2025-08-15C,3.0892887347684,3.0892887347684,3.06635563526363,3.08737754821777,0,3.825915998951702
2025-08-18A,3.08737754821777,3.0892887347684,3.06635563526363,3.08642218317875,0,3.825915998951702
2025-08-18C,3.08642218317875,3.09215551522245,3.07113337366907,3.07973337173462,0,3.825915998951702
2025-08-19A,3.07973337173462,3.09215551522245,3.07113337366907,3.07782202697028,0,3.825915998951702
2025-08-19C,3.07782202697028,3.0797332134935,3.06922202934661,3.07399988174438,0,3.825915998951702
2025-08-20A,3.07399988174438,3.0797332134935,3.06922202934661,3.07113325873863,0,3.825915998951702
2025-08-20C,3.07113325873863,3.09693302414922,3.06348896818014,3.09597754478455,0,3.825915998951702
2025-08-21A,3.09597754478455,3.09693302414922,3.06348896818014,3.09597756554795,0,3.825915998951702
2025-08-21C,3.09597756554795,3.11317733333018,3.08737756774656,3.11126637458801,1,3.828266096104841
2025-08-22A,3.11126637458801,3.11317733333018,3.08737756774656,3.11317749293237,1,3.8223910634264575
2025-08-22C,3.11317749293237,3.11317749293237,3.08260010110519,3.10839986801147,1,3.8235659683555014
2025-08-25A,3.10839986801147,3.11317749293237,3.08260010110519,3.1093553103683,1,3.845891708597957
2025-08-25C,3.1093553103683,3.1284662654652,3.09884435341117,3.12751078605652,1,3.8423664815617298
2025-08-26A,3.12751078605652,3.1284662654652,3.09884435341117,3.12464404242085,1,3.8317910869489062
2025-08-26C,3.12464404242085,3.12751070839626,3.11508856510968,3.11604404449463,1,3.8282658220504944
2025-08-27A,3.11604404449463,3.12751070839626,3.11508856510968,3.11317727006912,1,3.769514098720889
2025-08-27C,3.11317727006912,3.11413297724132,3.06253321930207,3.06539988517761,0,3.769514098720889
2025-08-28A,3.06539988517761,3.11413297724132,3.06253321930207,3.06253337860107,0,3.769514098720889
2025-08-28C,3.06253337860107,3.07113337667504,3.034822653397,3.06253337860107,0,3.769514098720889
2025-08-29A,3.06253337860107,3.07113337667504,3.034822653397,3.05871121281992,0,3.769514098720889
2025-08-29C,3.05871121281992,3.08355549965456,3.04437811061258,3.04724454879761,0,3.769514098720889
2025-09-01A,3.04724454879761,3.08355549965456,3.04437811061258,3.04628908297291,0,3.769514098720889
2025-09-01C,3.04628908297291,3.05584456042722,3.02335598264668,3.03004479408264,0,3.769514098720889
2025-09-02A,3.03004479408264,3.05584456042722,3.02335598264668,3.03004471251518,0,3.769514098720889
2025-09-02C,3.03004471251518,3.04533352159461,3.02431138063282,3.04437804222107,0,3.769514098720889
2025-09-03A,3.04437804222107,3.04533352159461,3.02431138063282,3.0434224306669,0,3.769514098720889
2025-09-03C,3.0434224306669,3.04628909669817,3.00806718670872,3.01284503936768,0,3.769514098720889
2025-09-04A,3.01284503936768,3.04628909669817,3.00806718670872,3.00902251738937,0,3.769514098720889
2025-09-04C,3.00902251738937,3.03386680321868,2.98322275220372,3.0310001373291,0,3.769514098720889
2025-09-05A,3.0310001373291,3.03386680321868,2.98322275220372,3.02526694293536,0,3.769514098720889
2025-09-05C,3.02526694293536,3.02622265015565,3.00424502921786,3.02144479751587,0,3.769514098720889
2025-09-08A,3.02144479751587,3.02622265015565,3.00424502921786,3.01953375845173,0,3.769514098720889
2025-09-08C,3.01953375845173,3.03004471503108,3.01188923999539,3.02717804908752,0,3.769514098720889
2025-09-09A,3.02717804908752,3.03004471503108,3.01188923999539,3.02717802586304,0,3.769514098720889
2025-09-09C,3.02717802586304,3.03291135770618,3.01475588280977,3.0290892124176,0,3.769514098720889
2025-09-10A,3.0290892124176,3.03291135770618,3.01475588280977,3.02622267193934,0,3.769514098720889
2025-09-10C,3.02622267193934,3.03100029679296,3.01571148718437,3.02813363075256,0,3.769514098720889
2025-09-11A,3.02813363075256,3.03100029679296,3.01571148718437,3.02622272746762,0,3.769514098720889
2025-09-11C,3.02622272746762,3.03291153907776,3.00997843815435,3.03291153907776,1,3.7659510113242223
2025-09-12A,3.03291153907776,3.03291153907776,3.00997843815435,3.03004471629979,0,3.7659510113242223
2025-09-12C,3.03004471629979,3.03673352756405,3.01380042782652,3.01857805252075,0,3.7659510113242223
2025-09-15A,3.01857805252075,3.03673352756405,3.01380042782652,3.01571150251363,0,3.7659510113242223
2025-09-15C,3.01571150251363,3.01571150251363,2.99564506794942,3.00233387947082,0,3.7659510113242223
2025-09-16A,3.00233387947082,3.01571150251363,2.99564506794942,3.00520052374124,0,3.7659510113242223
2025-09-16C,3.00520052374124,3.01857814668707,2.9918229007954,2.99564504623413,0,3.7659510113242223
2025-09-17A,2.99564504623413,3.01857814668707,2.9918229007954,2.9946896101498,0,3.7659510113242223
2025-09-17C,2.9946896101498,3.0128450860221,2.98608961192284,3.00902271270752,0,3.7659510113242223
2025-09-18A,3.00902271270752,3.0128450860221,2.98608961192284,3.00997831310008,0,3.7659510113242223
2025-09-18C,3.00997831310008,3.00997831310008,2.94500093072602,2.9583785533905,0,3.7659510113242223
2025-09-19A,2.9583785533905,3.00997831310008,2.94500093072602,2.95837867554986,0,3.7659510113242223
2025-09-19C,2.95837867554986,2.97557867210347,2.94022319957235,2.97462296485901,0,3.7659510113242223
2025-09-22A,2.97462296485901,2.97557867210347,2.94022319957235,2.97366736401032,0,3.7659510113242223
2025-09-22C,2.97366736401032,2.97462284339521,2.94308974548842,2.94977855682373,0,3.7659510113242223
2025-09-23A,2.94977855682373,2.97462284339521,2.94308974548842,2.94977855412176,0,3.7659510113242223
2025-09-23C,2.94977855412176,2.96888973654585,2.9335342654908,2.96697854995728,0,3.7659510113242223
2025-09-24A,2.96697854995728,2.96888973654585,2.9335342654908,2.96220061730679,0,3.7659510113242223
2025-09-24C,2.96220061730679,2.98322275793053,2.95551180615845,2.97271180152893,0,3.7659510113242223
2025-09-25A,2.97271180152893,2.98322275793053,2.95551180615845,2.96793413327446,0,3.7659510113242223
2025-09-25C,2.96793413327446,2.96984531992996,2.9459565119287,2.95933413505554,0,3.7659510113242223
2025-09-26A,2.95933413505554,2.96984531992996,2.9459565119287,2.95742305076921,0,3.7659510113242223
2025-09-26C,2.95742305076921,2.96602304862332,2.94308972101235,2.96028971672058,0,3.7659510113242223
2025-09-29A,2.96028971672058,2.96602304862332,2.94308972101235,2.95360084967758,0,3.7659510113242223
2025-09-29C,2.95360084967758,2.96697847198439,2.93544537493518,2.95551180839539,0,3.7659510113242223
2025-09-30A,2.95551180839539,2.96697847198439,2.93544537493518,2.95360088471087,0,3.7659510113242223
2025-09-30C,2.95360088471087,2.95455636408111,2.93640088912336,2.94500088691711,0,3.7659510113242223
2025-10-09A,2.94500088691711,2.95455636408111,2.93640088912336,2.94500095248224,0,3.7659510113242223
2025-10-09C,2.94500095248224,2.9650673866272,2.93162332971893,2.9650673866272,1,3.7623099209320094
2025-10-10A,2.9650673866272,2.9650673866272,2.93162332971893,2.96220062645394,1,3.80600127949735
2025-10-10C,2.96220062645394,3.00137824192733,2.95360085656269,2.99660038948059,1,3.7926514893345185
2025-10-13A,2.99660038948059,3.00137824192733,2.95360085656269,2.98608962412249,1,3.810856343800124
2025-10-13C,2.98608962412249,3.00520057949123,2.95646771164711,3.00042295455933,1,3.8096422833405637
2025-10-14A,3.00042295455933,3.00520057949123,2.95646771164711,2.99946708151074,1,3.8885294994034845
2025-10-14C,2.99946708151074,3.06253327630549,2.98704493842567,3.06157779693604,1,3.887316039255553
2025-10-15A,3.06157779693604,3.06253327630549,2.98704493842567,3.06062239653418,1,3.8921705705178327
2025-10-15C,3.06062239653418,3.07208883272509,3.04533358712575,3.06444454193115,1,3.8848886801461644
2025-10-16A,3.06444454193115,3.07208883272509,3.04533358712575,3.05871125023694,1,3.9310074511364794
2025-10-16C,3.05871125023694,3.09979982639213,3.0548891047896,3.09502220153809,1,3.93100732283662
2025-10-17A,3.09502220153809,3.09979982639213,3.0548891047896,3.09502210052304,1,3.9188708502389047
2025-10-17C,3.09502210052304,3.12273282497727,3.08068877078762,3.08546662330627,1,3.918870832073995
2025-10-20A,3.08546662330627,3.12273282497727,3.08068877078762,3.08546660900439,1,3.9516392790002834
2025-10-20C,3.08546660900439,3.11317733333018,3.05775565685806,3.11126637458801,1,3.9358619670506534
2025-10-21A,3.11126637458801,3.11317733333018,3.05775565685806,3.09884433485095,1,3.941930058845628
2025-10-21C,3.09884433485095,3.10839981234216,3.08451100470384,3.10362195968628,1,3.9334346271639697
2025-10-22A,3.10362195968628,3.10839981234216,3.08451100470384,3.09693320368843,1,3.9479985107028828
2025-10-22C,3.09693320368843,3.11126653409224,3.09406653760767,3.10839986801147,1,3.941929852432676
2025-10-23A,3.10839986801147,3.11126653409224,3.09406653760767,3.10362179717001,1,3.978339558721368
2025-10-23C,3.10362179717001,3.13706608054829,3.10362179717001,3.13228845596314,1,3.947998334520813
2025-10-27A,3.13228845596314,3.13706608054829,3.10362179717001,3.10839972929705,1,3.971057719309606
2025-10-27C,3.10839972929705,3.13993282695767,3.09119973358005,3.12655520439148,1,3.966202827885965
2025-10-28A,3.12655520439148,3.13993282695767,3.09119973358005,3.12273277542664,1,3.964989267452339
2025-10-28C,3.12273277542664,3.13324395967267,3.1083996737392,3.12177729606628,1,3.9625621630170746
2025-10-29A,3.12177729606628,3.13324395967267,3.1083996737392,3.11986635028305,1,3.9431437492170813
2025-10-29C,3.11986635028305,3.11986635028305,3.0864220665061,3.10457754135132,1,3.9382890880261066
2025-10-30A,3.10457754135132,3.11986635028305,3.0864220665061,3.10075529365686,1,3.941930058845628
2025-10-30C,3.10075529365686,3.12559958069813,3.09788885544799,3.10362195968628,1,3.9407163404773717
2025-10-31A,3.10362195968628,3.12559958069813,3.09788885544799,3.10266635597836,1,3.9322208386909723
2025-10-31C,3.10266635597836,3.10362183534304,3.08164421521169,3.09597754478455,0,3.9322208386909723
2025-11-03A,3.09597754478455,3.10362183534304,3.08164421521169,3.09597755143339,0,3.9322208386909723
2025-11-03C,3.09597755143339,3.13897731242375,3.09502207206666,3.13706612586975,1,3.9322209192923294
2025-11-04A,3.13706612586975,3.13897731242375,3.09502207206666,3.13706619017229,1,3.9681534551897313
2025-11-04C,3.13706619017229,3.17911024483718,3.1341995241928,3.16573262214661,1,3.9597692236592192
2025-11-05A,3.16573262214661,3.17911024483718,3.1341995241928,3.15904380943624,1,3.9789332999095004
2025-11-05C,3.15904380943624,3.18388809603402,3.14566618675145,3.17433261871338,1,3.9705489987290306
2025-11-06A,3.17433261871338,3.18388809603402,3.14566618675145,3.16764375043733,1,3.983724175978997
2025-11-06C,3.16764375043733,3.18675470473513,3.15522160736171,3.17815470695496,1,3.983724245868331
2025-11-07A,3.17815470695496,3.18675470473513,3.15522160736171,3.17815476271161,1,3.989713144629271
2025-11-07C,3.17815476271161,3.20108786270719,3.17719928332612,3.18293261528015,1,3.986119873139343
2025-11-10A,3.18293261528015,3.20108786270719,3.17719928332612,3.18006595780222,1,4.019656792477745
2025-11-10C,3.18006595780222,3.20873238982845,3.16955477325155,3.20682120323181,1,4.017261463162625
2025-11-11A,3.20682120323181,3.20873238982845,3.16955477325155,3.20491024584589,1,4.008876947757976
2025-11-11C,3.20491024584589,3.20491024584589,3.1791102519726,3.19822120666504,1,4.00648154366891
2025-11-12A,3.19822120666504,3.20491024584589,3.1791102519726,3.1963101896256,1,4.024447668547241
2025-11-12C,3.1963101896256,3.22497662114173,3.1963101896256,3.21064329147339,1,4.014865914482253
2025-11-13A,3.21064329147339,3.22497662114173,3.1963101896256,3.2029991134537,1,4.025645761128031
2025-11-13C,3.2029991134537,3.2182879230305,3.1877103038769,3.21159911155701,1,4.019656936044414
2025-11-14A,3.21159911155701,3.2182879230305,3.1877103038769,3.20682131776712,1,4.010075040338766
2025-11-14C,3.20682131776712,3.2307101258858,3.19726584008376,3.19917702674866,1,4.010074915720904
2025-11-17A,3.19917702674866,3.2307101258858,3.19726584008376,3.19917692733042,1,3.9873175571691584
2025-11-17C,3.19917692733042,3.19917692733042,3.16382168378275,3.18102145195007,0,3.9873175571691584
2025-11-18A,3.18102145195007,3.19917692733042,3.16382168378275,3.17624361729644,0,3.9873175571691584
2025-11-18C,3.17624361729644,3.17911028331062,3.1275107506965,3.13802170753479,0,3.9873175571691584
2025-11-19A,3.13802170753479,3.17911028331062,3.1275107506965,3.13706624836686,0,3.9873175571691584
2025-11-19C,3.13706624836686,3.16095505603222,3.13611076896282,3.15331053733826,0,3.9873175571691584
2025-11-20A,3.15331053733826,3.16095505603222,3.13611076896282,3.15235505793422,0,3.9873175571691584
2025-11-20C,3.15235505793422,3.18484363587702,3.14853291249752,3.15331053733826,0,3.9873175571691584
2025-11-21A,3.15331053733826,3.18484363587702,3.14853291249752,3.14375508899863,0,3.9873175571691584
2025-11-21C,3.14375508899863,3.1533105665893,3.10553317863594,3.11031103134155,0,3.9873175571691584
2025-11-24A,3.11031103134155,3.1533105665893,3.10553317863594,3.10839974649115,0,3.9873175571691584
2025-11-24C,3.10839974649115,3.11986641036591,3.0835554599762,3.0835554599762,0,3.9873175571691584
2025-11-25A,3.0835554599762,3.11986641036591,3.0835554599762,3.08260000106292,0,3.9873175571691584
2025-11-25C,3.08260000106292,3.10171095576739,3.07686666908746,3.09884428977966,0,3.9873175571691584
2025-11-26A,3.09884428977966,3.10171095576739,3.07686666908746,3.09597750050747,0,3.9873175571691584
2025-11-26C,3.09597750050747,3.10744416400176,3.07973321243758,3.08259987831116,0,3.9873175571691584
2025-11-27A,3.08259987831116,3.10744416400176,3.07973321243758,3.08260005952204,0,3.9873175571691584
2025-11-27C,3.08260005952204,3.09502220309758,3.0654000632695,3.08642220497131,0,3.9873175571691584
2025-11-28A,3.08642220497131,3.09502220309758,3.0654000632695,3.08642220497131,0,3.9873175571691584
2025-11-28C,3.08642220497131,3.08833339160622,3.07208887476086,3.08642220497131,0,3.9873175571691584
2025-12-01A,3.08642220497131,3.08833339160622,3.07208887476086,3.08642211272963,0,3.9873175571691584
2025-12-01C,3.08642211272963,3.10075521469116,3.078777594239,3.10075521469116,0,3.9873175571691584
2025-12-02A,3.10075521469116,3.10075521469116,3.078777594239,3.09979968888866,0,3.9873175571691584
2025-12-02C,3.09979968888866,3.10553302071563,3.09215539833307,3.10457754135132,0,3.9873175571691584
2025-12-03A,3.10457754135132,3.10553302071563,3.09215539833307,3.10171097907188,0,3.9873175571691584
2025-12-03C,3.10171097907188,3.11891074730691,3.09215550164785,3.09693312644958,0,3.9873175571691584
2025-12-04A,3.09693312644958,3.11891074730691,3.09215550164785,3.09406651924688,0,3.9873175571691584
2025-12-04C,3.09406651924688,3.10362199685253,3.08068889616309,3.08451104164124,0,3.9873175571691584
2025-12-05A,3.08451104164124,3.10362199685253,3.08068889616309,3.08355535766217,0,3.9873175571691584
2025-12-05C,3.08355535766217,3.08642202353574,3.0634889243677,3.08259987831116,0,3.9873175571691584
2025-12-08A,3.08259987831116,3.08642202353574,3.0634889243677,3.08164438948916,0,3.9873175571691584
2025-12-08C,3.08164438948916,3.08355557614714,3.0510669977054,3.06731128692627,0,3.9873175571691584
2025-12-09A,3.06731128692627,3.08355557614714,3.0510669977054,3.06062235405028,0,3.9873175571691584
2025-12-09C,3.06062235405028,3.06157783343112,3.03960021292792,3.04246687889099,0,3.9873175571691584
2025-12-10A,3.04246687889099,3.06157783343112,3.03960021292792,3.04437812417438,0,3.9873175571691584
2025-12-10C,3.04437812417438,3.04915574899126,3.01953383722907,3.03004479408264,0,3.9873175571691584
2025-12-11A,3.03004479408264,3.04915574899126,3.01953383722907,3.03004477366717,0,3.9873175571691584
2025-12-11C,3.03004477366717,3.0329114396662,3.00520048688925,3.01475596427918,0,3.9873175571691584
2025-12-12A,3.01475596427918,3.0329114396662,3.00520048688925,3.01475602310216,0,3.9873175571691584
2025-12-12C,3.01475602310216,3.0185781685686,2.99564506794942,3.00233387947082,0,3.9873175571691584
2025-12-15A,3.00233387947082,3.0185781685686,2.99564506794942,3.00328924216471,0,3.9873175571691584
2025-12-15C,3.00328924216471,3.03386686034898,2.9937337649597,3.02717804908752,0,3.9873175571691584
2025-12-16A,3.02717804908752,3.03386686034898,2.9937337649597,3.02622272152507,0,3.9873175571691584
2025-12-16C,3.02622272152507,3.02622272152507,2.99564510180686,3.00042295455933,0,3.9873175571691584
2025-12-17A,3.00042295455933,3.02622272152507,2.99564510180686,2.99660041149914,0,3.9873175571691584
2025-12-17C,2.99660041149914,3.01380040704912,2.9851339756197,3.00328922271728,0,3.9873175571691584
2025-12-18A,3.00328922271728,3.01380040704912,2.9851339756197,3.00328926391847,0,3.9873175571691584
2025-12-18C,3.00328926391847,3.03864473487161,3.0004228257747,3.03386688232422,1,3.9873177361432783
2025-12-19A,3.03386688232422,3.03864473487161,3.0004228257747,3.0338670185019,1,3.986061979041481
2025-12-19C,3.0338670185019,3.04151153735675,3.01857820861278,3.03291153907776,1,3.9860617729204364
2025-12-22A,3.03291153907776,3.04151153735675,3.01857820861278,3.03291138224455,1,3.9672239202798423
2025-12-22C,3.03291138224455,3.03291138224455,3.01475590720126,3.01857805252075,0,3.9672239202798423
2025-12-23A,3.01857805252075,3.03291138224455,3.01475590720126,3.0176226859629,0,3.9672239202798423
2025-12-23C,3.0176226859629,3.03195601622256,3.01475601991096,3.01953387260437,0,3.9672239202798423
2025-12-24A,3.01953387260437,3.03195601622256,3.01475601991096,3.01953367952505,1,3.9735010174999426
2025-12-24C,3.01953367952505,3.02526678344177,3.00615582953128,3.02431130409241,1,3.973501328497346
2025-12-25A,3.02431130409241,3.02526678344177,3.00615582953128,3.02431154079877,1,3.984800463565162
2025-12-25C,3.02431154079877,3.03577820517076,3.02240058195048,3.03291153907776,1,3.9797786484436237
2025-12-26A,3.03291153907776,3.03577820517076,3.02240058195048,3.02908933488749,1,4.001121259165356
2025-12-26C,3.02908933488749,3.04533362388611,3.02622266885002,3.04533362388611,1,4.001121289799657
2025-12-29A,3.04533362388611,3.04533362388611,3.02622266885002,3.04533364720249,1,3.99861027115086
2025-12-29C,3.04533364720249,3.05775579085312,3.03100031690541,3.04342246055603,1,3.991077305581673
2025-12-30A,3.04342246055603,3.05775579085312,3.03100031690541,3.03768896940455,1,4.002376439925596
2025-12-30C,3.03768896940455,3.05202229895124,3.03004467886001,3.04628896713257,1,4.00237669409123
2025-12-31A,3.04628896713257,3.05202229895124,3.03004467886001,3.04628916058313,1,3.996099596383374
2025-12-31C,3.04628916058313,3.05202249276589,3.03386701679399,3.04151153564453,1,3.9960994926176543
2026-01-05A,3.04151153564453,3.05202249276589,3.03386701679399,3.04151145666636,1,3.9923331143616294
2026-01-05C,3.04151145666636,3.05106693411599,3.02908931319978,3.03864479064941,1,3.992333048898934
2026-01-06A,3.03864479064941,3.05106693411599,3.02908931319978,3.03864474082444,1,4.040040007154964
2026-01-06C,3.03864474082444,3.0759111706131,3.03100022229776,3.07495546340942,1,4.040040078352208
2026-01-07A,3.07495546340942,3.0759111706131,3.03100022229776,3.07495551759907,1,4.057616610009415
2026-01-07C,3.07495551759907,3.08833336830139,3.05966670809681,3.08833336830139,1,4.0551056240496015
2026-01-08A,3.08833336830139,3.08833336830139,3.05966670809681,3.08642220653517,1,4.043806489176709
2026-01-08C,3.08642220653517,3.08737768594283,3.07017791750213,3.07782220840454,1,4.043806412267383
2026-01-09A,3.07782220840454,3.08737768594283,3.07017791750213,3.07782214986731,1,4.060127284776904
2026-01-09C,3.07782214986731,3.09119977260238,3.07304452509931,3.09024429321289,1,4.058871821278049
2026-01-12A,3.09024429321289,3.09119977260238,3.07304452509931,3.0892887347684,1,4.056360802755159
2026-01-12C,3.0892887347684,3.0931108800491,3.07113325990938,3.08737754821777,1,4.052594469051107
2026-01-13A,3.08737754821777,3.0931108800491,3.07113325990938,3.08451091611022,1,4.053850127987672
2026-01-13C,3.08451091611022,3.10075520459666,3.08068877078762,3.08546662330627,1,4.052594369321058
2026-01-14A,3.08546662330627,3.10075520459666,3.08068877078762,3.08451084020368,1,4.016186247511294
2026-01-14C,3.08451084020368,3.0921553584813,3.05488892990684,3.05679988861084,0,4.016186247511294
2026-01-15A,3.05679988861084,3.0921553584813,3.05488892990684,3.05679992358645,0,4.016186247511294
2026-01-15C,3.05679992358645,3.06635562849794,3.04151134249737,3.04628896713257,0,4.016186247511294
2026-01-16A,3.04628896713257,3.06635562849794,3.04151134249737,3.04724443728585,0,4.016186247511294
2026-01-16C,3.04724443728585,3.0577556215285,3.01475586083893,3.02240037918091,0,4.016186247511294
2026-01-19A,3.02240037918091,3.0577556215285,3.01475586083893,3.02240038947087,0,4.016186247511294
2026-01-19C,3.02240038947087,3.03864467774964,3.01380039173957,3.0376889705658,0,4.016186247511294
2026-01-20A,3.0376889705658,3.03864467774964,3.01380039173957,3.03864463971892,0,4.016186247511294
2026-01-20C,3.03864463971892,3.07495536109572,3.03386678732114,3.07399988174438,1,4.021412498752119
2026-01-21A,3.07399988174438,3.07495536109572,3.03386678732114,3.07800006866455,1,3.9939757699678475
2026-01-21C,3.07800006866455,3.0789999961853,3.05200004577637,3.05699992179871,0,3.9939757699678475
2026-01-22A,3.05699992179871,3.0789999961853,3.05200004577637,3.05900001525879,1,4.017477278318441
2026-01-22C,3.05900001525879,3.07999992370606,3.0550000667572,3.07699990272522,1,4.022700112432467
2026-01-23A,3.07699990272522,3.07999992370606,3.0550000667572,3.08100008964539,1,4.007032232671654
2026-01-23C,3.08100008964539,3.08200001716614,3.05900001525879,3.06900000572205,1,4.007032232671654
2026-01-26A,3.06900000572205,3.08200001716614,3.05900001525879,3.06900000572205,1,4.055341113546658
2026-01-26C,3.06900000572205,3.10899996757507,3.06399989128113,3.10599994659424,1,4.055341113546658
2026-01-27A,3.10599994659424,3.10899996757507,3.06399989128113,3.10599994659424,1,4.022700112432468
2026-01-27C,3.10599994659424,3.11299991607666,3.07500004768372,3.08100008964539,1,4.0240056653156575
2026-01-28A,3.08100008964539,3.11299991607666,3.07500004768372,3.08200001716614,1,4.0892879788346645
2026-01-28C,3.08200001716614,3.14800000190735,3.07200002670288,3.13199996948242,1,4.091899395891671
2026-01-29A,3.13199996948242,3.14800000190735,3.07200002670288,3.1340000629425,1,4.13367988976947
2026-01-29C,3.1340000629425,3.16799998283386,3.11999988555908,3.16599988937378,1,4.13237433688628
2026-01-30A,3.16599988937378,3.16799998283386,3.11999988555908,3.16499996185303,1,4.104955858595477
2026-01-30C,3.16499996185303,3.19600009918213,3.12400007247925,3.14400005340576,1,4.09581636583188
2026-02-02A,3.14400005340576,3.19600009918213,3.12400007247925,3.13700008392334,1,3.9770023373238432
2026-02-02C,3.13700008392334,3.13800001144409,3.04200005531311,3.0460000038147,0,3.9770023373238432
2026-02-03A,3.0460000038147,3.13800001144409,3.04200005531311,3.04900002479553,0,3.9770023373238432
2026-02-03C,3.04900002479553,3.06399989128113,3.02800011634827,3.05100011825562,0,3.9770023373238432
2026-02-04A,3.05100011825562,3.06399989128113,3.02800011634827,3.05599999427795,0,3.9770023373238432
2026-02-04C,3.05599999427795,3.15300011634827,3.05599999427795,3.15000009536743,1,3.9542764514351134
2026-02-05A,3.15000009536743,3.15300011634827,3.05599999427795,3.13199996948242,1,3.959326547961584
2026-02-05C,3.13199996948242,3.14299988746643,3.11199998855591,3.13599991798401,1,3.9265004690199117
2026-02-06A,3.13599991798401,3.14299988746643,3.11199998855591,3.10999989509582,1,3.9467011561388694
2026-02-06C,3.10999989509582,3.14100003242493,3.09999990463257,3.12599992752075,1,3.9467011561388694
2026-02-09A,3.12599992752075,3.14100003242493,3.09999990463257,3.12599992752075,1,3.9694270420275988
2026-02-09C,3.12599992752075,3.14599990844727,3.125,3.14400005340576,1,3.9694270420275988
2026-02-10A,3.14400005340576,3.14599990844727,3.125,3.14400005340576,1,3.9845773316069995
2026-02-10C,3.14400005340576,3.16000008583069,3.13199996948242,3.15599989891052,1,3.980789984971971
2026-02-11A,3.15599989891052,3.16000008583069,3.13199996948242,3.15300011634827,1,4.018666160440101
2026-02-11C,3.15300011634827,3.19199991226196,3.14299988746643,3.18300008773804,1,4.021191058196787
2026-02-12A,3.18300008773804,3.19199991226196,3.14299988746643,3.18499994277954,1,4.014878512791973
2026-02-12C,3.18499994277954,3.19799995422363,3.16899991035461,3.1800000667572,1,4.002253120969259
2026-02-13A,3.1800000667572,3.19799995422363,3.16899991035461,3.17000007629394,1,3.9605892978530135
2026-02-13C,3.17000007629394,3.17499995231628,3.1340000629425,3.13700008392334,0,3.9605892978530135
2026-02-24A,3.13700008392334,3.17499995231628,3.1340000629425,3.15199995040894,1,4.008337654046817
2026-02-24C,3.15199995040894,3.19600009918213,3.15199995040894,3.19000005722046,1,4.008337654046817
2026-02-25A,3.19000005722046,3.19600009918213,3.15199995040894,3.19000005722046,1,4.013363717967061
2026-02-25C,3.19000005722046,3.23699998855591,3.18700003623962,3.19400000572205,1,4.0171333408023875
2026-02-26A,3.19400000572205,3.23699998855591,3.18700003623962,3.19700002670288,1,4.014620159051965
2026-02-26C,3.19700002670288,3.21099996566772,3.17799997329712,3.1949999332428,1,4.012107276882143
2026-02-27A,3.1949999332428,3.21099996566772,3.17799997329712,3.19300007820129,1,4.061112074160864
2026-02-27C,3.19300007820129,3.23699998855591,3.19000005722046,3.23200011253357,1,4.115142935359816
2026-03-02A,3.23200011253357,3.23699998855591,3.19000005722046,3.27500009536743,1,4.15032568238211
2026-03-02C,3.27500009536743,3.30599999427795,3.23499989509582,3.30299997329712,1,4.154095305217437
2026-03-03A,3.30299997329712,3.30599999427795,3.23499989509582,3.30599999427795,1,4.230743903428399
2026-03-03C,3.30599999427795,3.40400004386902,3.2960000038147,3.36700010299683,1,4.198074038575914
2026-03-04A,3.36700010299683,3.40400004386902,3.2960000038147,3.34100008010864,1,4.151582123467016
2026-03-04C,3.34100008010864,3.34100008010864,3.25099992752075,3.30399990081787,1,4.125195063200304
2026-03-05A,3.30399990081787,3.34100008010864,3.25099992752075,3.28299999237061,1,4.13524719104078
2026-03-05C,3.28299999237061,3.31200003623962,3.25500011444092,3.29099988937378,1,4.1239386221153875
2026-03-06A,3.29099988937378,3.31200003623962,3.25500011444092,3.28200006484985,1,4.1277082449507265
2026-03-06C,3.28200006484985,3.28999996185303,3.25300002098084,3.28500008583069,1,4.205612984665968
2026-03-09A,3.28500008583069,3.28999996185303,3.25300002098084,3.34699988365173,1,4.157864928052777
2026-03-09C,3.34699988365173,3.37299990653992,3.30800008773804,3.30900001525879,1,4.091268757262916
2026-03-10A,3.30900001525879,3.37299990653992,3.30800008773804,3.25600004196167,0,4.091268757262916
2026-03-10C,3.25600004196167,3.28299999237061,3.24000000953674,3.26999998092651,0,4.091268757262916
2026-03-11A,3.26999998092651,3.28299999237061,3.24000000953674,3.26300001144409,0,4.091268757262916
2026-03-11C,3.26300001144409,3.31699991226196,3.24000000953674,3.31299996376038,1,4.106087824264766
2026-03-12A,3.31299996376038,3.31699991226196,3.24000000953674,3.32500004768372,1,4.175242979562815
2026-03-12C,3.32500004768372,3.39199995994568,3.31299996376038,3.38100004196167,1,4.174008155454779
2026-03-13A,3.38100004196167,3.39199995994568,3.31299996376038,3.38000011444092,1,4.154249497594424
2026-03-13C,3.38000011444092,3.40799999237061,3.35800004005432,3.36400008201599,1,4.15548432170246
2026-03-16A,3.36400008201599,3.40799999237061,3.35800004005432,3.36500000953674,1,4.118436948624184
2026-03-16C,3.36500000953674,3.38100004196167,3.32999992370606,3.33500003814697,1,4.106087824264766
2026-03-17A,3.33500003814697,3.38100004196167,3.32999992370606,3.32500004768372,0,4.106087824264766
2026-03-17C,3.32500004768372,3.34899997711182,3.30800008773804,3.30900001525879,0,4.106087824264766
2026-03-18A,3.30900001525879,3.34899997711182,3.30800008773804,3.30800008773804,0,4.106087824264766
2026-03-18C,3.30800008773804,3.31900000572205,3.26099991798401,3.2960000038147,0,4.106087824264766
2026-03-19A,3.2960000038147,3.31900000572205,3.26099991798401,3.30599999427795,0,4.106087824264766
2026-03-19C,3.30599999427795,3.3289999961853,3.2960000038147,3.3050000667572,0,4.106087824264766
2026-03-20A,3.3050000667572,3.3289999961853,3.2960000038147,3.27500009536743,0,4.106087824264766
2026-03-20C,3.27500009536743,3.3289999961853,3.27300000190735,3.2960000038147,0,4.106087824264766
2026-03-23A,3.2960000038147,3.3289999961853,3.27300000190735,3.3050000667572,0,4.106087824264766
2026-03-23C,3.3050000667572,3.30599999427795,3.2260000705719,3.23399996757507,0,4.106087824264766
2026-03-24A,3.23399996757507,3.30599999427795,3.2260000705719,3.23000001907349,0,4.106087824264766
2026-03-24C,3.23000001907349,3.26999998092651,3.22699999809265,3.26900005340576,0,4.106087824264766
2026-03-25A,3.26900005340576,3.26999998092651,3.22699999809265,3.25,0,4.106087824264766
2026-03-25C,3.25,3.25699996948242,3.21000003814697,3.25600004196167,0,4.106087824264766
2026-03-26A,3.25600004196167,3.25699996948242,3.21000003814697,3.25099992752075,0,4.106087824264766
2026-03-26C,3.25099992752075,3.28800010681152,3.24799990653992,3.26799988746643,0,4.106087824264766
2026-03-27A,3.26799988746643,3.28800010681152,3.24799990653992,3.26699995994568,0,4.106087824264766
2026-03-27C,3.26699995994568,3.28299999237061,3.24300003051758,3.26699995994568,0,4.106087824264766
2026-03-30A,3.26699995994568,3.28299999237061,3.24300003051758,3.26200008392334,0,4.106087824264766
2026-03-30C,3.26200008392334,3.30399990081787,3.26200008392334,3.29900002479553,1,4.09861989487443
2026-03-31A,3.29900002479553,3.30399990081787,3.26200008392334,3.29299998283386,1,4.046344685888854
2026-03-31C,3.29299998283386,3.31399989128113,3.24799990653992,3.25099992752075,0,4.046344685888854
2026-04-01A,3.25099992752075,3.31399989128113,3.24799990653992,3.24799990653992,0,4.046344685888854
2026-04-01C,3.24799990653992,3.26900005340576,3.23600006103516,3.2409999370575,0,4.046344685888854
2026-04-02A,3.2409999370575,3.26900005340576,3.23600006103516,3.24000000953674,0,4.046344685888854
2026-04-02C,3.24000000953674,3.26999998092651,3.23799991607666,3.25799989700317,0,4.046344685888854
2026-04-03A,3.25799989700317,3.26999998092651,3.23799991607666,3.25600004196167,0,4.046344685888854
2026-04-03C,3.25600004196167,3.2590000629425,3.2039999961853,3.21600008010864,0,4.046344685888854
2026-04-07A,3.21600008010864,3.2590000629425,3.2039999961853,3.21700000762939,0,4.046344685888854
2026-04-07C,3.21700000762939,3.23200011253357,3.19600009918213,3.2279999256134,0,4.046344685888854
2026-04-08A,3.2279999256134,3.23200011253357,3.19600009918213,3.21000003814697,0,4.046344685888854
2026-04-08C,3.21000003814697,3.2279999256134,3.18600010871887,3.22699999809265,0,4.046344685888854
2026-04-09A,3.22699999809265,3.2279999256134,3.18600010871887,3.22199988365173,0,4.046344685888854
2026-04-09C,3.22199988365173,3.23200011253357,3.20199990272522,3.21199989318848,0,4.046344685888854
2026-04-10A,3.21199989318848,3.23200011253357,3.20199990272522,3.21099996566772,0,4.046344685888854
2026-04-10C,3.21099996566772,3.23099994659424,3.20499992370606,3.21799993515015,0,4.046344685888854
2026-04-13A,3.21799993515015,3.23099994659424,3.20499992370606,3.22499990463257,0,4.046344685888854
2026-04-13C,3.22499990463257,3.23300004005432,3.20199990272522,3.22300004959106,0,4.046344685888854
2026-04-14A,3.22300004959106,3.23300004005432,3.20199990272522,3.21600008010864,0,4.046344685888854
2026-04-14C,3.21600008010864,3.22399997711182,3.20499992370606,3.22300004959106,0,4.046344685888854
2026-04-15A,3.22300004959106,3.22399997711182,3.20499992370606,3.22099995613098,0,4.046344685888854
2026-04-15C,3.22099995613098,3.24200010299683,3.20600008964539,3.24000000953674,1,4.033855979669468
2026-04-16A,3.24000000953674,3.24200010299683,3.20600008964539,3.23000001907349,1,4.051340108825767
2026-04-16C,3.23000001907349,3.25099992752075,3.23000001907349,3.24399995803833,1,4.046344685888854
2026-04-17A,3.24399995803833,3.25099992752075,3.23000001907349,3.24000000953674,1,4.018869413104498
2026-04-17C,3.24000000953674,3.24399995803833,3.21600008010864,3.21799993515015,0,4.018869413104498
2026-04-20A,3.21799993515015,3.24399995803833,3.21600008010864,3.21900010108948,0,4.018869413104498
2026-04-20C,3.21900010108948,3.23499989509582,3.21199989318848,3.22499990463257,0,4.018869413104498
2026-04-21A,3.22499990463257,3.23499989509582,3.21199989318848,3.22399997711182,0,4.018869413104498
2026-04-21C,3.22399997711182,3.27300000190735,3.22199988365173,3.26500010490418,1,4.022561827805276
2026-04-22A,3.26500010490418,3.27300000190735,3.22199988365173,3.26799988746643,1,4.023792926173563
2026-04-22C,3.26799988746643,3.28099989891052,3.2590000629425,3.26900005340576,1,4.023792926173563
2026-04-23A,3.26900005340576,3.28099989891052,3.2590000629425,3.26900005340576,1,4.053334298056027
2026-04-23C,3.26900005340576,3.29399991035461,3.25300002098084,3.29299998283386,1,4.0336399523117175
2026-04-24A,3.29299998283386,3.29399991035461,3.25300002098084,3.27699995040894,1,4.037332660480523
2026-04-24C,3.27699995040894,3.29200005531311,3.26600003242493,3.27999997138977,1,4.025023731073824
2026-04-27A,3.27999997138977,3.29200005531311,3.26600003242493,3.26999998092651,1,4.031178342511187
2026-04-27C,3.26999998092651,3.29299998283386,3.26399993896484,3.27500009536743,1,4.025023731073825
2026-04-28A,3.27500009536743,3.29299998283386,3.26399993896484,3.26999998092651,1,4.092722989544673
2026-04-28C,3.26999998092651,3.32599997520447,3.26500010490418,3.32500004768372,1,4.080414060137974
2026-04-29A,3.32500004768372,3.32599997520447,3.26500010490418,3.31500005722046,1,4.1198024581585795
2026-04-29C,3.31500005722046,3.35999989509582,3.31299996376038,3.34699988365173,1,4.111186236920698
2026-04-30A,3.34699988365173,3.35999989509582,3.31299996376038,3.33999991416931,1,4.112417335288984
2026-04-30C,3.33999991416931,3.35700011253357,3.32399988174438,3.34100008010864,1,4.1050319189513615
2026-05-06A,3.34100008010864,3.35700011253357,3.32399988174438,3.33500003814697,1,4.112417335288985
2026-05-06C,3.33500003814697,3.34200000762939,3.29999995231628,3.34100008010864,1,4.095184599345194
2026-05-07A,3.34100008010864,3.34200000762939,3.29999995231628,3.32699990272522,1,4.0274856343423835
2026-05-07C,3.32699990272522,3.32699990272522,3.26799988746643,3.2720000743866,0,4.0274856343423835
2026-05-08A,3.2720000743866,3.32699990272522,3.26799988746643,3.27300000190735,0,4.0274856343423835
2026-05-08C,3.27300000190735,3.29200005531311,3.25,3.26099991798401,0,4.0274856343423835
2026-05-11A,3.26099991798401,3.29200005531311,3.25,3.26099991798401,0,4.0274856343423835
2026-05-11C,3.26099991798401,3.27600002288818,3.25300002098084,3.26300001144409,0,4.0274856343423835
2026-05-12A,3.26300001144409,3.27600002288818,3.25300002098084,3.25999999046326,0,4.0274856343423835
2026-05-12C,3.25999999046326,3.28399991989136,3.25500011444092,3.25699996948242,0,4.0274856343423835
2026-05-13A,3.25699996948242,3.28399991989136,3.25500011444092,3.25799989700317,0,4.0274856343423835
2026-05-13C,3.25799989700317,3.27099990844727,3.23000001907349,3.24399995803833,0,4.0274856343423835
2026-05-14A,3.24399995803833,3.27099990844727,3.23000001907349,3.24399995803833,0,4.0274856343423835
2026-05-14C,3.24399995803833,3.24600005149841,3.22199988365173,3.22300004959106,0,4.0274856343423835
2026-05-15A,3.22300004959106,3.24600005149841,3.22199988365173,3.22399997711182,0,4.0274856343423835
2026-05-15C,3.22399997711182,3.24399995803833,3.21000003814697,3.22300004959106,0,4.0274856343423835
2026-05-18A,3.22300004959106,3.24399995803833,3.21000003814697,3.22000002861023,0,4.0274856343423835
2026-05-18C,3.22000002861023,3.23399996757507,3.20000004768372,3.21700000762939,0,4.0274856343423835
2026-05-19A,3.21700000762939,3.23399996757507,3.20000004768372,3.21700000762939,0,4.0274856343423835
2026-05-19C,3.21700000762939,3.2279999256134,3.20799994468689,3.22199988365173,0,4.0274856343423835
2026-05-20A,3.22199988365173,3.2279999256134,3.20799994468689,3.22199988365173,0,4.0274856343423835
2026-05-20C,3.22199988365173,3.23000001907349,3.20799994468689,3.21499991416931,0,4.0274856343423835
2026-05-21A,3.21499991416931,3.23000001907349,3.20799994468689,3.20499992370606,0,4.0274856343423835
2026-05-21C,3.20499992370606,3.21499991416931,3.16700005531311,3.17199993133545,0,4.0274856343423835
2026-05-22A,3.17199993133545,3.21499991416931,3.16700005531311,3.17300009727478,0,4.0274856343423835
2026-05-22C,3.17300009727478,3.17499995231628,3.13800001144409,3.15599989891052,0,4.0274856343423835
2026-05-25A,3.15599989891052,3.17499995231628,3.13800001144409,3.17799997329712,0,4.0274856343423835
2026-05-25C,3.17799997329712,3.21900010108948,3.17799997329712,3.18499994277954,0,4.0274856343423835
2026-05-26A,3.18499994277954,3.21900010108948,3.17799997329712,3.17799997329712,0,4.0274856343423835
2026-05-26C,3.17799997329712,3.19199991226196,3.16300010681152,3.18600010871887,0,4.0274856343423835
2026-05-27A,3.18600010871887,3.19199991226196,3.16300010681152,3.1800000667572,0,4.0274856343423835
2026-05-27C,3.1800000667572,3.18300008773804,3.14299988746643,3.17000007629394,0,4.0274856343423835
2026-05-28A,3.17000007629394,3.18300008773804,3.14299988746643,3.16300010681152,0,4.0274856343423835
2026-05-28C,3.16300010681152,3.19300007820129,3.15700006484985,3.17000007629394,0,4.0274856343423835
2026-05-29A,3.17000007629394,3.19300007820129,3.15700006484985,3.16499996185303,0,4.0274856343423835
2026-05-29C,3.16499996185303,3.21199989318848,3.16199994087219,3.20600008964539,1,4.035022790269707
2026-06-01A,3.20600008964539,3.21199989318848,3.16199994087219,3.21199989318848,1,4.1543650359937665
2026-06-01C,3.21199989318848,3.31500005722046,3.20600008964539,3.30699992179871,1,4.1543650359937665
2026-06-02A,3.30699992179871,3.31500005722046,3.20600008964539,3.30699992179871,1,4.155621478239548
2026-06-02C,3.30699992179871,3.36500000953674,3.29399991035461,3.30800008773804,1,4.13300911192915
2026-06-03A,3.30800008773804,3.36500000953674,3.29399991035461,3.28999996185303,1,4.175720960058371
2026-06-03C,3.28999996185303,3.33899998664856,3.26399993896484,3.32399988174438,1,4.168183804131047
2026-06-04A,3.32399988174438,3.33899998664856,3.26399993896484,3.31800007820129,1,4.179489687776777
2026-06-04C,3.31800007820129,3.35400009155273,3.29200005531311,3.32699990272522,1,4.163158634166872
2026-06-05A,3.32699990272522,3.35400009155273,3.29200005531311,3.31399989128113,1,4.171952531849453
2026-06-05C,3.31399989128113,3.35500001907349,3.31100010871887,3.32100009918213,1,4.156877620975854
2026-06-08A,3.32100009918213,3.35500001907349,3.31100010871887,3.30900001525879,1,4.15059630827536
2026-06-08C,3.30900001525879,3.33800005912781,3.27800011634827,3.30399990081787,1,4.120446786037638
2026-06-09A,3.30399990081787,3.33800005912781,3.27800011634827,3.27999997138977,1,4.134265254665456
2026-06-09C,3.27999997138977,3.29999995231628,3.26600003242493,3.29099988937378,1,4.112909330600838
2026-06-10A,3.29099988937378,3.29999995231628,3.26600003242493,3.2739999294281,0,4.112909330600838
2026-06-10C,3.2739999294281,3.28600001335144,3.25099992752075,3.26099991798401,0,4.112909330600838
2026-06-11A,3.26099991798401,3.28600001335144,3.25099992752075,3.26799988746643,0,4.112909330600838
2026-06-11C,3.26799988746643,3.28299999237061,3.24799990653992,3.25999999046326,0,4.112909330600838
2026-06-12A,3.25999999046326,3.28299999237061,3.24799990653992,3.24600005149841,0,4.112909330600838
2026-06-12C,3.24600005149841,3.30900001525879,3.23799991607666,3.30299997329712,1,4.097966776094236
2026-06-15A,3.30299997329712,3.30900001525879,3.23799991607666,3.29099988937378,1,4.045668429080747
2026-06-15C,3.29099988937378,3.29500007629394,3.23900008201599,3.24900007247925,0,4.045668429080747
2026-06-16A,3.24900007247925,3.29500007629394,3.23900008201599,3.23900008201599,0,4.045668429080747
2026-06-16C,3.23900008201599,3.23900008201599,3.19000005722046,3.19600009918213,0,4.045668429080747
2026-06-17A,3.19600009918213,3.23900008201599,3.19000005722046,3.19799995422363,0,4.045668429080747
2026-06-17C,3.19799995422363,3.19799995422363,3.15000009536743,3.16000008583069,0,4.045668429080747
2026-06-18A,3.16000008583069,3.19799995422363,3.15000009536743,3.16000008583069,0,4.045668429080747
2026-06-18C,3.16000008583069,3.16100001335144,3.09100008010864,3.09800004959106,0,4.045668429080747
2026-06-22A,3.09800004959106,3.16100001335144,3.09100008010864,3.09899997711182,0,4.045668429080747
2026-06-22C,3.09899997711182,3.12700009346008,3.05800008773804,3.125,0,4.045668429080747
2026-06-23A,3.125,3.12700009346008,3.05800008773804,3.11999988555908,0,4.045668429080747
2026-06-23C,3.11999988555908,3.15700006484985,3.09999990463257,3.10400009155273,0,4.045668429080747
2026-06-24A,3.10400009155273,3.15700006484985,3.09999990463257,3.10500001907349,0,4.045668429080747
2026-06-24C,3.10500001907349,3.10700011253357,3.04699993133545,3.04800009727478,0,4.045668429080747
2026-06-25A,3.04800009727478,3.10700011253357,3.04699993133545,3.04200005531311,0,4.045668429080747
2026-06-25C,3.04200005531311,3.04900002479553,3.0,3.00600004196167,0,4.045668429080747
2026-06-26A,3.00600004196167,3.04900002479553,3.0,3.00600004196167,0,4.045668429080747
2026-06-26C,3.00600004196167,3.01300001144409,2.94899988174438,2.9539999961853,0,4.045668429080747
2026-06-29A,2.9539999961853,3.01300001144409,2.94899988174438,2.9539999961853,0,4.045668429080747
2026-06-29C,2.9539999961853,2.98000001907349,2.89599990844727,2.97199988365173,0,4.045668429080747
2026-06-30A,2.97199988365173,2.98000001907349,2.89599990844727,2.97000002861023,0,4.045668429080747
2026-06-30C,2.97000002861023,2.97000002861023,2.90100002288818,2.91599988937378,0,4.045668429080747
2026-07-01A,2.91599988937378,2.97000002861023,2.90100002288818,2.90199995040894,0,4.045668429080747
2026-07-01C,2.90199995040894,2.97699999809265,2.90199995040894,2.96300005912781,0,4.045668429080747
2026-07-02A,2.96300005912781,2.97699999809265,2.90199995040894,2.96799993515015,0,4.045668429080747
2026-07-02C,2.96799993515015,3.0239999294281,2.96300005912781,2.99300003051758,0,4.045668429080747
2026-07-03A,2.99300003051758,3.0239999294281,2.96300005912781,3.0,0,4.045668429080747
2026-07-03C,3.0,3.04299998283386,3.0,3.0239999294281,1,4.037641252855885
2026-07-06A,3.0239999294281,3.04299998283386,3.0,3.01799988746643,1,4.132628973234923
2026-07-06C,3.01799988746643,3.09100008010864,3.00699996948242,3.08899998664856,1,4.133966729616033
2026-07-07A,3.08899998664856,3.09100008010864,3.00699996948242,3.08999991416931,1,4.072425470517551
2026-07-07C,3.08999991416931,3.09400010108948,3.0239999294281,3.04399991035461,1,4.073763545867757
2026-07-08A,3.04399991035461,3.09400010108948,3.0239999294281,3.04500007629394,1,4.120588208897639
2026-07-08C,3.04500007629394,3.1029999256134,3.03099989891052,3.07999992370606,1,4.103196100066793
2026-07-09A,3.07999992370606,3.1029999256134,3.03099989891052,3.06699991226196,1,4.067074126024019
2026-07-09C,3.06699991226196,3.06699991226196,3.02999997138977,3.03999996185303,1,4.0470065044309536
2026-07-10A,3.03999996185303,3.06699991226196,3.02999997138977,3.02500009536743,1,4.073763545867757
2026-07-10C,3.02500009536743,3.05699992179871,3.00799989700317,3.04500007629394,1,4.0657363696429085
2026-07-13A,3.04500007629394,3.05699992179871,3.00799989700317,3.03900003433228,1,4.1018583436856835
2026-07-13C,3.03900003433228,3.07699990272522,3.02699995040894,3.06599998474121,1,4.10720968817923
2026-07-14A,3.06599998474121,3.07699990272522,3.02699995040894,3.0699999332428,1,4.19818382044583
2026-07-14C,3.0699999332428,3.14800000190735,3.06500005722046,3.13800001144409,1,4.178115879883682
2026-07-15A,3.13800001144409,3.14800000190735,3.06500005722046,3.12299990653992,1,4.261062835925421
2026-07-15C,3.12299990653992,3.19000005722046,3.11199998855591,3.18499994277954,1,4.25169790331945
2026-07-16A,3.18499994277954,3.19000005722046,3.11199998855591,3.17799997329712,1,4.208886509432924
2026-07-16C,3.17799997329712,3.20700001716614,3.13899993896484,3.14599990844727,1,4.210224584783128
2026-07-17A,3.14599990844727,3.20700001716614,3.13899993896484,3.1470000743866,1,4.194170232333405
2026-07-17C,3.1470000743866,3.17499995231628,3.13299989700317,3.13499999046326,1,4.200859652177157
2026-07-20A,3.13499999046326,3.17499995231628,3.13299989700317,3.14000010490418,1,4.337320691092517
2026-07-20C,3.14000010490418,3.24799990653992,3.13899993896484,3.24200010299683,1,4.331969027629874
2026-07-21A,3.24200010299683,3.24799990653992,3.13899993896484,3.23799991607666,1,4.287819877362239
2026-07-21C,3.23799991607666,3.27900004386902,3.20000004768372,3.20499992370606,1,4.282468532868691
2026-07-22A,3.20499992370606,3.27900004386902,3.20000004768372,3.20099997520447,1,4.352036968192035
2026-07-22C,3.20099997520447,3.25699996948242,3.18099999427795,3.25300002098084,1,4.329293514867656
2026-07-23A,3.25300002098084,3.25699996948242,3.18099999427795,3.23600006103516,1,4.388158942234811
2026-07-23C,3.23600006103516,3.28699994087219,3.23300004005432,3.27999997138977,1,4.386821185853702
2026-07-24A,3.27999997138977,3.28699994087219,3.23300004005432,3.27900004386902,1,4.311901406036811
2026-07-24C,3.27900004386902,3.2960000038147,3.22300004959106,3.22300004959106,1,4.30253647343084
2026-07-27A,3.22300004959106,3.2960000038147,3.22300004959106,3.21600008010864,1,4.32394217037411
2026-07-27C,3.21600008010864,3.24200010299683,3.20000004768372,3.23200011253357,1,4.306550061543279
2026-07-28A,3.23200011253357,3.24200010299683,3.20000004768372,3.21900010108948,1,4.323942170374111
2026-07-28C,3.21900010108948,3.23499989509582,3.18899989128113,3.23200011253357,1,4.321266338642797
2026-07-29A,3.23200011253357,3.23499989509582,3.18899989128113,3.23000001907349,1,4.378794009628842
2026-07-29C,3.23000001907349,3.28600001335144,3.22099995613098,3.27300000190735,1,4.380131766009952
2026-07-30A,3.27300000190735,3.28600001335144,3.22099995613098,3.2739999294281,1,4.43097033612134
2026-07-30C,3.2739999294281,3.31299996376038,3.2739999294281,3.31200003623962,1,4.389496698615923
2026-07-31A,3.31200003623962,3.31299996376038,3.2739999294281,3.28099989891052,1,4.420267328165164
2026-07-31C,3.28099989891052,3.30900001525879,3.24799990653992,3.30399990081787,1,4.402875219334332
2026-08-03A,3.30399990081787,3.30900001525879,3.24799990653992,3.29099988937378,1,4.394848362078565
2026-08-03C,3.29099988937378,3.32500004768372,3.28099989891052,3.28500008583069,1,4.3881589422348135
2026-08-04A,3.28500008583069,3.32500004768372,3.28099989891052,3.27999997138977,1,4.330631271248769
2026-08-04C,3.27999997138977,3.28399991989136,3.22199988365173,3.23699998855591,0,4.330631271248769
2026-08-05A,3.23699998855591,3.28399991989136,3.22199988365173,3.2279999256134,0,4.330631271248769
2026-08-05C,3.2279999256134,3.23799991607666,3.20499992370606,3.2279999256134,0,4.330631271248769
2026-08-06A,3.2279999256134,3.23799991607666,3.20499992370606,3.22699999809265,0,4.330631271248769
2026-08-06C,3.22699999809265,3.29900002479553,3.22499990463257,3.28800010681152,1,4.316142944071725
2026-08-07A,3.28800010681152,3.29900002479553,3.22499990463257,3.27699995040894,1,4.322728604428843
2026-08-07C,3.27699995040894,3.29299998283386,3.25600004196167,3.28200006484985,1,4.314825937608917
2026-08-10A,3.28200006484985,3.29299998283386,3.25600004196167,3.27600002288818,1,4.371461297789637
2026-08-10C,3.27600002288818,3.33200001716614,3.2739999294281,3.31900000572205,1,4.38726663142949
2026-08-11A,3.31900000572205,3.33200001716614,3.2739999294281,3.33100008964539,1,4.358290291096947
2026-08-11C,3.33100008964539,3.34800004959106,3.30200004577637,3.30900001525879,1,4.34775361135143
2026-08-12A,3.30900001525879,3.34800004959106,3.30200004577637,3.30100011825562,1,4.350387624277021
2026-08-12C,3.30100011825562,3.31900000572205,3.28999996185303,3.30299997329712,1,4.333265284174373
2026-08-13A,3.30299997329712,3.31900000572205,3.28999996185303,3.28999996185303,0,4.333265284174373
2026-08-13C,3.28999996185303,3.29699993133545,3.26999998092651,3.27300000190735,0,4.333265284174373
2026-08-14A,3.27300000190735,3.29699993133545,3.26999998092651,3.26900005340576,0,4.333265284174373
2026-08-14C,3.26900005340576,3.30200004577637,3.25500011444092,3.2960000038147,1,4.325377003377649
2026-08-17A,3.2960000038147,3.30200004577637,3.25500011444092,3.28999996185303,0,4.325377003377649
2026-08-17C,3.28999996185303,3.30900001525879,3.27800011634827,3.30399990081787,1,4.321449887488003
2026-08-18A,3.30399990081787,3.30900001525879,3.27800011634827,3.30100011825562,1,4.372505827392765
2026-08-18C,3.30100011825562,3.34299993515015,3.30100011825562,3.33999991416931,1,4.385597150056871
2026-08-19A,3.33999991416931,3.34299993515015,3.30100011825562,3.34999990463257,1,4.398688472720963
2026-08-19C,3.34999990463257,3.375,3.34999990463257,3.35999989509582,1,4.372505827392764
2026-08-20A,3.35999989509582,3.375,3.34999990463257,3.33999991416931,1,4.427489507430693
2026-08-20C,3.33999991416931,3.3970000743866,3.33999991416931,3.38199996948242,1,4.422253040789411
2026-08-21A,3.38199996948242,3.3970000743866,3.33999991416931,3.37800002098084,1,4.434035324823622
2026-08-21C,3.37800002098084,3.3970000743866,3.37199997901916,3.38700008392334,1,4.435344363453504
2026-08-24A,3.38700008392334,3.3970000743866,3.37199997901916,3.38800001144409,1,4.503419366155537
2026-08-24C,3.38800001144409,3.44700002670288,3.38800001144409,3.44000005722046,1,4.503419366155537
2026-08-25A,3.44000005722046,3.44700002670288,3.38800001144409,3.44000005722046,1,4.462836047411597
2026-08-25C,3.44000005722046,3.4539999961853,3.40199995040894,3.40899991989136,1,4.420944002159516
2026-08-26A,3.40899991989136,3.4539999961853,3.40199995040894,3.37700009346008,1,4.503419366155537
2026-08-26C,3.37700009346008,3.44300007820129,3.37700009346008,3.44000005722046,1,4.496873548762608
2026-08-27A,3.44000005722046,3.44300007820129,3.37700009346008,3.43499994277954,1,4.5217471554609245
2026-08-27C,3.43499994277954,3.46300005912781,3.41300010681152,3.4539999961853,1,4.516510688819643
2026-08-28A,3.4539999961853,3.46300005912781,3.41300010681152,3.45000004768372,1,4.530911050113618
2026-08-28C,3.45000004768372,3.47499990463257,3.42499995231628,3.46099996566772,1,4.537456867506547
2026-08-31A,3.46099996566772,3.47499990463257,3.42499995231628,3.46600008010864,1,4.5675669408461586
2026-08-31C,3.46600008010864,3.49399995803833,3.45199990272522,3.48900008201599,1,4.558403046193464
2026-09-01A,3.48900008201599,3.49399995803833,3.45199990272522,3.48200011253357,1,4.558403046193464
2026-09-01C,3.48200011253357,3.53500008583069,3.4760000705719,3.48200011253357,1,4.583276340770029
2026-09-02A,3.48200011253357,3.53500008583069,3.4760000705719,3.50099992752075,1,4.487709654109914
2026-09-02C,3.50099992752075,3.50699996948242,3.42700004577637,3.42799997329712,0,4.487709654109914
2026-09-03A,3.42799997329712,3.50699996948242,3.42700004577637,3.42600011825562,0,4.487709654109914
2026-09-03C,3.42600011825562,3.48300004005432,3.42600011825562,3.43600010871887,0,4.487709654109914
2026-09-04A,3.43600010871887,3.48300004005432,3.42600011825562,3.43499994277954,0,4.487709654109914
2026-09-04C,3.43499994277954,3.45600008964539,3.42300009727478,3.43799996376038,0,4.487709654109914
2026-09-07A,3.43799996376038,3.45600008964539,3.42300009727478,3.44199991226196,0,4.487709654109914
2026-09-07C,3.44199991226196,3.44199991226196,3.36999988555908,3.39000010490418,0,4.487709654109914
2026-09-08A,3.39000010490418,3.44199991226196,3.36999988555908,3.38800001144409,0,4.487709654109914
2026-09-08C,3.38800001144409,3.44899988174438,3.38800001144409,3.44600009918213,1,4.487709654109914
2026-09-09A,3.44600009918213,3.44899988174438,3.38800001144409,3.44600009918213,1,4.555428757642963
2026-09-09C,3.44600009918213,3.50099992752075,3.4300000667572,3.49799990653992,1,4.552824355867485
2026-09-10A,3.49799990653992,3.50099992752075,3.4300000667572,3.49600005149841,1,4.5228715620098585
2026-09-10C,3.49600005149841,3.50200009346008,3.47000002861023,3.47300004959106,1,4.5228715620098585
2026-09-11A,3.47300004959106,3.50200009346008,3.47000002861023,3.47300004959106,1,4.452547435718564
2026-09-11C,3.47300004959106,3.48000001907349,3.40899991989136,3.41899991035461,0,4.452547435718564
2026-09-14A,3.41899991035461,3.48000001907349,3.40899991989136,3.41000008583069,0,4.452547435718564
2026-09-14C,3.41000008583069,3.43899989128113,3.39499998092651,3.40400004386902,0,4.452547435718564
2026-09-15A,3.40400004386902,3.43899989128113,3.39499998092651,3.40400004386902,0,4.452547435718564
2026-09-15C,3.40400004386902,3.40899991989136,3.37899994850159,3.38199996948242,0,4.452547435718564
2026-09-16A,3.38199996948242,3.40899991989136,3.37899994850159,3.38499999046326,0,4.452547435718564
2026-09-16C,3.38499999046326,3.39299988746643,3.34299993515015,3.36700010299683,0,4.452547435718564
2026-09-17A,3.36700010299683,3.39299988746643,3.34299993515015,3.35800004005432,0,4.452547435718564
2026-09-17C,3.35800004005432,3.35999989509582,3.32999992370606,3.34699988365173,0,4.452547435718564
2026-09-18A,3.34699988365173,3.35999989509582,3.32999992370606,3.33299994468689,0,4.452547435718564
2026-09-18C,3.33299994468689,3.36100006103516,3.32599997520447,3.33899998664856,0,4.452547435718564
2026-09-21A,3.33899998664856,3.36100006103516,3.32599997520447,3.32999992370606,0,4.452547435718564
2026-09-21C,3.32999992370606,3.38899993896484,3.31900000572205,3.38499999046326,0,4.452547435718564
2026-09-22A,3.38499999046326,3.38899993896484,3.31900000572205,3.375,0,4.452547435718564
2026-09-22C,3.375,3.38899993896484,3.34899997711182,3.38000011444092,0,4.452547435718564
2026-09-23A,3.38000011444092,3.38899993896484,3.34899997711182,3.38100004196167,0,4.452547435718564
2026-09-23C,3.38100004196167,3.38299989700317,3.34999990463257,3.34999990463257,0,4.452547435718564
2026-09-24A,3.34999990463257,3.38299989700317,3.34999990463257,3.3529999256134,0,4.452547435718564
2026-09-24C,3.3529999256134,3.37299990653992,3.34800004959106,3.35700011253357,0,4.452547435718564
2026-09-28A,3.35700011253357,3.37299990653992,3.34800004959106,3.34999990463257,0,4.452547435718564
2026-09-28C,3.34999990463257,3.35500001907349,3.32500004768372,3.34200000762939,0,4.452547435718564
2026-09-29A,3.34200000762939,3.35500001907349,3.32500004768372,3.33800005912781,0,4.452547435718564
2026-09-29C,3.33800005912781,3.34699988365173,3.30100011825562,3.32500004768372,0,4.452547435718564
2026-09-30A,3.32500004768372,3.34699988365173,3.30100011825562,3.32500004768372,0,4.452547435718564
2026-09-30C,3.32500004768372,3.37199997901916,3.32399988174438,3.36800003051758,1,4.452547435718564
